city_key,city_name,country,country_code,date,day_of_week,is_weekend,sessions_count,total_energy_kwh,total_revenue_eur,temp_avg_c,precipitation_mm,congestion_index,price_eur_per_mwh
stockholm,Stockholm,Sweden,SE,2024-01-04,4,false,6,121.14,44.52,-8.4,2.7,60.5,29.79
stockholm,Stockholm,Sweden,SE,2024-01-20,6,true,5,111.75,41.90,-11.3,0.8,37.2,56.57
stockholm,Stockholm,Sweden,SE,2024-01-24,3,false,19,388.49,146.25,0.3,4.2,74.0,28.87
stockholm,Stockholm,Sweden,SE,2024-02-06,2,false,8,152.88,57.01,-4.4,0.4,55.5,22.31
stockholm,Stockholm,Sweden,SE,2024-02-13,2,false,8,104.51,40.56,-0.9,9.3,67.8,30.93
stockholm,Stockholm,Sweden,SE,2024-03-03,7,true,12,207.95,80.21,2.5,0.1,21.2,24.54
stockholm,Stockholm,Sweden,SE,2024-03-14,4,false,5,96.06,37.77,6.3,0.7,73.7,41.64
stockholm,Stockholm,Sweden,SE,2024-03-25,1,false,10,165.30,61.71,0.2,0.0,54.5,40.10
stockholm,Stockholm,Sweden,SE,2024-04-05,5,false,9,118.22,44.40,1.0,7.5,65.3,41.27
stockholm,Stockholm,Sweden,SE,2024-04-21,7,true,2,56.25,21.67,-0.5,0.4,24.4,36.32
stockholm,Stockholm,Sweden,SE,2024-04-26,5,false,4,56.67,21.10,2.1,8.6,73.9,47.29
stockholm,Stockholm,Sweden,SE,2024-05-05,7,true,3,48.01,18.00,7.5,6.0,43.7,44.76
stockholm,Stockholm,Sweden,SE,2024-05-24,5,false,7,75.31,28.84,16.7,7.5,54.6,41.67
stockholm,Stockholm,Sweden,SE,2024-06-19,3,false,4,51.68,19.27,14.8,4.3,67.0,61.87
stockholm,Stockholm,Sweden,SE,2024-07-04,4,false,6,129.26,43.75,15.2,6.3,67.6,71.55
stockholm,Stockholm,Sweden,SE,2024-07-19,5,false,9,124.88,49.71,19.4,0.1,53.7,69.06
stockholm,Stockholm,Sweden,SE,2024-08-03,6,true,5,80.49,29.99,17.9,1.4,32.3,50.93
stockholm,Stockholm,Sweden,SE,2024-08-27,2,false,5,74.34,27.40,16.6,0.6,58.6,61.96
stockholm,Stockholm,Sweden,SE,2024-09-22,7,true,6,86.69,34.85,12.3,0.0,37.2,40.86
stockholm,Stockholm,Sweden,SE,2024-10-07,1,false,11,186.84,69.71,8.2,0.0,58.3,38.45
stockholm,Stockholm,Sweden,SE,2024-10-16,3,false,3,25.87,9.65,6.0,0.0,61.0,50.76
stockholm,Stockholm,Sweden,SE,2024-11-07,4,false,16,252.43,95.08,4.9,0.0,63.4,41.59
stockholm,Stockholm,Sweden,SE,2024-12-13,5,false,8,140.93,53.04,-2.4,0.6,60.6,33.77
stockholm,Stockholm,Sweden,SE,2024-12-17,2,false,10,253.91,95.55,0.9,0.1,58.6,33.49
stockholm,Stockholm,Sweden,SE,2024-12-24,2,false,17,279.58,105.99,0.4,0.1,58.3,35.07
stockholm,Stockholm,Sweden,SE,2025-01-10,5,false,6,116.67,43.98,-1.3,3.1,63.1,27.54
stockholm,Stockholm,Sweden,SE,2025-01-24,5,false,4,55.05,20.72,2.5,3.1,54.8,32.37
stockholm,Stockholm,Sweden,SE,2025-02-18,2,false,8,116.29,44.04,-5.8,0.0,48.7,33.07
stockholm,Stockholm,Sweden,SE,2025-03-27,4,false,2,30.92,11.20,5.8,0.0,51.8,31.01
stockholm,Stockholm,Sweden,SE,2025-04-05,6,true,6,91.21,34.91,1.4,1.6,22.8,29.66
stockholm,Stockholm,Sweden,SE,2025-04-12,6,true,2,23.97,9.41,7.7,0.0,37.8,37.80
stockholm,Stockholm,Sweden,SE,2025-04-29,2,false,8,167.67,62.57,12.1,0.3,52.3,51.71
stockholm,Stockholm,Sweden,SE,2025-05-09,5,false,11,189.86,70.53,4.7,4.0,74.9,42.00
stockholm,Stockholm,Sweden,SE,2025-05-20,2,false,7,86.82,33.75,13.8,0.0,63.1,47.17
stockholm,Stockholm,Sweden,SE,2025-05-25,7,true,3,56.82,20.75,11.1,0.5,24.8,50.45
stockholm,Stockholm,Sweden,SE,2025-06-18,3,false,4,42.01,15.81,17.2,0.9,72.5,54.39
stockholm,Stockholm,Sweden,SE,2025-06-22,7,true,8,125.73,46.84,15.3,0.2,34.7,55.04
stockholm,Stockholm,Sweden,SE,2025-06-26,4,false,6,45.29,17.07,17.8,0.0,45.7,50.12
stockholm,Stockholm,Sweden,SE,2025-06-27,5,false,6,102.58,38.72,15.3,4.2,75.2,65.44
stockholm,Stockholm,Sweden,SE,2025-07-13,7,true,3,53.87,21.08,18.4,1.9,30.1,48.39
stockholm,Stockholm,Sweden,SE,2025-07-22,2,false,9,133.22,49.60,21.2,1.3,54.8,53.67
stockholm,Stockholm,Sweden,SE,2025-08-04,1,false,6,88.60,32.79,18.9,1.8,51.4,62.58
stockholm,Stockholm,Sweden,SE,2025-08-11,1,false,5,24.57,9.23,16.9,0.0,54.0,54.40
stockholm,Stockholm,Sweden,SE,2025-08-13,3,false,5,109.40,40.39,19.0,0.0,73.8,49.90
stockholm,Stockholm,Sweden,SE,2025-08-23,6,true,4,85.08,31.95,12.0,5.1,45.2,44.80
stockholm,Stockholm,Sweden,SE,2025-09-13,6,true,3,59.46,24.37,14.9,0.0,19.9,50.58
stockholm,Stockholm,Sweden,SE,2025-09-19,5,false,11,203.88,76.26,15.4,0.0,58.8,60.07
stockholm,Stockholm,Sweden,SE,2025-10-02,4,false,9,204.76,76.72,8.5,0.2,53.9,50.82
stockholm,Stockholm,Sweden,SE,2025-10-24,5,false,6,85.20,32.65,10.0,7.5,68.0,40.37
stockholm,Stockholm,Sweden,SE,2025-12-03,3,false,11,203.45,78.90,3.7,0.1,66.8,32.64
stockholm,Stockholm,Sweden,SE,2025-12-06,6,true,12,208.98,77.64,5.7,10.9,33.4,32.68
stockholm,Stockholm,Sweden,SE,2025-12-14,7,true,3,75.81,29.19,5.8,4.2,46.2,29.32
stockholm,Stockholm,Sweden,SE,2025-12-22,1,false,13,245.40,97.48,-0.4,0.0,60.7,30.68
oslo,Oslo,Norway,NO,2024-01-04,4,false,8,164.29,52.19,-13.4,0.0,66.6,26.15
oslo,Oslo,Norway,NO,2024-01-20,6,true,10,138.87,43.70,-16.2,1.3,28.6,49.79
oslo,Oslo,Norway,NO,2024-01-24,3,false,13,207.93,65.15,-0.4,8.4,59.9,24.12
oslo,Oslo,Norway,NO,2024-02-06,2,false,11,299.99,95.80,-10.8,2.3,65.1,24.32
oslo,Oslo,Norway,NO,2024-02-13,2,false,14,236.63,74.54,-4.9,4.4,54.3,27.97
oslo,Oslo,Norway,NO,2024-03-03,7,true,7,190.76,62.49,2.4,10.6,49.7,26.46
oslo,Oslo,Norway,NO,2024-03-14,4,false,7,152.61,48.50,5.2,1.0,62.2,30.10
oslo,Oslo,Norway,NO,2024-03-25,1,false,9,184.83,58.85,0.8,4.5,73.2,36.48
oslo,Oslo,Norway,NO,2024-04-05,5,false,10,117.96,37.06,0.2,7.3,80.7,32.79
oslo,Oslo,Norway,NO,2024-04-21,7,true,10,165.88,52.77,4.3,0.0,39.7,33.49
oslo,Oslo,Norway,NO,2024-04-26,5,false,7,130.29,42.38,3.7,1.0,60.4,39.70
oslo,Oslo,Norway,NO,2024-05-05,7,true,6,113.39,35.55,11.5,6.0,44.5,36.93
oslo,Oslo,Norway,NO,2024-05-24,5,false,6,141.77,44.29,17.9,0.1,58.0,62.40
oslo,Oslo,Norway,NO,2024-06-19,3,false,7,112.54,35.81,14.6,0.3,52.4,50.39
oslo,Oslo,Norway,NO,2024-07-04,4,false,7,99.63,31.85,11.8,15.4,76.5,49.28
oslo,Oslo,Norway,NO,2024-07-19,5,false,5,156.39,49.32,17.9,0.0,57.7,58.13
oslo,Oslo,Norway,NO,2024-08-03,6,true,8,169.43,54.38,17.2,0.0,35.2,41.01
oslo,Oslo,Norway,NO,2024-08-27,2,false,11,170.28,52.87,14.1,0.4,60.4,48.15
oslo,Oslo,Norway,NO,2024-09-22,7,true,3,54.18,17.93,12.7,0.7,23.8,38.62
oslo,Oslo,Norway,NO,2024-10-07,1,false,5,58.96,17.43,8.6,4.2,47.8,57.11
oslo,Oslo,Norway,NO,2024-10-16,3,false,7,126.25,40.79,5.4,0.0,47.3,42.46
oslo,Oslo,Norway,NO,2024-11-07,4,false,6,106.82,34.95,1.4,0.0,46.9,33.76
oslo,Oslo,Norway,NO,2024-12-13,5,false,10,155.07,50.08,-2.9,3.5,57.8,27.14
oslo,Oslo,Norway,NO,2024-12-17,2,false,7,99.36,32.69,0.3,0.0,51.1,28.23
oslo,Oslo,Norway,NO,2024-12-24,2,false,6,115.71,36.25,0.5,1.4,49.8,25.42
oslo,Oslo,Norway,NO,2025-01-10,5,false,7,113.53,37.66,-6.4,0.0,51.1,25.54
oslo,Oslo,Norway,NO,2025-01-24,5,false,8,171.63,53.52,-1.5,11.7,51.8,25.57
oslo,Oslo,Norway,NO,2025-02-18,2,false,16,274.36,84.94,-8.1,0.0,40.0,29.71
oslo,Oslo,Norway,NO,2025-03-27,4,false,13,237.90,78.24,7.0,0.0,41.0,42.64
oslo,Oslo,Norway,NO,2025-04-05,6,true,7,157.92,50.62,4.4,0.0,31.9,29.80
oslo,Oslo,Norway,NO,2025-04-12,6,true,2,29.32,9.37,11.6,0.0,24.5,36.10
oslo,Oslo,Norway,NO,2025-04-29,2,false,12,204.11,60.49,12.0,0.1,65.3,43.42
oslo,Oslo,Norway,NO,2025-05-09,5,false,6,107.39,32.62,13.9,0.0,50.4,37.17
oslo,Oslo,Norway,NO,2025-05-20,2,false,9,155.74,50.19,17.8,0.0,56.2,50.90
oslo,Oslo,Norway,NO,2025-05-25,7,true,11,177.47,57.94,9.4,6.8,32.8,37.28
oslo,Oslo,Norway,NO,2025-06-18,3,false,13,209.04,66.84,16.0,0.9,59.2,55.09
oslo,Oslo,Norway,NO,2025-06-22,7,true,4,64.84,20.22,16.9,1.5,15.1,31.73
oslo,Oslo,Norway,NO,2025-06-26,4,false,9,203.41,65.18,15.9,0.9,51.7,58.24
oslo,Oslo,Norway,NO,2025-06-27,5,false,9,160.66,51.96,17.9,2.7,47.7,54.16
oslo,Oslo,Norway,NO,2025-07-13,7,true,5,85.55,27.43,21.9,1.8,36.4,52.38
oslo,Oslo,Norway,NO,2025-07-22,2,false,10,234.57,75.99,23.4,0.5,51.1,62.34
oslo,Oslo,Norway,NO,2025-08-04,1,false,13,267.55,87.33,16.8,11.7,57.6,46.23
oslo,Oslo,Norway,NO,2025-08-11,1,false,13,201.09,65.23,15.9,0.1,60.8,57.66
oslo,Oslo,Norway,NO,2025-08-13,3,false,5,92.87,30.37,17.9,0.0,60.4,45.97
oslo,Oslo,Norway,NO,2025-08-23,6,true,6,92.95,29.75,13.4,0.0,27.4,40.36
oslo,Oslo,Norway,NO,2025-09-13,6,true,3,39.36,12.34,12.1,14.2,46.7,32.52
oslo,Oslo,Norway,NO,2025-09-19,5,false,15,316.62,101.31,14.7,0.1,47.6,53.50
oslo,Oslo,Norway,NO,2025-10-02,4,false,6,77.95,24.61,9.5,1.4,58.8,37.63
oslo,Oslo,Norway,NO,2025-10-24,5,false,7,191.36,61.32,9.4,21.5,68.8,35.83
oslo,Oslo,Norway,NO,2025-12-03,3,false,11,158.70,50.03,3.6,4.1,74.9,29.30
oslo,Oslo,Norway,NO,2025-12-06,6,true,2,36.58,11.43,2.5,5.3,45.2,24.28
oslo,Oslo,Norway,NO,2025-12-14,7,true,11,233.17,73.53,6.2,1.0,30.1,25.33
oslo,Oslo,Norway,NO,2025-12-22,1,false,7,206.20,65.64,-3.3,0.0,49.0,27.79
copenhagen,Copenhagen,Denmark,DK,2024-01-01,1,false,5,52.65,24.25,4.9,6.6,75.3,46.65
copenhagen,Copenhagen,Denmark,DK,2024-02-01,4,false,8,169.49,81.87,4.4,1.1,71.0,49.18
copenhagen,Copenhagen,Denmark,DK,2024-04-14,7,true,3,69.34,33.75,8.9,2.1,45.0,68.42
copenhagen,Copenhagen,Denmark,DK,2024-04-20,6,true,11,195.24,91.28,4.3,0.7,20.4,65.02
copenhagen,Copenhagen,Denmark,DK,2024-04-23,2,false,7,102.59,48.84,3.9,2.2,64.2,78.15
copenhagen,Copenhagen,Denmark,DK,2024-05-23,4,false,8,130.51,61.92,15.2,4.3,76.9,102.50
copenhagen,Copenhagen,Denmark,DK,2024-06-02,7,true,5,104.66,51.33,19.6,3.9,39.3,80.56
copenhagen,Copenhagen,Denmark,DK,2024-06-09,7,true,2,25.07,11.48,11.6,1.1,28.8,76.54
copenhagen,Copenhagen,Denmark,DK,2024-06-12,3,false,10,122.39,58.32,12.3,1.0,57.9,94.46
copenhagen,Copenhagen,Denmark,DK,2024-06-24,1,false,12,182.35,86.54,15.7,0.0,54.5,94.71
copenhagen,Copenhagen,Denmark,DK,2024-07-01,1,false,7,90.73,42.11,15.9,0.0,51.7,86.29
copenhagen,Copenhagen,Denmark,DK,2024-07-05,5,false,4,77.82,37.65,14.4,2.0,55.9,70.56
copenhagen,Copenhagen,Denmark,DK,2024-07-10,3,false,7,64.20,30.98,19.3,4.0,54.2,83.10
copenhagen,Copenhagen,Denmark,DK,2024-07-17,3,false,9,114.75,53.42,17.8,1.8,56.9,99.07
copenhagen,Copenhagen,Denmark,DK,2024-07-30,2,false,3,66.23,32.44,17.6,0.5,62.3,97.05
copenhagen,Copenhagen,Denmark,DK,2024-08-02,5,false,11,129.52,64.28,17.5,0.0,46.0,101.73
copenhagen,Copenhagen,Denmark,DK,2024-08-13,2,false,7,169.28,84.86,18.1,0.0,73.2,82.86
copenhagen,Copenhagen,Denmark,DK,2024-09-04,3,false,13,178.23,82.72,22.1,0.2,59.8,68.00
copenhagen,Copenhagen,Denmark,DK,2024-09-09,1,false,13,209.91,100.70,18.4,21.4,73.5,97.62
copenhagen,Copenhagen,Denmark,DK,2024-09-13,5,false,8,173.62,81.22,12.7,0.0,43.6,91.03
copenhagen,Copenhagen,Denmark,DK,2024-09-24,2,false,10,185.94,89.77,15.9,15.2,56.4,75.64
copenhagen,Copenhagen,Denmark,DK,2024-11-05,2,false,9,125.60,62.25,9.3,0.0,51.4,62.65
copenhagen,Copenhagen,Denmark,DK,2024-12-01,7,true,6,101.99,49.51,4.7,0.0,31.3,42.69
copenhagen,Copenhagen,Denmark,DK,2024-12-08,7,true,3,35.33,17.82,5.6,0.3,29.7,43.27
copenhagen,Copenhagen,Denmark,DK,2024-12-22,7,true,7,108.04,52.91,5.3,0.2,33.5,45.76
copenhagen,Copenhagen,Denmark,DK,2025-01-14,2,false,14,253.36,121.49,5.2,0.5,58.0,43.57
copenhagen,Copenhagen,Denmark,DK,2025-01-22,3,false,8,120.83,56.04,2.2,0.0,47.1,52.94
copenhagen,Copenhagen,Denmark,DK,2025-02-01,6,true,12,226.41,107.44,2.1,0.3,62.9,78.86
copenhagen,Copenhagen,Denmark,DK,2025-03-21,5,false,8,93.00,44.28,5.0,0.0,67.1,56.50
copenhagen,Copenhagen,Denmark,DK,2025-03-22,6,true,5,40.92,20.15,5.7,0.3,35.3,51.57
copenhagen,Copenhagen,Denmark,DK,2025-04-15,2,false,6,68.06,32.61,11.3,0.0,72.5,55.94
copenhagen,Copenhagen,Denmark,DK,2025-05-03,6,true,6,77.46,36.92,10.3,5.8,41.2,54.24
copenhagen,Copenhagen,Denmark,DK,2025-05-14,3,false,5,112.50,52.65,13.1,0.0,50.5,74.62
copenhagen,Copenhagen,Denmark,DK,2025-05-26,1,false,5,90.48,43.13,13.1,2.7,59.6,61.42
copenhagen,Copenhagen,Denmark,DK,2025-05-27,2,false,8,111.54,53.59,12.7,6.7,59.8,102.15
copenhagen,Copenhagen,Denmark,DK,2025-06-02,1,false,9,155.49,74.34,14.3,0.9,62.2,87.45
copenhagen,Copenhagen,Denmark,DK,2025-07-12,6,true,8,92.34,44.34,18.1,4.3,32.5,84.59
copenhagen,Copenhagen,Denmark,DK,2025-07-14,1,false,11,195.11,95.57,17.9,1.2,56.7,76.17
copenhagen,Copenhagen,Denmark,DK,2025-07-20,7,true,7,155.98,74.57,21.1,0.0,17.8,70.41
copenhagen,Copenhagen,Denmark,DK,2025-08-17,7,true,3,52.78,27.12,17.7,0.0,25.0,75.84
copenhagen,Copenhagen,Denmark,DK,2025-08-30,6,true,3,26.08,13.87,17.5,0.1,25.6,68.62
copenhagen,Copenhagen,Denmark,DK,2025-09-01,1,false,8,122.02,59.40,19.9,0.8,59.7,98.89
copenhagen,Copenhagen,Denmark,DK,2025-09-07,7,true,7,123.78,61.95,15.8,0.0,30.3,71.64
copenhagen,Copenhagen,Denmark,DK,2025-09-11,4,false,8,117.35,57.32,17.4,9.8,62.3,78.66
copenhagen,Copenhagen,Denmark,DK,2025-09-23,2,false,9,181.67,85.80,12.1,0.0,59.4,73.92
copenhagen,Copenhagen,Denmark,DK,2025-10-21,2,false,8,99.77,49.52,11.9,2.9,52.8,76.99
copenhagen,Copenhagen,Denmark,DK,2025-10-22,3,false,6,87.01,40.31,12.2,0.7,50.9,69.85
copenhagen,Copenhagen,Denmark,DK,2025-10-28,2,false,11,256.41,125.31,8.1,0.9,50.9,65.70
copenhagen,Copenhagen,Denmark,DK,2025-10-31,5,false,6,88.28,42.02,8.7,0.0,50.9,68.98
copenhagen,Copenhagen,Denmark,DK,2025-11-07,5,false,8,126.08,59.73,9.1,0.0,58.6,60.87
copenhagen,Copenhagen,Denmark,DK,2025-12-01,1,false,11,204.79,96.61,6.0,0.0,58.9,49.64
copenhagen,Copenhagen,Denmark,DK,2025-12-04,4,false,19,302.44,149.17,5.4,4.3,70.8,54.69
copenhagen,Copenhagen,Denmark,DK,2025-12-10,3,false,5,49.90,24.53,9.8,3.7,70.2,44.82
copenhagen,Copenhagen,Denmark,DK,2025-12-31,3,false,8,121.33,57.27,1.2,0.6,56.2,35.01
berlin,Berlin,Germany,DE,2024-01-02,2,false,9,110.92,58.20,4.7,10.2,69.1,50.66
berlin,Berlin,Germany,DE,2024-01-03,3,false,8,121.97,65.45,8.7,9.3,69.7,58.83
berlin,Berlin,Germany,DE,2024-01-05,5,false,7,119.10,61.44,0.4,5.4,78.4,57.54
berlin,Berlin,Germany,DE,2024-01-23,2,false,7,146.00,74.98,4.5,0.5,62.2,54.75
berlin,Berlin,Germany,DE,2024-01-25,4,false,9,143.33,75.76,6.4,0.2,71.6,42.37
berlin,Berlin,Germany,DE,2024-01-31,3,false,3,37.76,19.87,4.9,0.0,57.6,54.44
berlin,Berlin,Germany,DE,2024-02-07,3,false,10,137.02,74.17,4.0,8.6,58.0,51.77
berlin,Berlin,Germany,DE,2024-03-24,7,true,4,79.03,39.18,4.3,7.7,37.5,77.37
berlin,Berlin,Germany,DE,2024-05-02,4,false,5,34.52,18.12,19.4,0.0,72.5,120.56
berlin,Berlin,Germany,DE,2024-05-03,5,false,5,86.59,43.97,17.6,1.6,60.2,98.81
berlin,Berlin,Germany,DE,2024-05-31,5,false,4,51.19,26.61,17.6,0.1,40.9,114.16
berlin,Berlin,Germany,DE,2024-06-29,6,true,3,32.87,16.31,22.7,0.4,22.0,106.94
berlin,Berlin,Germany,DE,2024-07-25,4,false,9,175.83,90.24,18.4,0.0,67.0,97.59
berlin,Berlin,Germany,DE,2024-07-26,5,false,7,82.97,41.74,20.4,0.8,51.2,117.69
berlin,Berlin,Germany,DE,2024-08-08,4,false,9,121.10,63.36,20.2,0.5,53.7,103.79
berlin,Berlin,Germany,DE,2024-08-20,2,false,10,181.98,96.35,21.1,0.3,43.3,118.78
berlin,Berlin,Germany,DE,2024-08-22,4,false,8,128.65,67.51,19.3,0.0,60.5,100.79
berlin,Berlin,Germany,DE,2024-09-28,6,true,4,46.13,23.43,12.1,0.3,40.0,82.56
berlin,Berlin,Germany,DE,2024-10-27,7,true,8,133.85,74.67,11.5,0.1,36.0,63.54
berlin,Berlin,Germany,DE,2024-10-28,1,false,7,83.51,42.34,11.9,0.6,67.1,73.87
berlin,Berlin,Germany,DE,2024-10-30,3,false,4,86.94,44.58,12.8,0.0,57.5,91.29
berlin,Berlin,Germany,DE,2024-11-01,5,false,8,77.32,41.09,10.9,0.0,60.3,72.50
berlin,Berlin,Germany,DE,2024-11-03,7,true,5,62.82,32.00,4.8,0.0,32.5,62.21
berlin,Berlin,Germany,DE,2024-11-14,4,false,5,93.07,47.22,6.5,0.3,45.4,61.60
berlin,Berlin,Germany,DE,2024-11-15,5,false,10,171.07,86.49,6.8,0.1,49.0,69.37
berlin,Berlin,Germany,DE,2024-11-24,7,true,6,82.66,42.50,8.8,11.4,32.2,49.19
berlin,Berlin,Germany,DE,2024-12-06,5,false,13,163.95,84.20,3.9,9.4,70.9,54.94
berlin,Berlin,Germany,DE,2024-12-09,1,false,8,94.69,50.12,3.2,2.1,56.7,66.45
berlin,Berlin,Germany,DE,2024-12-25,3,false,6,85.58,44.29,2.6,0.3,53.2,44.31
berlin,Berlin,Germany,DE,2024-12-27,5,false,12,209.52,109.05,3.2,0.0,68.1,63.04
berlin,Berlin,Germany,DE,2025-01-06,1,false,6,75.39,39.80,7.7,11.7,78.4,63.19
berlin,Berlin,Germany,DE,2025-02-14,5,false,3,33.02,16.97,-0.6,1.4,45.6,83.61
berlin,Berlin,Germany,DE,2025-02-17,1,false,4,87.54,46.61,-7.4,0.0,43.0,67.53
berlin,Berlin,Germany,DE,2025-02-23,7,true,9,169.61,87.73,6.1,0.0,40.6,54.83
berlin,Berlin,Germany,DE,2025-03-02,7,true,7,122.00,62.81,3.8,0.0,34.0,53.15
berlin,Berlin,Germany,DE,2025-03-03,1,false,9,176.97,94.58,5.3,0.0,45.5,59.99
berlin,Berlin,Germany,DE,2025-04-19,6,true,6,95.18,46.63,9.1,3.8,29.1,56.35
berlin,Berlin,Germany,DE,2025-04-30,3,false,8,150.41,77.01,16.9,0.0,61.2,91.43
berlin,Berlin,Germany,DE,2025-06-13,5,false,10,199.14,101.05,19.0,0.0,59.1,101.70
berlin,Berlin,Germany,DE,2025-06-23,1,false,3,34.75,19.59,22.1,2.9,78.1,104.62
berlin,Berlin,Germany,DE,2025-07-27,7,true,6,103.66,53.61,19.6,0.7,42.8,123.28
berlin,Berlin,Germany,DE,2025-08-07,4,false,7,86.46,45.77,18.7,0.0,41.5,125.27
berlin,Berlin,Germany,DE,2025-08-10,7,true,3,32.66,17.65,19.4,0.0,27.3,94.13
berlin,Berlin,Germany,DE,2025-09-10,3,false,10,168.46,86.15,18.5,11.9,64.6,97.16
berlin,Berlin,Germany,DE,2025-09-17,3,false,6,136.99,72.31,14.3,0.3,45.5,103.72
berlin,Berlin,Germany,DE,2025-09-24,3,false,4,38.60,20.44,10.9,0.0,49.1,96.56
berlin,Berlin,Germany,DE,2025-10-04,6,true,9,184.44,100.07,9.5,7.9,49.9,57.15
berlin,Berlin,Germany,DE,2025-10-05,7,true,2,18.26,9.58,11.3,2.2,20.2,77.31
berlin,Berlin,Germany,DE,2025-10-19,7,true,3,24.63,12.43,5.0,0.0,28.0,79.21
berlin,Berlin,Germany,DE,2025-12-07,7,true,7,127.21,66.91,5.9,0.2,24.0,48.75
berlin,Berlin,Germany,DE,2025-12-12,5,false,6,110.55,56.16,4.4,0.0,51.9,69.13
berlin,Berlin,Germany,DE,2025-12-21,7,true,5,67.25,34.12,6.1,0.0,35.0,42.82
amsterdam,Amsterdam,Netherlands,NL,2024-01-14,7,true,7,149.50,73.41,3.0,3.5,42.9,46.80
amsterdam,Amsterdam,Netherlands,NL,2024-01-27,6,true,6,142.56,73.76,4.2,0.0,38.6,49.51
amsterdam,Amsterdam,Netherlands,NL,2024-02-10,6,true,5,81.64,39.33,9.6,2.6,23.0,54.51
amsterdam,Amsterdam,Netherlands,NL,2024-02-15,4,false,11,293.58,144.97,12.6,5.7,61.1,55.53
amsterdam,Amsterdam,Netherlands,NL,2024-03-06,3,false,6,107.39,53.30,6.3,0.1,55.0,63.53
amsterdam,Amsterdam,Netherlands,NL,2024-03-12,2,false,5,66.02,33.17,8.5,1.2,51.8,68.49
amsterdam,Amsterdam,Netherlands,NL,2024-03-22,5,false,5,78.59,41.44,9.2,1.0,63.5,70.86
amsterdam,Amsterdam,Netherlands,NL,2024-05-09,4,false,11,182.66,90.21,11.7,0.0,56.3,101.41
amsterdam,Amsterdam,Netherlands,NL,2024-05-20,1,false,16,217.29,108.83,15.5,8.6,68.7,98.50
amsterdam,Amsterdam,Netherlands,NL,2024-06-21,5,false,6,77.86,39.01,15.5,8.0,53.9,109.13
amsterdam,Amsterdam,Netherlands,NL,2024-07-20,6,true,3,45.90,22.50,22.7,0.0,20.3,88.35
amsterdam,Amsterdam,Netherlands,NL,2024-07-22,1,false,6,93.66,45.84,18.1,1.1,54.0,98.78
amsterdam,Amsterdam,Netherlands,NL,2024-08-01,4,false,10,160.58,76.86,19.2,0.2,65.8,118.16
amsterdam,Amsterdam,Netherlands,NL,2024-08-29,4,false,7,122.39,60.57,18.8,0.0,47.3,117.77
amsterdam,Amsterdam,Netherlands,NL,2024-09-05,4,false,11,156.79,76.69,21.8,0.0,44.4,104.80
amsterdam,Amsterdam,Netherlands,NL,2024-09-11,3,false,9,180.72,91.96,10.9,11.2,60.4,89.15
amsterdam,Amsterdam,Netherlands,NL,2024-10-25,5,false,11,176.46,88.96,13.1,2.0,71.0,66.34
amsterdam,Amsterdam,Netherlands,NL,2024-10-31,4,false,5,116.98,60.42,11.0,0.0,58.2,74.06
amsterdam,Amsterdam,Netherlands,NL,2024-11-08,5,false,10,148.68,72.30,4.7,0.0,49.0,78.59
amsterdam,Amsterdam,Netherlands,NL,2024-12-04,3,false,9,175.25,87.53,4.6,0.6,43.2,75.67
amsterdam,Amsterdam,Netherlands,NL,2024-12-18,3,false,11,136.08,67.89,10.6,2.2,60.8,60.63
amsterdam,Amsterdam,Netherlands,NL,2024-12-19,4,false,10,141.31,73.17,8.0,17.7,77.6,63.20
amsterdam,Amsterdam,Netherlands,NL,2025-01-02,4,false,6,132.33,65.75,3.8,1.6,64.5,71.69
amsterdam,Amsterdam,Netherlands,NL,2025-01-13,1,false,10,167.74,89.24,0.4,0.0,53.6,48.89
amsterdam,Amsterdam,Netherlands,NL,2025-02-15,6,true,7,176.45,86.08,1.2,0.4,21.2,54.02
amsterdam,Amsterdam,Netherlands,NL,2025-02-16,7,true,2,34.26,17.50,0.4,0.0,35.3,52.78
amsterdam,Amsterdam,Netherlands,NL,2025-02-22,6,true,3,45.78,23.36,9.9,4.3,44.4,55.50
amsterdam,Amsterdam,Netherlands,NL,2025-03-30,7,true,4,78.74,39.33,9.5,0.8,20.8,69.56
amsterdam,Amsterdam,Netherlands,NL,2025-04-04,5,false,3,38.04,18.80,12.3,0.0,70.6,85.89
amsterdam,Amsterdam,Netherlands,NL,2025-04-23,3,false,6,121.44,62.62,11.5,2.2,65.3,87.92
amsterdam,Amsterdam,Netherlands,NL,2025-05-12,1,false,5,91.74,48.15,18.4,0.0,60.7,69.30
amsterdam,Amsterdam,Netherlands,NL,2025-05-30,5,false,10,182.25,92.62,16.0,0.2,42.0,106.27
amsterdam,Amsterdam,Netherlands,NL,2025-06-04,3,false,10,144.36,72.51,15.4,2.0,63.9,114.02
amsterdam,Amsterdam,Netherlands,NL,2025-06-09,1,false,7,89.49,41.80,14.6,2.7,61.7,102.10
amsterdam,Amsterdam,Netherlands,NL,2025-07-01,2,false,7,128.95,66.74,27.0,0.0,54.7,91.25
amsterdam,Amsterdam,Netherlands,NL,2025-07-10,4,false,12,243.20,118.55,18.6,0.0,45.1,94.18
amsterdam,Amsterdam,Netherlands,NL,2025-07-11,5,false,9,165.37,83.59,19.1,0.2,53.8,103.10
amsterdam,Amsterdam,Netherlands,NL,2025-07-30,3,false,9,180.08,90.53,17.0,0.5,46.6,107.29
amsterdam,Amsterdam,Netherlands,NL,2025-08-02,6,true,6,78.81,39.47,16.3,7.3,25.9,94.99
amsterdam,Amsterdam,Netherlands,NL,2025-08-03,7,true,8,168.63,83.94,18.1,1.3,54.8,96.68
amsterdam,Amsterdam,Netherlands,NL,2025-08-15,5,false,8,107.09,52.65,20.8,0.0,55.0,123.81
amsterdam,Amsterdam,Netherlands,NL,2025-08-22,5,false,8,130.34,64.97,15.2,1.3,72.2,98.76
amsterdam,Amsterdam,Netherlands,NL,2025-08-27,3,false,6,72.36,35.76,19.3,0.7,65.2,104.97
amsterdam,Amsterdam,Netherlands,NL,2025-10-27,1,false,6,74.41,37.16,9.6,12.4,58.2,98.95
amsterdam,Amsterdam,Netherlands,NL,2025-11-02,7,true,7,64.46,33.26,10.1,4.3,35.8,73.48
amsterdam,Amsterdam,Netherlands,NL,2025-11-28,5,false,8,167.33,83.38,9.8,0.7,61.4,64.73
amsterdam,Amsterdam,Netherlands,NL,2025-12-26,5,false,9,203.17,102.58,-1.9,0.0,56.9,63.27
paris,Paris,France,FR,2024-01-01,1,false,11,185.71,82.27,7.9,3.6,76.4,43.78
paris,Paris,France,FR,2024-02-01,4,false,20,372.52,160.13,8.9,1.3,54.5,54.81
paris,Paris,France,FR,2024-04-14,7,true,10,119.44,52.94,13.7,0.1,15.7,61.56
paris,Paris,France,FR,2024-04-20,6,true,9,181.00,79.34,6.6,0.2,31.2,63.66
paris,Paris,France,FR,2024-04-23,2,false,13,230.46,100.62,6.4,0.2,57.0,66.41
paris,Paris,France,FR,2024-05-23,4,false,13,260.56,116.49,14.8,2.9,65.5,92.77
paris,Paris,France,FR,2024-06-02,7,true,3,55.98,23.77,14.1,0.0,40.3,68.83
paris,Paris,France,FR,2024-06-09,7,true,7,108.57,48.20,14.5,0.0,15.5,79.47
paris,Paris,France,FR,2024-06-12,3,false,11,228.41,97.81,12.0,4.4,66.3,87.05
paris,Paris,France,FR,2024-06-24,1,false,16,253.03,105.51,20.2,0.0,37.3,80.13
paris,Paris,France,FR,2024-07-01,1,false,19,240.14,101.93,17.4,2.0,79.4,110.93
paris,Paris,France,FR,2024-07-05,5,false,7,99.74,43.71,18.6,0.0,41.0,111.57
paris,Paris,France,FR,2024-07-10,3,false,9,154.00,67.95,20.9,0.2,58.7,111.15
paris,Paris,France,FR,2024-07-17,3,false,11,172.89,74.69,19.3,0.0,40.9,133.25
paris,Paris,France,FR,2024-07-30,2,false,9,207.88,90.41,26.5,0.0,79.4,93.50
paris,Paris,France,FR,2024-08-02,5,false,16,305.85,134.96,22.0,1.1,49.8,98.78
paris,Paris,France,FR,2024-08-13,2,false,4,95.69,41.15,22.9,12.9,67.5,108.49
paris,Paris,France,FR,2024-09-04,3,false,7,167.24,72.24,18.5,1.5,44.4,92.10
paris,Paris,France,FR,2024-09-09,1,false,8,87.96,38.79,16.3,1.0,59.7,117.21
paris,Paris,France,FR,2024-09-13,5,false,13,149.26,65.02,11.5,2.5,58.3,78.11
paris,Paris,France,FR,2024-09-24,2,false,9,127.63,56.64,15.0,3.2,65.5,77.53
paris,Paris,France,FR,2024-11-05,2,false,7,115.17,49.84,9.6,0.0,62.0,69.73
paris,Paris,France,FR,2024-12-01,7,true,4,62.85,27.67,6.3,0.0,22.7,47.59
paris,Paris,France,FR,2024-12-08,7,true,5,56.13,24.91,7.2,5.1,39.9,50.88
paris,Paris,France,FR,2024-12-22,7,true,12,224.76,97.53,6.3,18.5,37.4,48.67
paris,Paris,France,FR,2025-01-14,2,false,16,312.63,135.03,-1.3,0.0,59.2,51.86
paris,Paris,France,FR,2025-01-22,3,false,13,215.05,97.60,5.0,17.9,66.5,49.11
paris,Paris,France,FR,2025-02-01,6,true,10,146.80,63.36,2.1,0.0,40.6,77.38
paris,Paris,France,FR,2025-03-21,5,false,7,137.62,62.05,13.7,3.3,62.0,66.58
paris,Paris,France,FR,2025-03-22,6,true,6,87.87,38.96,12.7,6.6,44.5,49.37
paris,Paris,France,FR,2025-04-15,2,false,12,222.69,100.94,14.0,2.8,62.0,79.08
paris,Paris,France,FR,2025-05-03,6,true,7,117.07,52.13,18.5,13.4,42.9,70.10
paris,Paris,France,FR,2025-05-14,3,false,10,185.70,79.58,17.6,0.0,41.9,86.94
paris,Paris,France,FR,2025-05-26,1,false,6,142.67,60.39,14.9,0.0,55.6,93.25
paris,Paris,France,FR,2025-05-27,2,false,12,223.34,96.68,16.5,0.6,63.0,102.60
paris,Paris,France,FR,2025-06-02,1,false,9,140.82,63.94,17.7,1.4,55.9,81.11
paris,Paris,France,FR,2025-07-12,6,true,6,199.02,85.34,23.8,0.0,36.4,74.38
paris,Paris,France,FR,2025-07-14,1,false,8,193.96,85.34,22.7,6.0,63.0,114.17
paris,Paris,France,FR,2025-07-20,7,true,9,154.24,69.98,19.5,16.7,35.9,88.66
paris,Paris,France,FR,2025-08-17,7,true,6,63.34,27.36,21.2,0.0,32.7,89.74
paris,Paris,France,FR,2025-08-30,6,true,7,132.68,59.66,18.0,1.0,36.5,86.49
paris,Paris,France,FR,2025-09-01,1,false,5,91.42,41.72,16.8,4.9,65.9,82.34
paris,Paris,France,FR,2025-09-07,7,true,12,221.88,98.26,21.8,0.0,25.1,78.41
paris,Paris,France,FR,2025-09-11,4,false,9,155.06,69.14,15.7,2.9,64.5,75.81
paris,Paris,France,FR,2025-09-23,2,false,10,139.72,61.14,11.8,6.1,59.3,95.52
paris,Paris,France,FR,2025-10-21,2,false,10,125.68,54.71,14.1,1.2,66.5,82.29
paris,Paris,France,FR,2025-10-22,3,false,13,250.06,112.02,14.1,3.2,69.6,78.70
paris,Paris,France,FR,2025-10-28,2,false,8,81.27,35.37,12.7,0.3,62.1,71.75
paris,Paris,France,FR,2025-10-31,5,false,14,250.42,111.99,12.1,0.0,62.4,61.36
paris,Paris,France,FR,2025-11-07,5,false,18,259.05,115.97,11.7,0.1,61.8,72.84
paris,Paris,France,FR,2025-12-01,1,false,8,141.01,63.73,5.0,0.0,46.8,42.05
paris,Paris,France,FR,2025-12-04,4,false,13,267.78,121.18,6.3,2.1,46.6,66.97
paris,Paris,France,FR,2025-12-10,3,false,13,353.27,151.39,11.6,0.1,57.7,44.94
paris,Paris,France,FR,2025-12-31,3,false,14,323.82,144.83,0.0,0.0,47.6,53.84
madrid,Madrid,Spain,ES,2024-02-02,5,false,10,256.54,101.22,8.4,0.0,36.4,50.74
madrid,Madrid,Spain,ES,2024-02-09,5,false,8,157.76,65.56,9.7,12.7,84.2,45.74
madrid,Madrid,Spain,ES,2024-03-05,2,false,9,120.38,49.44,7.5,0.0,55.1,45.46
madrid,Madrid,Spain,ES,2024-03-16,6,true,5,62.72,26.18,12.2,0.0,42.4,51.24
madrid,Madrid,Spain,ES,2024-03-21,4,false,11,212.15,82.88,16.9,0.0,61.0,51.53
madrid,Madrid,Spain,ES,2024-04-16,2,false,5,52.26,21.22,18.5,0.0,48.5,51.36
madrid,Madrid,Spain,ES,2024-04-17,3,false,7,120.73,48.51,15.0,0.0,51.5,60.51
madrid,Madrid,Spain,ES,2024-05-25,6,true,9,108.63,41.35,21.5,0.0,19.6,71.86
madrid,Madrid,Spain,ES,2024-05-28,2,false,8,111.87,43.48,23.6,0.0,57.8,81.09
madrid,Madrid,Spain,ES,2024-07-03,3,false,5,52.22,20.89,25.4,0.0,50.9,100.91
madrid,Madrid,Spain,ES,2024-07-11,4,false,4,48.84,19.47,29.0,0.0,56.9,77.22
madrid,Madrid,Spain,ES,2024-07-13,6,true,9,113.21,44.91,26.3,0.0,29.1,82.82
madrid,Madrid,Spain,ES,2024-08-31,6,true,7,78.30,30.80,22.1,2.3,34.8,72.61
madrid,Madrid,Spain,ES,2024-09-01,7,true,8,145.46,57.72,23.4,0.2,25.1,70.12
madrid,Madrid,Spain,ES,2024-09-10,2,false,9,154.15,60.67,23.0,0.0,44.5,92.29
madrid,Madrid,Spain,ES,2024-09-15,7,true,6,52.93,22.95,22.1,0.0,26.1,62.60
madrid,Madrid,Spain,ES,2024-10-05,6,true,4,50.96,19.44,19.3,0.0,25.5,58.34
madrid,Madrid,Spain,ES,2024-10-12,6,true,8,96.61,39.27,16.3,9.9,37.8,72.00
madrid,Madrid,Spain,ES,2024-10-13,7,true,6,79.42,28.34,16.4,0.3,36.4,53.36
madrid,Madrid,Spain,ES,2024-10-17,4,false,10,131.98,52.61,13.2,11.5,67.4,66.11
madrid,Madrid,Spain,ES,2024-11-04,1,false,8,121.34,49.27,13.3,0.4,58.8,58.85
madrid,Madrid,Spain,ES,2024-11-28,4,false,11,191.79,76.82,7.1,0.0,61.8,52.93
madrid,Madrid,Spain,ES,2024-12-05,4,false,6,98.05,39.32,8.6,0.0,55.4,47.59
madrid,Madrid,Spain,ES,2024-12-23,1,false,8,120.54,46.61,6.6,0.0,63.3,47.08
madrid,Madrid,Spain,ES,2025-01-16,4,false,13,163.84,65.73,4.3,0.0,60.4,45.19
madrid,Madrid,Spain,ES,2025-01-18,6,true,10,181.03,71.11,3.2,0.0,25.2,37.13
madrid,Madrid,Spain,ES,2025-01-29,3,false,10,172.09,69.15,5.9,8.4,61.9,49.24
madrid,Madrid,Spain,ES,2025-02-25,2,false,5,82.67,33.31,10.0,0.1,55.3,46.45
madrid,Madrid,Spain,ES,2025-03-15,6,true,8,69.28,28.19,4.8,1.6,38.8,47.01
madrid,Madrid,Spain,ES,2025-04-02,3,false,4,101.95,42.30,13.3,3.2,39.1,56.35
madrid,Madrid,Spain,ES,2025-04-22,2,false,14,247.66,100.35,13.4,0.9,59.3,67.32
madrid,Madrid,Spain,ES,2025-04-24,4,false,8,96.83,40.06,17.0,0.0,64.3,72.22
madrid,Madrid,Spain,ES,2025-05-21,3,false,7,70.65,28.82,20.3,0.0,55.4,77.44
madrid,Madrid,Spain,ES,2025-06-11,3,false,10,166.63,66.69,22.1,12.4,62.7,99.59
madrid,Madrid,Spain,ES,2025-06-19,4,false,8,122.47,48.76,29.6,0.2,58.7,93.31
madrid,Madrid,Spain,ES,2025-07-15,2,false,7,62.19,24.65,30.4,0.0,53.3,84.01
madrid,Madrid,Spain,ES,2025-07-29,2,false,10,185.09,73.72,24.1,0.0,64.6,84.30
madrid,Madrid,Spain,ES,2025-08-24,7,true,9,123.29,48.71,27.9,0.0,24.4,66.65
madrid,Madrid,Spain,ES,2025-09-21,7,true,8,79.76,28.07,20.9,0.0,20.4,63.57
madrid,Madrid,Spain,ES,2025-09-30,2,false,8,114.52,45.49,19.3,0.0,40.8,70.30
madrid,Madrid,Spain,ES,2025-10-10,5,false,5,89.25,35.38,17.8,0.0,41.4,76.13
madrid,Madrid,Spain,ES,2025-10-13,1,false,9,106.40,41.43,17.7,2.6,68.4,48.74
madrid,Madrid,Spain,ES,2025-10-26,7,true,7,220.19,87.41,14.2,0.9,30.6,48.17
madrid,Madrid,Spain,ES,2025-11-09,7,true,5,63.33,25.11,8.0,0.0,28.3,58.26
madrid,Madrid,Spain,ES,2025-11-26,3,false,9,188.00,73.61,5.4,0.0,56.4,52.69
warsaw,Warsaw,Poland,PL,2024-01-08,1,false,17,323.22,118.21,-11.3,0.0,60.7,42.92
warsaw,Warsaw,Poland,PL,2024-01-21,7,true,9,141.23,51.75,-2.5,0.0,20.7,71.96
warsaw,Warsaw,Poland,PL,2024-01-28,7,true,9,195.23,72.22,2.7,0.3,25.7,48.11
warsaw,Warsaw,Poland,PL,2024-02-11,7,true,10,134.51,48.14,7.3,3.8,37.1,43.44
warsaw,Warsaw,Poland,PL,2024-03-15,5,false,9,111.91,40.61,6.0,0.0,44.2,63.66
warsaw,Warsaw,Poland,PL,2024-03-28,4,false,12,195.66,71.34,11.3,2.5,65.9,64.17
warsaw,Warsaw,Poland,PL,2024-04-02,2,false,13,192.67,70.11,10.6,10.6,50.4,77.54
warsaw,Warsaw,Poland,PL,2024-04-07,7,true,3,22.08,7.78,15.6,0.0,35.9,60.48
warsaw,Warsaw,Poland,PL,2024-04-12,5,false,12,102.15,36.68,13.0,0.1,48.4,64.04
warsaw,Warsaw,Poland,PL,2024-04-25,4,false,5,73.63,26.97,7.4,1.0,43.5,79.07
warsaw,Warsaw,Poland,PL,2024-05-01,3,false,17,281.56,103.21,18.4,0.0,51.3,70.26
warsaw,Warsaw,Poland,PL,2024-05-06,1,false,10,249.75,90.32,16.7,0.2,53.7,93.97
warsaw,Warsaw,Poland,PL,2024-05-08,3,false,14,208.48,75.74,11.7,0.0,57.2,91.65
warsaw,Warsaw,Poland,PL,2024-05-11,6,true,5,100.03,36.08,11.4,0.0,37.5,76.87
warsaw,Warsaw,Poland,PL,2024-06-14,5,false,8,131.76,45.48,15.7,0.0,54.2,93.23
warsaw,Warsaw,Poland,PL,2024-06-26,3,false,9,123.35,44.34,23.8,0.0,65.1,108.17
warsaw,Warsaw,Poland,PL,2024-07-08,1,false,14,204.67,73.15,21.5,0.1,48.6,93.67
warsaw,Warsaw,Poland,PL,2024-07-24,3,false,8,227.24,80.05,20.0,6.8,63.6,97.20
warsaw,Warsaw,Poland,PL,2024-08-07,3,false,10,100.36,36.64,20.5,1.3,60.3,113.56
warsaw,Warsaw,Poland,PL,2024-09-02,1,false,13,165.04,59.93,20.0,0.7,64.9,91.53
warsaw,Warsaw,Poland,PL,2024-09-16,1,false,13,262.38,94.86,19.0,0.0,59.6,70.43
warsaw,Warsaw,Poland,PL,2024-10-15,2,false,10,207.85,78.57,8.9,1.2,43.6,78.65
warsaw,Warsaw,Poland,PL,2024-10-22,2,false,13,173.23,62.57,12.9,0.0,46.6,77.90
warsaw,Warsaw,Poland,PL,2024-10-26,6,true,7,111.58,40.88,10.7,0.0,18.9,70.97
warsaw,Warsaw,Poland,PL,2024-11-19,2,false,8,144.36,51.92,4.6,5.0,83.2,62.51
warsaw,Warsaw,Poland,PL,2025-01-01,3,false,12,250.71,91.54,4.2,0.0,50.7,54.04
warsaw,Warsaw,Poland,PL,2025-02-07,5,false,3,25.62,9.10,-0.4,1.4,60.3,84.15
warsaw,Warsaw,Poland,PL,2025-02-13,4,false,11,155.65,56.42,-1.6,0.3,54.4,89.48
warsaw,Warsaw,Poland,PL,2025-03-17,1,false,12,199.11,69.90,0.2,1.6,54.7,70.12
warsaw,Warsaw,Poland,PL,2025-03-28,5,false,6,121.08,42.14,7.8,0.0,46.3,80.32
warsaw,Warsaw,Poland,PL,2025-03-31,1,false,7,82.46,29.08,8.3,0.7,58.9,73.71
warsaw,Warsaw,Poland,PL,2025-04-01,2,false,12,194.08,71.38,9.7,0.3,55.9,71.31
warsaw,Warsaw,Poland,PL,2025-04-03,4,false,6,144.34,51.67,12.1,0.0,42.8,74.97
warsaw,Warsaw,Poland,PL,2025-04-06,7,true,9,111.12,39.95,1.4,0.0,50.7,50.36
warsaw,Warsaw,Poland,PL,2025-04-11,5,false,10,152.30,54.83,6.6,6.7,68.2,67.51
warsaw,Warsaw,Poland,PL,2025-05-07,3,false,6,70.97,26.46,9.0,0.0,63.6,92.73
warsaw,Warsaw,Poland,PL,2025-06-07,6,true,7,82.74,30.03,19.3,6.8,51.0,108.88
warsaw,Warsaw,Poland,PL,2025-07-03,4,false,7,120.49,43.54,26.2,0.0,63.8,107.73
warsaw,Warsaw,Poland,PL,2025-08-06,3,false,11,141.07,50.72,16.8,0.9,52.9,93.36
warsaw,Warsaw,Poland,PL,2025-08-20,3,false,8,146.07,51.84,19.1,0.4,68.5,122.59
warsaw,Warsaw,Poland,PL,2025-08-21,4,false,7,117.15,42.14,17.0,0.0,55.0,100.46
warsaw,Warsaw,Poland,PL,2025-09-03,3,false,12,140.33,50.30,19.1,1.2,53.5,88.66
warsaw,Warsaw,Poland,PL,2025-10-06,1,false,11,194.48,69.73,10.1,2.2,57.7,96.14
warsaw,Warsaw,Poland,PL,2025-10-07,2,false,9,105.46,37.72,10.6,0.7,53.6,65.98
warsaw,Warsaw,Poland,PL,2025-10-15,3,false,12,198.08,70.83,7.1,0.0,45.1,78.06
warsaw,Warsaw,Poland,PL,2025-11-15,6,true,5,85.40,30.16,4.2,0.9,37.0,50.05
warsaw,Warsaw,Poland,PL,2025-11-18,2,false,9,112.09,40.41,2.7,0.2,53.9,72.98
warsaw,Warsaw,Poland,PL,2025-12-05,5,false,11,258.66,94.57,5.9,0.0,68.2,59.14
warsaw,Warsaw,Poland,PL,2025-12-13,6,true,8,125.06,46.53,4.9,0.3,21.5,46.88
warsaw,Warsaw,Poland,PL,2025-12-18,4,false,14,246.97,87.56,1.6,0.0,42.6,49.31
stockholm,Stockholm,Sweden,SE,2024-01-10,3,false,9,99.79,38.07,0.5,0.0,54.7,30.72
stockholm,Stockholm,Sweden,SE,2024-01-12,5,false,6,112.24,41.73,0.3,0.2,65.4,23.86
stockholm,Stockholm,Sweden,SE,2024-02-05,1,false,10,135.84,51.00,-3.3,0.6,65.7,27.02
stockholm,Stockholm,Sweden,SE,2024-03-01,5,false,10,187.39,73.08,3.2,0.1,56.1,44.06
stockholm,Stockholm,Sweden,SE,2024-03-10,7,true,4,48.07,18.23,-0.9,0.0,24.5,33.58
stockholm,Stockholm,Sweden,SE,2024-04-04,4,false,6,130.84,51.19,-1.0,1.5,58.2,43.57
stockholm,Stockholm,Sweden,SE,2024-04-22,1,false,10,191.05,74.33,-0.1,0.0,47.1,54.96
stockholm,Stockholm,Sweden,SE,2024-05-13,1,false,9,176.10,66.34,15.0,0.0,52.2,52.17
stockholm,Stockholm,Sweden,SE,2024-05-15,3,false,10,164.53,63.52,15.5,0.0,47.0,55.52
stockholm,Stockholm,Sweden,SE,2024-06-05,3,false,9,168.47,60.21,17.1,0.4,51.8,54.78
stockholm,Stockholm,Sweden,SE,2024-06-07,5,false,5,88.62,33.61,13.8,0.1,54.7,58.56
stockholm,Stockholm,Sweden,SE,2024-06-28,5,false,7,127.18,46.29,21.5,11.2,69.3,56.20
stockholm,Stockholm,Sweden,SE,2024-07-06,6,true,3,94.69,34.02,15.0,7.4,37.0,55.16
stockholm,Stockholm,Sweden,SE,2024-08-15,4,false,8,78.96,30.85,19.7,0.1,62.5,66.72
stockholm,Stockholm,Sweden,SE,2024-08-26,1,false,7,146.96,54.96,16.3,0.0,60.7,64.68
stockholm,Stockholm,Sweden,SE,2024-09-19,4,false,8,188.11,70.59,13.5,0.0,55.9,63.78
stockholm,Stockholm,Sweden,SE,2024-09-25,3,false,7,128.09,50.05,14.6,3.2,73.8,51.20
stockholm,Stockholm,Sweden,SE,2024-09-30,1,false,10,234.21,89.44,7.2,0.0,62.8,63.93
stockholm,Stockholm,Sweden,SE,2025-01-23,4,false,6,56.68,21.52,1.6,6.8,67.6,28.57
stockholm,Stockholm,Sweden,SE,2025-01-28,2,false,10,202.72,74.75,1.8,0.2,54.6,29.73
stockholm,Stockholm,Sweden,SE,2025-01-31,5,false,12,187.92,72.76,0.4,0.9,53.2,35.84
stockholm,Stockholm,Sweden,SE,2025-02-24,1,false,5,37.78,14.68,2.4,0.0,48.3,39.56
stockholm,Stockholm,Sweden,SE,2025-03-29,6,true,4,95.57,36.16,7.8,0.0,16.5,33.26
stockholm,Stockholm,Sweden,SE,2025-04-10,4,false,6,80.52,30.18,3.4,0.5,52.6,39.15
stockholm,Stockholm,Sweden,SE,2025-05-01,4,false,9,153.60,57.66,8.6,0.3,40.5,46.11
stockholm,Stockholm,Sweden,SE,2025-05-13,2,false,7,128.61,50.54,11.8,2.1,68.1,43.35
stockholm,Stockholm,Sweden,SE,2025-05-16,5,false,7,106.82,40.74,11.1,0.1,44.3,58.16
stockholm,Stockholm,Sweden,SE,2025-05-22,4,false,5,56.44,20.99,6.8,1.3,50.5,52.85
stockholm,Stockholm,Sweden,SE,2025-07-05,6,true,6,64.52,24.40,14.1,8.7,50.1,43.99
stockholm,Stockholm,Sweden,SE,2025-07-08,2,false,8,153.84,57.36,14.4,4.6,53.6,65.26
stockholm,Stockholm,Sweden,SE,2025-07-24,4,false,7,96.70,38.24,22.2,2.3,60.3,50.93
stockholm,Stockholm,Sweden,SE,2025-08-05,2,false,11,183.37,71.12,17.9,4.4,69.1,51.97
stockholm,Stockholm,Sweden,SE,2025-08-19,2,false,8,167.24,64.29,15.1,0.4,52.9,52.34
stockholm,Stockholm,Sweden,SE,2025-09-26,5,false,9,141.78,52.94,10.7,0.0,50.3,50.17
stockholm,Stockholm,Sweden,SE,2025-10-08,3,false,11,186.46,69.42,12.2,3.1,63.5,43.31
stockholm,Stockholm,Sweden,SE,2025-10-14,2,false,10,208.35,78.61,5.7,0.0,53.2,44.41
stockholm,Stockholm,Sweden,SE,2025-10-17,5,false,11,203.70,78.76,3.3,0.0,46.8,35.80
stockholm,Stockholm,Sweden,SE,2025-10-20,1,false,9,114.70,43.87,6.7,0.0,46.6,49.11
stockholm,Stockholm,Sweden,SE,2025-11-01,6,true,5,120.35,46.32,7.2,0.0,24.4,26.93
stockholm,Stockholm,Sweden,SE,2025-11-05,3,false,5,58.49,21.99,11.3,0.2,47.3,40.83
stockholm,Stockholm,Sweden,SE,2025-11-16,7,true,7,135.93,52.01,0.9,0.2,27.2,32.30
stockholm,Stockholm,Sweden,SE,2025-11-19,3,false,15,237.78,89.92,-3.1,2.8,73.9,35.29
stockholm,Stockholm,Sweden,SE,2025-11-20,4,false,8,224.06,87.96,-1.8,0.4,44.7,35.32
stockholm,Stockholm,Sweden,SE,2025-11-22,6,true,4,43.05,17.02,0.0,0.0,38.6,25.46
oslo,Oslo,Norway,NO,2024-01-10,3,false,12,236.57,75.60,-8.5,0.0,45.7,25.50
oslo,Oslo,Norway,NO,2024-01-12,5,false,13,206.32,65.72,-8.6,0.0,66.6,28.80
oslo,Oslo,Norway,NO,2024-02-05,1,false,10,115.90,37.75,-4.6,0.0,55.6,22.98
oslo,Oslo,Norway,NO,2024-03-01,5,false,13,208.29,66.25,2.9,4.3,73.0,29.36
oslo,Oslo,Norway,NO,2024-03-10,7,true,8,113.72,37.87,-1.7,0.0,30.9,31.81
oslo,Oslo,Norway,NO,2024-04-04,4,false,15,250.21,79.76,-2.1,6.6,64.2,36.97
oslo,Oslo,Norway,NO,2024-04-22,1,false,10,168.39,53.81,2.3,0.0,36.8,48.87
oslo,Oslo,Norway,NO,2024-05-13,1,false,11,247.87,79.69,14.1,0.0,44.5,46.83
oslo,Oslo,Norway,NO,2024-05-15,3,false,6,133.51,43.14,16.2,0.0,53.6,40.82
oslo,Oslo,Norway,NO,2024-06-05,3,false,9,144.19,47.19,12.6,34.0,57.5,45.59
oslo,Oslo,Norway,NO,2024-06-07,5,false,16,245.64,79.28,10.6,4.8,69.5,40.98
oslo,Oslo,Norway,NO,2024-06-28,5,false,6,98.22,32.85,17.5,10.1,61.5,64.37
oslo,Oslo,Norway,NO,2024-07-06,6,true,8,93.29,29.47,13.2,0.8,27.9,47.92
oslo,Oslo,Norway,NO,2024-08-15,4,false,14,207.72,59.71,17.0,6.7,64.5,47.13
oslo,Oslo,Norway,NO,2024-08-26,1,false,5,100.76,31.57,14.6,1.7,65.6,49.15
oslo,Oslo,Norway,NO,2024-09-19,4,false,9,166.41,52.45,12.3,0.0,55.9,52.10
oslo,Oslo,Norway,NO,2024-09-25,3,false,8,133.94,42.47,11.8,11.2,77.3,55.93
oslo,Oslo,Norway,NO,2024-09-30,1,false,7,124.35,38.58,6.7,0.1,68.6,43.79
oslo,Oslo,Norway,NO,2025-01-23,4,false,19,364.54,115.68,-2.8,16.2,67.9,21.77
oslo,Oslo,Norway,NO,2025-01-28,2,false,17,328.48,104.63,1.4,7.5,69.9,28.02
oslo,Oslo,Norway,NO,2025-01-31,5,false,12,286.90,92.24,-4.6,0.0,60.4,29.23
oslo,Oslo,Norway,NO,2025-02-24,1,false,11,179.45,56.09,3.5,12.1,65.3,29.93
oslo,Oslo,Norway,NO,2025-03-29,6,true,7,89.94,29.04,6.4,0.0,28.4,27.64
oslo,Oslo,Norway,NO,2025-04-10,4,false,5,77.13,24.24,6.3,0.0,53.7,35.25
oslo,Oslo,Norway,NO,2025-05-01,4,false,14,255.89,79.96,11.3,0.0,55.1,37.30
oslo,Oslo,Norway,NO,2025-05-13,2,false,11,166.68,53.41,16.6,0.0,53.8,47.87
oslo,Oslo,Norway,NO,2025-05-16,5,false,8,159.26,50.79,14.0,0.0,56.0,52.79
oslo,Oslo,Norway,NO,2025-05-22,4,false,10,102.48,32.75,8.3,1.4,60.4,32.53
oslo,Oslo,Norway,NO,2025-07-05,6,true,8,95.31,30.97,14.5,12.6,45.5,50.31
oslo,Oslo,Norway,NO,2025-07-08,2,false,12,171.41,56.66,17.5,0.0,53.6,51.95
oslo,Oslo,Norway,NO,2025-07-24,4,false,14,249.40,76.97,23.4,0.1,67.7,51.09
oslo,Oslo,Norway,NO,2025-08-05,2,false,16,242.80,77.67,15.6,1.4,71.6,52.96
oslo,Oslo,Norway,NO,2025-08-19,2,false,8,138.39,44.14,16.3,0.0,58.1,44.31
oslo,Oslo,Norway,NO,2025-09-26,5,false,8,140.68,45.76,8.4,0.0,46.3,45.52
oslo,Oslo,Norway,NO,2025-10-08,3,false,12,177.02,57.83,9.7,0.0,54.9,38.34
oslo,Oslo,Norway,NO,2025-10-14,2,false,14,274.11,82.45,9.3,0.1,49.8,41.89
oslo,Oslo,Norway,NO,2025-10-17,5,false,10,181.08,57.42,3.2,0.4,54.1,39.17
oslo,Oslo,Norway,NO,2025-10-20,1,false,16,281.01,91.09,3.7,1.0,55.6,38.58
oslo,Oslo,Norway,NO,2025-11-01,6,true,6,114.04,36.07,5.7,16.9,34.0,32.79
oslo,Oslo,Norway,NO,2025-11-05,3,false,11,253.84,80.58,10.9,0.6,61.9,31.53
oslo,Oslo,Norway,NO,2025-11-16,7,true,6,100.23,31.19,0.0,0.0,29.1,28.77
oslo,Oslo,Norway,NO,2025-11-19,3,false,9,167.02,52.34,-3.4,0.4,43.9,28.16
oslo,Oslo,Norway,NO,2025-11-20,4,false,9,247.39,79.66,-4.5,0.0,54.8,33.31
oslo,Oslo,Norway,NO,2025-11-22,6,true,10,252.24,80.84,1.4,2.6,39.2,26.41
copenhagen,Copenhagen,Denmark,DK,2024-03-08,5,false,8,184.20,88.55,0.8,0.0,47.4,49.72
copenhagen,Copenhagen,Denmark,DK,2024-03-13,3,false,13,186.83,86.97,3.7,0.4,60.5,59.20
copenhagen,Copenhagen,Denmark,DK,2024-03-23,6,true,5,56.65,26.56,5.1,1.4,52.8,45.66
copenhagen,Copenhagen,Denmark,DK,2024-03-29,5,false,10,108.43,51.44,6.1,4.9,67.0,62.04
copenhagen,Copenhagen,Denmark,DK,2024-05-12,7,true,8,129.34,59.90,10.5,0.0,35.6,53.82
copenhagen,Copenhagen,Denmark,DK,2024-05-14,2,false,7,88.73,41.44,14.4,0.0,64.2,66.34
copenhagen,Copenhagen,Denmark,DK,2024-06-16,7,true,5,106.28,49.03,15.7,0.0,21.9,58.90
copenhagen,Copenhagen,Denmark,DK,2024-07-09,2,false,9,103.49,50.43,17.3,0.2,46.3,66.26
copenhagen,Copenhagen,Denmark,DK,2024-07-21,7,true,8,116.18,55.10,19.5,0.0,19.7,83.86
copenhagen,Copenhagen,Denmark,DK,2024-07-23,2,false,11,141.85,68.57,17.1,0.6,54.9,107.77
copenhagen,Copenhagen,Denmark,DK,2024-09-23,1,false,8,140.05,66.54,16.2,0.0,37.5,51.84
copenhagen,Copenhagen,Denmark,DK,2024-10-02,3,false,15,253.97,124.06,10.3,0.0,67.7,69.33
copenhagen,Copenhagen,Denmark,DK,2024-10-09,3,false,8,93.20,44.55,13.8,5.1,82.6,70.91
copenhagen,Copenhagen,Denmark,DK,2024-10-29,2,false,6,122.77,62.07,12.1,0.2,71.9,71.79
copenhagen,Copenhagen,Denmark,DK,2024-11-02,6,true,5,52.63,25.05,6.7,0.0,32.9,51.80
copenhagen,Copenhagen,Denmark,DK,2024-11-30,6,true,6,128.58,61.27,4.6,0.7,33.0,41.49
copenhagen,Copenhagen,Denmark,DK,2024-12-26,4,false,11,159.21,78.57,6.8,0.9,54.9,45.92
copenhagen,Copenhagen,Denmark,DK,2025-01-12,7,true,2,13.19,6.33,-0.4,0.0,35.9,35.81
copenhagen,Copenhagen,Denmark,DK,2025-01-27,1,false,10,101.43,49.68,4.8,2.7,70.7,45.78
copenhagen,Copenhagen,Denmark,DK,2025-03-01,6,true,9,104.18,48.79,2.7,0.0,36.3,43.21
copenhagen,Copenhagen,Denmark,DK,2025-03-05,3,false,7,107.30,52.48,7.5,0.0,48.6,62.49
copenhagen,Copenhagen,Denmark,DK,2025-03-07,5,false,7,88.91,42.48,6.8,0.0,42.8,42.73
copenhagen,Copenhagen,Denmark,DK,2025-03-16,7,true,3,58.62,28.14,4.2,1.0,36.9,45.14
copenhagen,Copenhagen,Denmark,DK,2025-04-08,2,false,15,195.61,94.30,7.1,0.2,41.6,48.84
copenhagen,Copenhagen,Denmark,DK,2025-04-17,4,false,14,186.24,89.49,12.7,0.0,54.7,78.24
copenhagen,Copenhagen,Denmark,DK,2025-04-26,6,true,3,35.06,15.87,8.1,0.0,20.3,65.38
copenhagen,Copenhagen,Denmark,DK,2025-04-28,1,false,11,168.72,79.52,11.6,0.0,53.7,89.07
copenhagen,Copenhagen,Denmark,DK,2025-05-04,7,true,9,128.26,63.98,8.7,4.2,41.0,63.27
copenhagen,Copenhagen,Denmark,DK,2025-05-05,1,false,8,146.28,67.66,8.6,0.1,54.3,90.41
copenhagen,Copenhagen,Denmark,DK,2025-06-03,2,false,12,126.96,60.83,13.2,0.0,47.0,90.91
copenhagen,Copenhagen,Denmark,DK,2025-08-12,2,false,10,140.27,68.38,18.2,0.0,53.6,94.64
copenhagen,Copenhagen,Denmark,DK,2025-08-18,1,false,7,83.84,41.74,18.5,0.0,58.8,84.47
copenhagen,Copenhagen,Denmark,DK,2025-08-31,7,true,7,105.32,49.81,18.4,0.0,34.8,91.44
copenhagen,Copenhagen,Denmark,DK,2025-09-15,1,false,9,131.12,64.58,15.6,3.3,44.6,74.32
copenhagen,Copenhagen,Denmark,DK,2025-09-20,6,true,10,154.78,74.97,18.3,0.6,16.3,57.71
copenhagen,Copenhagen,Denmark,DK,2025-10-18,6,true,11,187.71,87.84,6.4,0.0,32.2,59.27
copenhagen,Copenhagen,Denmark,DK,2025-11-04,2,false,9,112.64,53.25,12.3,0.2,51.3,64.36
copenhagen,Copenhagen,Denmark,DK,2025-11-06,4,false,9,96.37,47.13,10.6,0.0,47.2,49.11
copenhagen,Copenhagen,Denmark,DK,2025-11-10,1,false,13,195.16,93.61,7.6,0.5,67.4,46.48
copenhagen,Copenhagen,Denmark,DK,2025-11-12,3,false,9,93.01,44.13,10.2,1.2,65.7,56.68
copenhagen,Copenhagen,Denmark,DK,2025-11-13,4,false,5,46.95,23.02,10.8,0.1,40.9,57.59
copenhagen,Copenhagen,Denmark,DK,2025-11-17,1,false,15,230.92,111.20,3.5,0.4,40.4,60.20
copenhagen,Copenhagen,Denmark,DK,2025-12-02,2,false,11,184.30,92.86,5.6,0.0,51.9,56.43
copenhagen,Copenhagen,Denmark,DK,2025-12-20,6,true,7,70.59,35.20,6.5,0.0,22.9,43.59
berlin,Berlin,Germany,DE,2024-02-12,1,false,10,165.51,85.48,6.5,5.0,59.4,64.29
berlin,Berlin,Germany,DE,2024-02-19,1,false,10,132.81,68.83,7.5,5.3,70.4,47.19
berlin,Berlin,Germany,DE,2024-02-23,5,false,6,80.23,43.18,7.4,0.0,44.7,53.78
berlin,Berlin,Germany,DE,2024-04-06,6,true,7,103.20,52.57,16.2,0.1,23.1,70.04
berlin,Berlin,Germany,DE,2024-04-10,3,false,5,72.11,37.14,11.3,0.4,53.5,81.72
berlin,Berlin,Germany,DE,2024-04-11,4,false,12,200.74,102.59,11.5,0.0,54.6,81.10
berlin,Berlin,Germany,DE,2024-05-07,2,false,5,70.37,35.74,11.7,0.3,53.4,92.42
berlin,Berlin,Germany,DE,2024-05-16,4,false,8,154.20,77.30,20.1,0.0,63.8,88.35
berlin,Berlin,Germany,DE,2024-05-22,3,false,9,144.16,78.54,19.2,12.2,69.0,120.46
berlin,Berlin,Germany,DE,2024-07-14,7,true,8,149.67,78.78,19.4,1.5,40.8,101.78
berlin,Berlin,Germany,DE,2024-07-15,1,false,6,73.89,37.51,23.1,0.0,65.5,81.56
berlin,Berlin,Germany,DE,2024-08-06,2,false,8,161.00,84.11,19.9,0.0,40.3,130.01
berlin,Berlin,Germany,DE,2024-10-06,7,true,3,44.31,23.53,9.2,0.0,25.4,73.00
berlin,Berlin,Germany,DE,2024-10-11,5,false,3,42.81,22.60,8.7,0.2,51.3,81.56
berlin,Berlin,Germany,DE,2024-11-10,7,true,8,149.48,76.56,1.6,0.0,34.7,54.56
berlin,Berlin,Germany,DE,2024-11-18,1,false,3,52.06,26.87,4.0,0.7,59.9,61.06
berlin,Berlin,Germany,DE,2024-11-29,5,false,8,143.35,75.43,4.1,0.1,52.5,69.46
berlin,Berlin,Germany,DE,2025-01-11,6,true,8,228.13,117.04,0.1,2.4,40.4,54.07
berlin,Berlin,Germany,DE,2025-02-04,2,false,8,152.28,81.46,-0.6,0.0,45.9,102.73
berlin,Berlin,Germany,DE,2025-04-18,5,false,6,50.39,26.98,12.3,3.7,64.3,90.24
berlin,Berlin,Germany,DE,2025-05-06,2,false,7,101.49,52.04,9.6,0.0,59.6,72.58
berlin,Berlin,Germany,DE,2025-05-28,3,false,4,53.38,25.17,15.9,4.6,78.4,93.73
berlin,Berlin,Germany,DE,2025-06-24,2,false,8,79.25,42.35,18.0,1.7,67.7,110.28
berlin,Berlin,Germany,DE,2025-07-07,1,false,6,151.64,80.82,20.0,6.8,52.7,113.14
berlin,Berlin,Germany,DE,2025-08-28,4,false,6,90.60,48.21,19.4,9.2,69.1,100.98
berlin,Berlin,Germany,DE,2025-09-08,1,false,6,117.72,59.42,17.0,0.0,64.9,102.33
berlin,Berlin,Germany,DE,2025-09-29,1,false,4,53.85,27.69,11.1,0.0,58.4,97.09
berlin,Berlin,Germany,DE,2025-10-09,4,false,10,110.69,57.65,12.9,0.7,60.9,90.70
berlin,Berlin,Germany,DE,2025-11-24,1,false,10,133.11,70.22,0.2,0.7,56.4,88.89
berlin,Berlin,Germany,DE,2025-11-27,4,false,8,86.71,45.14,2.4,0.0,39.2,67.21
berlin,Berlin,Germany,DE,2025-12-25,4,false,8,140.65,75.49,-7.1,0.0,57.0,66.17
amsterdam,Amsterdam,Netherlands,NL,2024-01-11,4,false,11,168.00,83.80,-1.1,0.0,48.0,65.08
amsterdam,Amsterdam,Netherlands,NL,2024-01-18,4,false,10,121.69,59.97,-1.4,0.6,52.6,124.30
amsterdam,Amsterdam,Netherlands,NL,2024-01-29,1,false,2,15.63,7.86,6.5,0.0,48.8,56.37
amsterdam,Amsterdam,Netherlands,NL,2024-02-04,7,true,10,171.09,86.05,9.6,1.4,28.0,60.31
amsterdam,Amsterdam,Netherlands,NL,2024-02-17,6,true,7,127.97,65.18,9.0,0.3,45.1,35.62
amsterdam,Amsterdam,Netherlands,NL,2024-03-11,1,false,7,159.31,78.93,7.2,5.2,59.0,62.27
amsterdam,Amsterdam,Netherlands,NL,2024-03-31,7,true,4,36.73,18.36,9.7,7.5,36.0,52.82
amsterdam,Amsterdam,Netherlands,NL,2024-04-09,2,false,8,186.98,91.33,11.2,1.8,49.9,101.64
amsterdam,Amsterdam,Netherlands,NL,2024-04-29,1,false,6,99.59,47.86,11.8,1.5,68.0,101.18
amsterdam,Amsterdam,Netherlands,NL,2024-05-18,6,true,9,122.60,63.20,17.1,2.0,24.3,84.27
amsterdam,Amsterdam,Netherlands,NL,2024-05-19,7,true,4,82.66,42.37,16.3,0.6,34.0,99.60
amsterdam,Amsterdam,Netherlands,NL,2024-05-26,7,true,7,140.02,69.77,15.3,6.9,40.9,107.74
amsterdam,Amsterdam,Netherlands,NL,2024-06-03,1,false,8,88.78,45.59,13.5,0.1,55.9,93.39
amsterdam,Amsterdam,Netherlands,NL,2024-06-13,4,false,6,97.05,47.27,13.4,1.2,64.7,129.07
amsterdam,Amsterdam,Netherlands,NL,2024-07-07,7,true,6,76.44,37.28,13.7,10.9,34.0,112.82
amsterdam,Amsterdam,Netherlands,NL,2024-07-16,2,false,15,181.00,94.25,17.5,7.2,69.9,142.29
amsterdam,Amsterdam,Netherlands,NL,2024-08-09,5,false,8,192.64,97.50,19.6,5.1,67.4,114.57
amsterdam,Amsterdam,Netherlands,NL,2024-08-10,6,true,6,90.53,46.04,18.9,0.0,46.1,116.98
amsterdam,Amsterdam,Netherlands,NL,2024-08-24,6,true,7,109.24,55.04,18.5,7.6,25.5,92.16
amsterdam,Amsterdam,Netherlands,NL,2024-11-09,6,true,5,74.17,35.54,6.1,0.0,17.0,59.05
amsterdam,Amsterdam,Netherlands,NL,2024-11-13,3,false,10,162.53,81.73,9.3,0.0,64.1,91.01
amsterdam,Amsterdam,Netherlands,NL,2024-11-23,6,true,4,72.81,36.39,3.9,12.9,38.9,49.44
amsterdam,Amsterdam,Netherlands,NL,2024-12-14,6,true,4,70.47,34.79,4.2,1.7,32.7,50.85
amsterdam,Amsterdam,Netherlands,NL,2024-12-20,5,false,5,111.16,57.33,6.5,1.3,61.1,56.96
amsterdam,Amsterdam,Netherlands,NL,2024-12-28,6,true,7,153.41,77.88,2.3,0.0,31.0,52.68
amsterdam,Amsterdam,Netherlands,NL,2025-01-17,5,false,11,279.94,143.37,2.1,0.0,73.8,62.15
amsterdam,Amsterdam,Netherlands,NL,2025-01-30,4,false,7,106.28,53.46,5.2,0.9,66.6,52.76
amsterdam,Amsterdam,Netherlands,NL,2025-02-28,5,false,4,71.94,35.41,4.9,0.5,48.0,88.01
amsterdam,Amsterdam,Netherlands,NL,2025-03-10,1,false,4,63.59,33.38,7.9,0.0,49.7,55.30
amsterdam,Amsterdam,Netherlands,NL,2025-03-14,5,false,10,190.44,96.89,2.6,0.5,53.1,57.04
amsterdam,Amsterdam,Netherlands,NL,2025-04-13,7,true,2,36.15,16.42,13.1,3.6,34.9,65.34
amsterdam,Amsterdam,Netherlands,NL,2025-04-21,1,false,9,155.99,78.81,10.4,8.0,70.1,110.29
amsterdam,Amsterdam,Netherlands,NL,2025-05-23,5,false,7,110.27,52.97,10.2,1.5,54.7,105.37
amsterdam,Amsterdam,Netherlands,NL,2025-05-29,4,false,9,160.81,81.49,14.1,1.2,49.3,107.81
amsterdam,Amsterdam,Netherlands,NL,2025-05-31,6,true,4,64.62,33.13,18.3,0.3,30.7,89.33
amsterdam,Amsterdam,Netherlands,NL,2025-06-17,2,false,8,88.21,44.10,17.7,0.0,64.5,113.67
amsterdam,Amsterdam,Netherlands,NL,2025-07-19,6,true,10,199.25,102.31,22.5,0.1,23.8,86.28
amsterdam,Amsterdam,Netherlands,NL,2025-08-29,5,false,10,189.73,95.96,16.7,0.5,54.8,80.92
amsterdam,Amsterdam,Netherlands,NL,2025-09-04,4,false,8,118.63,57.13,17.6,0.3,59.1,112.54
amsterdam,Amsterdam,Netherlands,NL,2025-09-06,6,true,3,35.02,16.07,16.5,0.0,39.3,79.32
amsterdam,Amsterdam,Netherlands,NL,2025-09-12,5,false,8,176.38,86.56,13.9,3.5,55.4,86.91
amsterdam,Amsterdam,Netherlands,NL,2025-10-12,7,true,4,77.42,39.37,14.4,0.3,27.6,70.79
amsterdam,Amsterdam,Netherlands,NL,2025-10-25,6,true,5,74.11,37.13,9.3,6.7,29.2,72.60
amsterdam,Amsterdam,Netherlands,NL,2025-10-29,3,false,8,71.23,34.04,11.4,7.7,69.5,84.02
amsterdam,Amsterdam,Netherlands,NL,2025-11-21,5,false,9,210.46,103.29,2.0,0.2,66.1,64.63
amsterdam,Amsterdam,Netherlands,NL,2025-11-25,2,false,9,155.30,75.94,3.3,0.4,58.9,70.66
amsterdam,Amsterdam,Netherlands,NL,2025-12-19,5,false,15,226.62,113.21,9.5,4.3,73.4,55.85
amsterdam,Amsterdam,Netherlands,NL,2025-12-28,7,true,6,96.85,49.60,1.4,0.0,28.5,50.87
paris,Paris,France,FR,2024-03-08,5,false,15,208.82,92.11,8.4,0.0,32.8,69.16
paris,Paris,France,FR,2024-03-13,3,false,14,230.61,101.67,11.2,0.0,40.9,78.21
paris,Paris,France,FR,2024-03-23,6,true,6,109.03,46.97,7.2,5.0,46.1,58.01
paris,Paris,France,FR,2024-03-29,5,false,15,163.12,73.03,10.3,6.5,62.7,68.26
paris,Paris,France,FR,2024-05-12,7,true,9,198.91,87.67,17.8,12.7,36.2,72.64
paris,Paris,France,FR,2024-05-14,2,false,11,150.72,67.09,14.4,16.2,72.1,94.85
paris,Paris,France,FR,2024-06-16,7,true,6,83.12,36.15,15.5,6.4,45.8,93.41
paris,Paris,France,FR,2024-07-09,2,false,9,162.68,71.71,20.3,1.7,71.9,122.34
paris,Paris,France,FR,2024-07-21,7,true,5,38.29,16.58,21.2,1.7,25.4,75.54
paris,Paris,France,FR,2024-07-23,2,false,9,100.19,44.17,20.0,2.8,61.6,93.02
paris,Paris,France,FR,2024-09-23,1,false,19,244.79,106.56,15.1,6.4,74.9,92.11
paris,Paris,France,FR,2024-10-02,3,false,15,254.86,108.40,13.2,1.7,59.2,94.06
paris,Paris,France,FR,2024-10-09,3,false,5,63.32,28.22,14.3,54.6,66.0,69.38
paris,Paris,France,FR,2024-10-29,2,false,10,132.27,58.10,10.9,0.0,54.9,71.98
paris,Paris,France,FR,2024-11-02,6,true,12,148.09,64.33,10.9,0.5,34.6,64.72
paris,Paris,France,FR,2024-11-30,6,true,9,88.42,38.54,3.0,0.0,30.3,58.71
paris,Paris,France,FR,2024-12-26,4,false,14,256.98,111.77,6.7,0.0,54.4,58.74
paris,Paris,France,FR,2025-01-12,7,true,9,156.65,67.50,1.4,0.0,33.7,30.88
paris,Paris,France,FR,2025-01-27,1,false,13,214.34,92.69,9.6,1.6,67.8,49.12
paris,Paris,France,FR,2025-03-01,6,true,13,202.37,90.22,3.6,0.0,28.2,59.07
paris,Paris,France,FR,2025-03-05,3,false,7,204.63,88.26,7.7,0.0,65.0,43.91
paris,Paris,France,FR,2025-03-07,5,false,11,114.81,49.65,10.8,0.0,60.4,56.33
paris,Paris,France,FR,2025-03-16,7,true,8,142.63,62.60,5.9,0.0,27.4,58.94
paris,Paris,France,FR,2025-04-08,2,false,8,85.14,36.55,11.7,0.0,48.7,82.03
paris,Paris,France,FR,2025-04-17,4,false,10,224.05,100.16,11.9,0.0,68.0,88.18
paris,Paris,France,FR,2025-04-26,6,true,5,50.34,21.11,13.5,0.2,43.3,62.01
paris,Paris,France,FR,2025-04-28,1,false,11,198.37,90.08,17.1,0.0,58.2,91.59
paris,Paris,France,FR,2025-05-04,7,true,7,128.56,57.40,11.8,0.8,33.7,72.60
paris,Paris,France,FR,2025-05-05,1,false,16,242.61,105.12,10.1,0.0,47.2,87.64
paris,Paris,France,FR,2025-06-03,2,false,15,197.61,87.21,19.1,0.0,65.5,109.22
paris,Paris,France,FR,2025-08-12,2,false,11,192.28,87.84,27.6,0.0,44.4,88.23
paris,Paris,France,FR,2025-08-18,1,false,12,172.94,76.28,22.3,0.0,54.1,108.68
paris,Paris,France,FR,2025-08-31,7,true,7,134.56,58.10,18.4,4.7,33.4,66.54
paris,Paris,France,FR,2025-09-15,1,false,5,139.80,64.55,17.6,0.7,52.6,82.24
paris,Paris,France,FR,2025-09-20,6,true,6,110.54,49.67,20.5,8.8,21.6,70.36
paris,Paris,France,FR,2025-10-18,6,true,6,76.01,33.98,11.3,0.0,34.4,69.53
paris,Paris,France,FR,2025-11-04,2,false,13,224.68,99.72,12.3,0.0,50.4,75.72
paris,Paris,France,FR,2025-11-06,4,false,11,181.87,78.48,13.0,6.3,63.0,54.62
paris,Paris,France,FR,2025-11-10,1,false,11,125.54,55.08,9.6,1.8,58.6,59.06
paris,Paris,France,FR,2025-11-12,3,false,8,113.87,47.65,11.9,0.0,45.6,56.57
paris,Paris,France,FR,2025-11-13,4,false,14,229.64,101.65,14.7,0.0,60.4,60.27
paris,Paris,France,FR,2025-11-17,1,false,9,139.64,62.57,6.3,0.3,57.0,73.09
paris,Paris,France,FR,2025-12-02,2,false,11,238.03,103.39,8.2,0.4,53.5,50.85
paris,Paris,France,FR,2025-12-20,6,true,11,171.31,76.01,8.2,2.1,41.2,45.99
madrid,Madrid,Spain,ES,2024-02-26,1,false,11,191.34,77.49,8.1,1.5,57.1,51.40
madrid,Madrid,Spain,ES,2024-04-01,1,false,12,178.14,70.62,7.6,0.6,56.1,51.17
madrid,Madrid,Spain,ES,2024-04-24,3,false,8,63.13,25.02,12.0,0.0,53.9,69.74
madrid,Madrid,Spain,ES,2024-04-30,2,false,12,200.96,81.22,12.4,0.1,44.8,72.71
madrid,Madrid,Spain,ES,2024-06-04,2,false,13,281.15,112.08,24.2,0.0,54.7,75.60
madrid,Madrid,Spain,ES,2024-06-08,6,true,5,41.09,16.08,20.0,15.5,27.1,80.20
madrid,Madrid,Spain,ES,2024-06-11,2,false,1,4.49,1.70,17.8,0.0,45.3,95.79
madrid,Madrid,Spain,ES,2024-06-18,2,false,8,195.53,79.17,21.2,0.2,70.3,86.86
madrid,Madrid,Spain,ES,2024-07-12,5,false,5,61.66,23.93,27.2,0.0,50.5,90.81
madrid,Madrid,Spain,ES,2024-07-31,3,false,10,134.09,51.40,30.8,0.0,51.2,80.67
madrid,Madrid,Spain,ES,2024-08-05,1,false,7,72.48,28.94,31.4,0.0,53.1,90.30
madrid,Madrid,Spain,ES,2024-08-11,7,true,7,109.31,44.77,31.4,0.0,28.4,70.92
madrid,Madrid,Spain,ES,2024-08-18,7,true,7,77.76,30.62,28.2,0.0,31.9,71.19
madrid,Madrid,Spain,ES,2024-08-19,1,false,9,140.81,57.14,27.6,0.0,65.3,84.43
madrid,Madrid,Spain,ES,2024-08-25,7,true,3,33.38,13.76,27.1,0.0,35.8,71.44
madrid,Madrid,Spain,ES,2024-09-03,2,false,9,184.31,70.69,23.6,0.1,71.7,81.29
madrid,Madrid,Spain,ES,2024-09-21,6,true,10,153.63,61.13,18.4,6.5,43.5,65.94
madrid,Madrid,Spain,ES,2024-10-23,3,false,18,248.54,101.02,15.2,0.7,65.9,81.93
madrid,Madrid,Spain,ES,2024-11-17,7,true,4,76.50,30.89,11.2,0.1,46.3,35.64
madrid,Madrid,Spain,ES,2024-11-25,1,false,15,321.45,127.13,13.5,1.7,59.2,50.55
madrid,Madrid,Spain,ES,2024-12-07,6,true,6,88.48,35.38,9.6,0.0,30.8,37.70
madrid,Madrid,Spain,ES,2024-12-10,2,false,13,192.21,77.93,4.8,0.0,44.1,50.34
madrid,Madrid,Spain,ES,2024-12-30,1,false,13,179.37,72.73,3.3,0.0,53.6,47.11
madrid,Madrid,Spain,ES,2025-01-05,7,true,7,113.05,43.62,7.7,3.1,37.2,36.25
madrid,Madrid,Spain,ES,2025-01-15,3,false,11,221.87,86.29,1.2,0.0,53.1,43.02
madrid,Madrid,Spain,ES,2025-01-26,7,true,10,120.49,48.03,8.7,2.1,35.9,35.87
madrid,Madrid,Spain,ES,2025-02-06,4,false,7,88.02,34.95,5.3,0.0,63.9,78.43
madrid,Madrid,Spain,ES,2025-02-09,7,true,5,55.76,22.68,6.8,0.0,45.7,67.12
madrid,Madrid,Spain,ES,2025-03-09,7,true,4,56.29,23.14,5.9,7.1,33.3,33.07
madrid,Madrid,Spain,ES,2025-03-12,3,false,11,237.59,97.89,8.5,0.6,67.0,58.91
madrid,Madrid,Spain,ES,2025-03-18,2,false,13,195.29,78.16,8.4,28.5,60.1,60.30
madrid,Madrid,Spain,ES,2025-05-08,4,false,11,200.27,79.01,12.7,4.7,67.7,80.71
madrid,Madrid,Spain,ES,2025-05-11,7,true,7,105.06,42.81,12.7,0.0,24.8,47.63
madrid,Madrid,Spain,ES,2025-06-12,4,false,10,171.01,67.86,22.0,0.0,44.0,80.26
madrid,Madrid,Spain,ES,2025-07-16,3,false,12,209.14,85.18,31.2,0.0,52.5,62.77
madrid,Madrid,Spain,ES,2025-07-25,5,false,5,75.46,30.58,23.1,0.0,58.5,80.88
madrid,Madrid,Spain,ES,2025-07-26,6,true,6,116.54,46.92,25.6,0.0,6.0,79.83
madrid,Madrid,Spain,ES,2025-08-09,6,true,6,159.75,64.03,31.9,0.0,30.7,64.12
madrid,Madrid,Spain,ES,2025-08-26,2,false,5,64.23,25.17,29.1,0.0,64.8,90.59
madrid,Madrid,Spain,ES,2025-09-14,7,true,11,208.62,83.60,24.1,0.0,27.8,70.54
madrid,Madrid,Spain,ES,2025-09-25,4,false,6,111.66,43.18,16.7,0.0,64.2,70.56
madrid,Madrid,Spain,ES,2025-11-03,1,false,10,111.09,44.11,11.2,0.0,70.2,61.91
madrid,Madrid,Spain,ES,2025-11-29,6,true,4,45.01,17.60,5.5,0.0,10.0,41.73
madrid,Madrid,Spain,ES,2025-12-09,2,false,6,100.34,41.11,7.7,0.6,53.9,48.95
madrid,Madrid,Spain,ES,2025-12-15,1,false,10,149.70,60.56,7.9,3.5,71.7,47.42
warsaw,Warsaw,Poland,PL,2024-01-15,1,false,8,131.74,48.52,-0.2,3.7,66.0,107.34
warsaw,Warsaw,Poland,PL,2024-03-09,6,true,9,157.83,56.74,2.2,0.0,23.5,59.96
warsaw,Warsaw,Poland,PL,2024-03-17,7,true,7,81.45,28.80,3.4,2.2,37.5,61.05
warsaw,Warsaw,Poland,PL,2024-03-20,3,false,7,159.19,58.46,3.3,0.0,50.9,66.26
warsaw,Warsaw,Poland,PL,2024-03-30,6,true,7,122.52,43.56,15.2,0.0,36.6,58.27
warsaw,Warsaw,Poland,PL,2024-04-28,7,true,9,130.84,47.02,15.1,0.0,13.9,69.85
warsaw,Warsaw,Poland,PL,2024-05-17,5,false,9,149.81,54.02,16.9,0.0,46.1,81.52
warsaw,Warsaw,Poland,PL,2024-05-27,1,false,8,153.92,57.27,21.5,0.0,54.5,95.35
warsaw,Warsaw,Poland,PL,2024-07-27,6,true,8,109.69,39.17,23.2,0.0,26.6,101.10
warsaw,Warsaw,Poland,PL,2024-07-28,7,true,12,222.11,77.72,19.8,23.0,38.0,81.37
warsaw,Warsaw,Poland,PL,2024-09-08,7,true,9,181.72,63.64,22.8,0.0,31.1,90.58
warsaw,Warsaw,Poland,PL,2024-09-12,4,false,9,142.23,49.43,15.8,0.2,50.6,63.48
warsaw,Warsaw,Poland,PL,2024-09-14,6,true,3,64.95,23.31,17.9,13.3,33.8,76.48
warsaw,Warsaw,Poland,PL,2024-10-08,2,false,9,226.47,82.28,13.1,0.0,49.6,82.70
warsaw,Warsaw,Poland,PL,2024-10-14,1,false,12,193.42,70.02,9.6,1.0,56.7,74.77
warsaw,Warsaw,Poland,PL,2024-11-06,3,false,5,96.73,33.98,2.3,0.0,54.4,59.87
warsaw,Warsaw,Poland,PL,2024-11-11,1,false,10,180.90,66.04,2.2,0.0,44.2,76.04
warsaw,Warsaw,Poland,PL,2024-12-03,2,false,12,189.77,67.84,3.2,0.0,50.5,54.97
warsaw,Warsaw,Poland,PL,2024-12-29,7,true,10,145.47,53.29,1.3,0.2,49.2,36.78
warsaw,Warsaw,Poland,PL,2025-01-03,5,false,11,174.19,60.51,-0.3,5.3,84.1,47.70
warsaw,Warsaw,Poland,PL,2025-01-25,6,true,7,132.39,47.84,5.9,0.4,32.8,43.16
warsaw,Warsaw,Poland,PL,2025-02-02,7,true,9,120.01,43.53,0.8,3.1,21.9,89.26
warsaw,Warsaw,Poland,PL,2025-02-19,3,false,14,237.22,84.35,-2.2,0.1,50.0,57.03
warsaw,Warsaw,Poland,PL,2025-03-04,2,false,9,191.05,69.08,6.3,0.0,53.9,55.21
warsaw,Warsaw,Poland,PL,2025-03-13,4,false,13,246.86,93.55,8.4,12.5,54.9,55.26
warsaw,Warsaw,Poland,PL,2025-03-19,3,false,9,106.55,38.52,3.3,0.0,52.5,61.80
warsaw,Warsaw,Poland,PL,2025-03-20,4,false,16,272.05,100.02,5.6,0.0,51.1,69.87
warsaw,Warsaw,Poland,PL,2025-03-23,7,true,3,34.00,12.63,8.2,2.3,43.9,65.04
warsaw,Warsaw,Poland,PL,2025-04-20,7,true,6,83.18,29.56,17.0,0.0,28.0,68.91
warsaw,Warsaw,Poland,PL,2025-05-02,5,false,11,129.06,46.43,17.9,0.2,42.7,72.57
warsaw,Warsaw,Poland,PL,2025-05-18,7,true,3,35.65,12.45,7.5,2.1,26.2,83.88
warsaw,Warsaw,Poland,PL,2025-05-24,6,true,8,136.99,48.51,12.3,0.0,31.2,99.35
warsaw,Warsaw,Poland,PL,2025-06-16,1,false,3,30.78,11.35,20.7,7.8,55.6,113.65
warsaw,Warsaw,Poland,PL,2025-06-21,6,true,7,129.81,46.41,18.5,0.0,32.1,84.03
warsaw,Warsaw,Poland,PL,2025-06-25,3,false,10,260.02,93.01,18.3,4.7,65.1,90.60
warsaw,Warsaw,Poland,PL,2025-07-21,1,false,11,204.27,72.98,23.1,0.1,52.0,116.49
warsaw,Warsaw,Poland,PL,2025-07-28,1,false,13,246.11,87.82,19.5,11.3,70.8,103.77
warsaw,Warsaw,Poland,PL,2025-09-09,2,false,8,111.32,39.81,18.3,1.0,62.9,91.22
warsaw,Warsaw,Poland,PL,2025-10-01,3,false,7,131.54,45.26,8.7,0.3,47.0,90.09
warsaw,Warsaw,Poland,PL,2025-10-11,6,true,5,67.30,25.70,12.2,2.0,25.8,58.35
stockholm,Stockholm,Sweden,SE,2024-01-07,7,true,4,92.41,34.92,-11.1,0.0,22.0,21.31
stockholm,Stockholm,Sweden,SE,2024-01-17,3,false,11,180.75,68.02,-3.1,5.7,83.3,71.96
stockholm,Stockholm,Sweden,SE,2024-01-26,5,false,10,115.47,42.73,-1.0,5.9,68.8,31.14
stockholm,Stockholm,Sweden,SE,2024-02-03,6,true,5,91.20,34.52,3.5,0.0,21.1,26.67
stockholm,Stockholm,Sweden,SE,2024-02-14,3,false,10,189.32,68.94,-0.4,0.3,61.8,37.58
stockholm,Stockholm,Sweden,SE,2024-02-25,7,true,10,191.27,71.54,1.6,0.6,23.5,28.89
stockholm,Stockholm,Sweden,SE,2024-02-27,2,false,12,207.18,75.98,1.3,0.1,48.4,31.05
stockholm,Stockholm,Sweden,SE,2024-02-29,4,false,12,249.36,94.71,2.6,0.0,66.9,40.32
stockholm,Stockholm,Sweden,SE,2024-03-18,1,false,12,226.53,83.91,-2.5,0.0,43.4,33.81
stockholm,Stockholm,Sweden,SE,2024-03-26,2,false,15,324.31,123.34,0.9,0.5,52.1,36.93
stockholm,Stockholm,Sweden,SE,2024-04-08,1,false,5,123.13,47.35,10.6,0.1,66.8,41.30
stockholm,Stockholm,Sweden,SE,2024-04-19,5,false,12,195.88,74.33,1.2,0.1,48.5,51.08
stockholm,Stockholm,Sweden,SE,2024-05-04,6,true,7,69.04,26.10,11.9,0.0,36.7,48.74
stockholm,Stockholm,Sweden,SE,2024-05-10,5,false,7,127.79,48.38,8.7,0.0,52.9,60.88
stockholm,Stockholm,Sweden,SE,2024-06-10,1,false,13,189.67,69.58,11.3,9.0,68.7,56.05
stockholm,Stockholm,Sweden,SE,2024-07-02,2,false,7,90.88,34.95,17.0,0.1,47.2,53.13
stockholm,Stockholm,Sweden,SE,2024-07-18,4,false,6,82.11,32.18,18.6,2.1,62.4,58.71
stockholm,Stockholm,Sweden,SE,2024-08-17,6,true,4,51.62,19.55,16.8,0.0,38.0,36.77
stockholm,Stockholm,Sweden,SE,2024-08-23,5,false,3,74.67,28.10,17.2,1.5,60.3,60.56
stockholm,Stockholm,Sweden,SE,2024-09-06,5,false,12,148.29,57.00,17.8,0.0,49.7,57.33
stockholm,Stockholm,Sweden,SE,2024-09-07,6,true,7,137.84,51.84,18.4,0.1,27.7,48.19
stockholm,Stockholm,Sweden,SE,2024-09-17,2,false,5,81.07,30.61,13.9,0.1,46.5,55.83
stockholm,Stockholm,Sweden,SE,2024-09-18,3,false,8,166.55,63.07,13.2,0.0,54.7,48.32
stockholm,Stockholm,Sweden,SE,2024-09-27,5,false,5,52.92,20.12,10.7,19.1,91.2,53.28
stockholm,Stockholm,Sweden,SE,2024-10-19,6,true,10,216.66,81.85,10.9,6.0,39.5,42.35
stockholm,Stockholm,Sweden,SE,2024-11-20,3,false,13,218.78,82.27,0.5,5.4,73.8,38.03
stockholm,Stockholm,Sweden,SE,2025-01-08,3,false,6,56.94,21.60,0.5,1.5,48.4,24.86
stockholm,Stockholm,Sweden,SE,2025-01-09,4,false,8,177.98,66.13,-5.0,0.0,53.8,33.24
stockholm,Stockholm,Sweden,SE,2025-02-05,3,false,5,85.24,33.16,2.5,0.0,44.3,53.42
stockholm,Stockholm,Sweden,SE,2025-02-20,4,false,6,118.52,45.95,-4.2,0.0,47.3,32.71
stockholm,Stockholm,Sweden,SE,2025-02-21,5,false,4,99.57,35.76,0.9,0.8,43.9,34.09
stockholm,Stockholm,Sweden,SE,2025-03-11,2,false,9,134.15,53.00,0.5,0.0,61.5,30.97
stockholm,Stockholm,Sweden,SE,2025-03-26,3,false,3,102.53,39.02,4.9,0.6,45.6,42.64
stockholm,Stockholm,Sweden,SE,2025-04-14,1,false,12,163.73,62.05,10.7,0.0,68.9,46.70
stockholm,Stockholm,Sweden,SE,2025-06-10,2,false,6,101.36,37.32,13.6,0.2,69.4,53.27
stockholm,Stockholm,Sweden,SE,2025-06-20,5,false,9,135.07,51.81,15.9,0.0,69.1,62.99
stockholm,Stockholm,Sweden,SE,2025-07-09,3,false,7,82.10,30.28,17.5,0.0,49.8,56.71
stockholm,Stockholm,Sweden,SE,2025-08-14,4,false,8,140.53,53.65,20.8,0.0,63.5,56.54
stockholm,Stockholm,Sweden,SE,2025-09-22,1,false,10,156.86,61.36,11.6,0.2,67.9,52.35
stockholm,Stockholm,Sweden,SE,2025-09-27,6,true,6,126.35,49.35,10.5,0.0,31.4,37.13
stockholm,Stockholm,Sweden,SE,2025-10-30,4,false,11,251.07,97.53,8.0,14.8,60.2,51.53
stockholm,Stockholm,Sweden,SE,2025-12-08,1,false,10,171.40,63.28,6.2,6.8,68.0,36.54
stockholm,Stockholm,Sweden,SE,2025-12-17,3,false,7,98.80,38.13,5.1,0.5,67.4,28.72
oslo,Oslo,Norway,NO,2024-01-07,7,true,7,164.55,54.44,-11.3,0.0,38.9,21.81
oslo,Oslo,Norway,NO,2024-01-17,3,false,13,292.99,95.15,-8.8,13.6,56.1,57.08
oslo,Oslo,Norway,NO,2024-01-26,5,false,8,222.14,75.29,-2.0,12.5,63.4,26.82
oslo,Oslo,Norway,NO,2024-02-03,6,true,5,81.76,25.55,3.5,0.0,27.8,22.29
oslo,Oslo,Norway,NO,2024-02-14,3,false,13,275.27,86.29,-3.8,0.2,42.9,26.59
oslo,Oslo,Norway,NO,2024-02-25,7,true,9,190.84,62.32,1.5,1.2,25.6,26.59
oslo,Oslo,Norway,NO,2024-02-27,2,false,10,180.51,57.75,-2.2,0.2,56.5,31.62
oslo,Oslo,Norway,NO,2024-02-29,4,false,9,200.45,64.73,2.8,8.1,63.9,31.56
oslo,Oslo,Norway,NO,2024-03-18,1,false,10,191.57,60.50,-1.4,0.0,56.0,37.97
oslo,Oslo,Norway,NO,2024-03-26,2,false,9,123.73,38.29,1.0,3.6,67.1,38.36
oslo,Oslo,Norway,NO,2024-04-08,1,false,9,175.60,56.54,7.5,1.5,53.6,39.17
oslo,Oslo,Norway,NO,2024-04-19,5,false,6,81.93,25.29,2.9,1.9,57.3,40.32
oslo,Oslo,Norway,NO,2024-05-04,6,true,3,43.07,13.14,13.9,0.0,25.2,31.66
oslo,Oslo,Norway,NO,2024-05-10,5,false,11,195.14,63.32,9.8,0.0,50.6,48.53
oslo,Oslo,Norway,NO,2024-06-10,1,false,5,35.75,10.99,11.7,1.1,57.6,46.46
oslo,Oslo,Norway,NO,2024-07-02,2,false,6,98.91,31.84,15.3,0.0,67.9,74.66
oslo,Oslo,Norway,NO,2024-07-18,4,false,7,52.26,17.42,18.4,0.0,51.7,53.48
oslo,Oslo,Norway,NO,2024-08-17,6,true,8,149.07,49.61,15.2,0.3,38.8,50.23
oslo,Oslo,Norway,NO,2024-08-23,5,false,15,277.11,88.79,14.2,16.4,60.7,53.47
oslo,Oslo,Norway,NO,2024-09-06,5,false,11,146.06,46.08,18.1,0.0,56.4,47.93
oslo,Oslo,Norway,NO,2024-09-07,6,true,6,88.90,28.66,17.4,0.8,28.1,43.27
oslo,Oslo,Norway,NO,2024-09-17,2,false,12,203.08,63.36,11.5,0.0,53.5,45.42
oslo,Oslo,Norway,NO,2024-09-18,3,false,7,107.61,34.95,12.4,0.0,48.7,43.80
oslo,Oslo,Norway,NO,2024-09-27,5,false,12,179.38,58.59,8.0,0.0,49.6,31.62
oslo,Oslo,Norway,NO,2024-10-19,6,true,12,151.76,47.38,10.4,4.1,34.0,28.43
oslo,Oslo,Norway,NO,2024-11-20,3,false,14,235.52,73.70,-1.6,0.1,67.6,29.58
oslo,Oslo,Norway,NO,2025-01-08,3,false,7,152.45,50.25,-3.2,0.7,70.5,28.44
oslo,Oslo,Norway,NO,2025-01-09,4,false,11,200.34,63.55,-2.3,0.2,47.4,23.72
oslo,Oslo,Norway,NO,2025-02-05,3,false,12,210.13,68.93,2.5,0.6,56.3,50.36
oslo,Oslo,Norway,NO,2025-02-20,4,false,14,249.70,80.71,-1.5,0.0,52.9,37.07
oslo,Oslo,Norway,NO,2025-02-21,5,false,10,108.36,34.10,1.1,6.4,68.2,26.60
oslo,Oslo,Norway,NO,2025-03-11,2,false,13,212.76,67.09,0.3,2.0,54.4,29.22
oslo,Oslo,Norway,NO,2025-03-26,3,false,12,176.36,56.60,5.2,0.0,62.4,33.64
oslo,Oslo,Norway,NO,2025-04-14,1,false,6,140.24,44.79,9.3,0.0,66.6,35.10
oslo,Oslo,Norway,NO,2025-06-10,2,false,5,50.03,16.20,11.3,2.2,59.7,52.04
oslo,Oslo,Norway,NO,2025-06-20,5,false,9,170.11,54.62,15.9,0.0,40.7,54.84
oslo,Oslo,Norway,NO,2025-07-09,3,false,6,107.45,29.65,17.3,0.0,58.5,58.77
oslo,Oslo,Norway,NO,2025-08-14,4,false,4,91.93,29.25,18.7,3.6,70.9,41.31
oslo,Oslo,Norway,NO,2025-09-22,1,false,9,130.33,42.00,9.7,0.0,51.6,41.30
oslo,Oslo,Norway,NO,2025-09-27,6,true,4,65.41,20.38,9.0,0.0,27.1,39.06
oslo,Oslo,Norway,NO,2025-10-30,4,false,4,70.95,22.54,4.4,0.2,40.8,35.11
oslo,Oslo,Norway,NO,2025-12-08,1,false,8,81.54,25.76,4.5,13.9,70.4,31.54
oslo,Oslo,Norway,NO,2025-12-17,3,false,8,215.35,69.99,2.8,5.3,62.8,25.71
copenhagen,Copenhagen,Denmark,DK,2024-02-26,1,false,13,179.27,85.31,2.9,0.0,49.5,39.80
copenhagen,Copenhagen,Denmark,DK,2024-04-01,1,false,8,120.31,57.62,6.8,10.0,86.0,58.56
copenhagen,Copenhagen,Denmark,DK,2024-04-24,3,false,9,179.33,89.15,5.4,0.2,56.5,78.65
copenhagen,Copenhagen,Denmark,DK,2024-04-30,2,false,12,132.60,63.38,12.0,0.0,50.0,68.88
copenhagen,Copenhagen,Denmark,DK,2024-06-04,2,false,8,135.06,63.03,14.9,0.2,60.3,104.80
copenhagen,Copenhagen,Denmark,DK,2024-06-08,6,true,7,88.86,45.10,13.2,4.6,23.7,70.42
copenhagen,Copenhagen,Denmark,DK,2024-06-11,2,false,9,138.94,66.54,12.8,4.0,67.4,107.83
copenhagen,Copenhagen,Denmark,DK,2024-06-18,2,false,5,81.96,40.86,15.8,1.6,56.5,92.45
copenhagen,Copenhagen,Denmark,DK,2024-07-12,5,false,10,200.75,98.39,17.9,1.1,46.9,62.97
copenhagen,Copenhagen,Denmark,DK,2024-07-31,3,false,8,139.14,67.01,17.5,0.0,59.6,75.79
copenhagen,Copenhagen,Denmark,DK,2024-08-05,1,false,15,229.51,108.79,17.0,0.0,52.9,102.79
copenhagen,Copenhagen,Denmark,DK,2024-08-11,7,true,7,59.28,29.31,17.5,0.0,31.2,103.66
copenhagen,Copenhagen,Denmark,DK,2024-08-18,7,true,1,2.00,0.95,16.2,0.0,27.4,98.33
copenhagen,Copenhagen,Denmark,DK,2024-08-19,1,false,7,133.06,64.06,16.5,0.0,42.2,93.88
copenhagen,Copenhagen,Denmark,DK,2024-08-25,7,true,2,29.27,14.70,17.8,3.7,22.7,63.80
copenhagen,Copenhagen,Denmark,DK,2024-09-03,2,false,6,45.47,21.73,20.1,0.0,54.3,95.66
copenhagen,Copenhagen,Denmark,DK,2024-09-21,6,true,6,98.13,46.87,16.2,0.0,35.7,79.83
copenhagen,Copenhagen,Denmark,DK,2024-10-23,3,false,12,181.80,85.61,11.1,0.1,56.4,84.44
copenhagen,Copenhagen,Denmark,DK,2024-11-17,7,true,5,93.12,43.96,6.4,0.3,39.9,45.73
copenhagen,Copenhagen,Denmark,DK,2024-11-25,1,false,3,46.78,22.74,11.9,0.8,53.3,53.16
copenhagen,Copenhagen,Denmark,DK,2024-12-07,6,true,7,67.45,32.33,5.7,0.4,17.8,54.89
copenhagen,Copenhagen,Denmark,DK,2024-12-10,2,false,13,208.31,95.46,2.1,0.0,57.2,52.01
copenhagen,Copenhagen,Denmark,DK,2024-12-30,1,false,13,311.20,147.13,7.8,2.5,74.0,55.82
copenhagen,Copenhagen,Denmark,DK,2025-01-05,7,true,9,194.76,92.30,1.2,2.8,37.1,35.20
copenhagen,Copenhagen,Denmark,DK,2025-01-15,3,false,17,304.90,144.09,3.6,0.0,72.1,39.47
copenhagen,Copenhagen,Denmark,DK,2025-01-26,7,true,9,174.75,84.23,2.7,1.2,31.5,29.17
copenhagen,Copenhagen,Denmark,DK,2025-02-06,4,false,10,150.90,72.33,3.0,0.0,53.3,98.41
copenhagen,Copenhagen,Denmark,DK,2025-02-09,7,true,6,84.17,39.85,1.8,0.0,44.5,61.92
copenhagen,Copenhagen,Denmark,DK,2025-03-09,7,true,3,27.61,13.86,7.0,0.0,40.8,49.84
copenhagen,Copenhagen,Denmark,DK,2025-03-12,3,false,9,176.70,83.81,3.9,3.1,57.0,51.15
copenhagen,Copenhagen,Denmark,DK,2025-03-18,2,false,8,144.84,69.61,4.2,0.0,46.6,63.55
copenhagen,Copenhagen,Denmark,DK,2025-05-08,4,false,11,121.78,57.87,10.2,0.0,46.4,76.87
copenhagen,Copenhagen,Denmark,DK,2025-05-11,7,true,8,142.12,67.28,9.0,0.0,35.1,66.02
copenhagen,Copenhagen,Denmark,DK,2025-06-12,4,false,7,108.83,52.75,14.8,0.0,47.8,97.31
copenhagen,Copenhagen,Denmark,DK,2025-07-16,3,false,8,91.79,44.01,16.8,6.0,73.3,98.63
copenhagen,Copenhagen,Denmark,DK,2025-07-25,5,false,9,115.82,55.17,20.2,0.8,59.3,88.16
copenhagen,Copenhagen,Denmark,DK,2025-07-26,6,true,10,141.44,70.21,19.3,0.5,41.7,82.44
copenhagen,Copenhagen,Denmark,DK,2025-08-09,6,true,7,104.60,50.81,17.2,0.2,33.8,74.01
copenhagen,Copenhagen,Denmark,DK,2025-08-26,2,false,9,79.59,38.45,16.1,0.0,52.9,95.29
copenhagen,Copenhagen,Denmark,DK,2025-09-14,7,true,4,67.46,31.74,15.3,10.0,41.6,68.77
copenhagen,Copenhagen,Denmark,DK,2025-09-25,4,false,9,131.92,65.69,12.2,0.0,56.9,73.99
copenhagen,Copenhagen,Denmark,DK,2025-11-03,1,false,11,147.37,68.13,9.7,4.3,62.3,50.57
copenhagen,Copenhagen,Denmark,DK,2025-11-29,6,true,11,141.34,67.36,7.6,0.1,28.6,45.15
copenhagen,Copenhagen,Denmark,DK,2025-12-09,2,false,5,81.93,39.52,8.5,3.4,61.2,54.26
copenhagen,Copenhagen,Denmark,DK,2025-12-15,1,false,11,152.30,73.54,6.6,0.0,63.1,47.63
berlin,Berlin,Germany,DE,2024-01-11,4,false,6,142.02,74.37,-2.5,0.0,61.8,59.98
berlin,Berlin,Germany,DE,2024-01-18,4,false,9,148.93,77.61,-2.9,0.0,66.7,118.85
berlin,Berlin,Germany,DE,2024-01-29,1,false,8,105.82,51.63,3.0,0.0,59.0,51.54
berlin,Berlin,Germany,DE,2024-02-04,7,true,6,137.95,71.73,6.9,1.7,35.9,48.04
berlin,Berlin,Germany,DE,2024-02-17,6,true,4,64.06,34.16,8.5,0.9,34.0,53.83
berlin,Berlin,Germany,DE,2024-03-11,1,false,8,110.55,57.42,9.3,0.0,53.0,68.59
berlin,Berlin,Germany,DE,2024-03-31,7,true,6,118.72,63.74,12.8,0.0,15.0,70.54
berlin,Berlin,Germany,DE,2024-04-09,2,false,6,99.54,50.50,17.4,0.8,69.6,87.48
berlin,Berlin,Germany,DE,2024-04-29,1,false,3,88.59,46.68,15.4,0.3,67.7,75.36
berlin,Berlin,Germany,DE,2024-05-18,6,true,8,183.18,95.54,16.3,0.4,32.6,99.47
berlin,Berlin,Germany,DE,2024-05-19,7,true,1,26.08,13.60,15.8,10.9,28.1,84.12
berlin,Berlin,Germany,DE,2024-05-26,7,true,5,74.21,39.11,18.6,0.2,34.2,84.70
berlin,Berlin,Germany,DE,2024-06-03,1,false,7,140.72,71.71,15.0,0.2,68.9,76.33
berlin,Berlin,Germany,DE,2024-06-13,4,false,4,69.77,36.65,13.3,0.4,38.2,119.53
berlin,Berlin,Germany,DE,2024-07-07,7,true,4,75.32,38.34,18.4,0.0,27.3,100.32
berlin,Berlin,Germany,DE,2024-07-16,2,false,10,148.99,76.09,22.5,1.3,57.1,98.83
berlin,Berlin,Germany,DE,2024-08-09,5,false,7,92.15,43.97,19.9,3.1,62.5,119.46
berlin,Berlin,Germany,DE,2024-08-10,6,true,12,222.36,116.04,20.6,0.0,34.7,103.88
berlin,Berlin,Germany,DE,2024-08-24,6,true,5,47.92,25.16,25.5,0.0,32.6,87.09
berlin,Berlin,Germany,DE,2024-11-09,6,true,11,180.36,95.21,3.5,0.0,25.8,54.55
berlin,Berlin,Germany,DE,2024-11-13,3,false,10,226.78,117.90,5.1,0.6,44.4,68.66
berlin,Berlin,Germany,DE,2024-11-23,6,true,5,93.13,48.52,2.1,0.0,46.0,61.27
berlin,Berlin,Germany,DE,2024-12-14,6,true,6,97.33,48.93,0.1,1.4,20.4,53.86
berlin,Berlin,Germany,DE,2024-12-20,5,false,13,237.80,124.62,4.7,0.2,56.6,46.74
berlin,Berlin,Germany,DE,2024-12-28,6,true,9,180.88,93.86,-1.4,0.0,43.7,58.44
berlin,Berlin,Germany,DE,2025-01-17,5,false,10,215.22,110.71,-0.6,0.0,52.9,55.82
berlin,Berlin,Germany,DE,2025-01-30,4,false,4,82.70,39.89,5.3,0.9,63.5,47.44
berlin,Berlin,Germany,DE,2025-02-28,5,false,8,86.90,46.15,3.3,3.1,75.3,60.95
berlin,Berlin,Germany,DE,2025-03-10,1,false,9,106.79,56.77,7.4,0.0,45.5,69.39
berlin,Berlin,Germany,DE,2025-03-14,5,false,10,169.60,88.82,4.3,0.6,47.5,59.27
berlin,Berlin,Germany,DE,2025-04-13,7,true,5,86.94,46.58,15.3,0.0,35.9,78.53
berlin,Berlin,Germany,DE,2025-04-21,1,false,11,186.45,91.10,14.4,1.3,46.4,77.10
berlin,Berlin,Germany,DE,2025-05-23,5,false,8,139.09,74.50,9.1,2.1,58.1,97.53
berlin,Berlin,Germany,DE,2025-05-29,4,false,5,48.52,26.34,14.4,0.1,45.9,110.97
berlin,Berlin,Germany,DE,2025-05-31,6,true,7,85.69,43.75,19.8,1.0,31.2,94.03
berlin,Berlin,Germany,DE,2025-06-17,2,false,5,70.16,37.11,20.5,0.0,53.6,118.02
berlin,Berlin,Germany,DE,2025-07-19,6,true,4,41.35,21.48,21.5,0.0,36.1,54.82
berlin,Berlin,Germany,DE,2025-08-29,5,false,7,118.68,62.29,18.3,2.3,80.6,118.01
berlin,Berlin,Germany,DE,2025-09-04,4,false,6,149.48,76.69,20.9,0.0,66.0,114.28
berlin,Berlin,Germany,DE,2025-09-06,6,true,5,60.03,32.22,16.6,0.1,25.9,89.67
berlin,Berlin,Germany,DE,2025-09-12,5,false,8,110.02,51.44,15.2,5.5,67.3,101.43
berlin,Berlin,Germany,DE,2025-10-12,7,true,5,69.47,34.96,12.5,0.8,28.0,69.28
berlin,Berlin,Germany,DE,2025-10-25,6,true,2,29.79,15.50,9.2,1.5,18.9,72.77
berlin,Berlin,Germany,DE,2025-10-29,3,false,8,184.95,100.07,10.2,0.0,63.6,76.45
berlin,Berlin,Germany,DE,2025-11-21,5,false,5,93.45,48.00,-1.5,0.0,48.0,60.29
berlin,Berlin,Germany,DE,2025-11-25,2,false,4,118.75,63.18,1.4,0.0,48.4,61.43
berlin,Berlin,Germany,DE,2025-12-19,5,false,6,86.82,46.32,6.9,0.5,59.3,62.66
berlin,Berlin,Germany,DE,2025-12-28,7,true,5,77.28,41.08,-0.8,0.0,21.6,46.63
amsterdam,Amsterdam,Netherlands,NL,2024-02-12,1,false,3,92.07,46.52,6.0,5.4,86.1,61.18
amsterdam,Amsterdam,Netherlands,NL,2024-02-19,1,false,7,140.22,66.44,8.1,0.7,54.6,58.68
amsterdam,Amsterdam,Netherlands,NL,2024-02-23,5,false,10,93.32,46.68,5.3,3.0,59.7,46.56
amsterdam,Amsterdam,Netherlands,NL,2024-04-06,6,true,6,80.15,37.86,17.3,0.0,35.3,57.78
amsterdam,Amsterdam,Netherlands,NL,2024-04-10,3,false,9,122.97,61.19,10.7,0.3,55.3,90.23
amsterdam,Amsterdam,Netherlands,NL,2024-04-11,4,false,5,79.68,41.34,13.0,1.3,65.0,85.30
amsterdam,Amsterdam,Netherlands,NL,2024-05-07,2,false,7,105.52,53.51,13.3,0.3,41.6,105.49
amsterdam,Amsterdam,Netherlands,NL,2024-05-16,4,false,11,152.38,75.28,15.3,4.1,52.8,117.25
amsterdam,Amsterdam,Netherlands,NL,2024-05-22,3,false,8,132.58,66.17,15.6,12.6,61.4,86.03
amsterdam,Amsterdam,Netherlands,NL,2024-07-14,7,true,3,33.99,16.13,15.9,2.0,36.6,86.55
amsterdam,Amsterdam,Netherlands,NL,2024-07-15,1,false,6,116.45,58.83,18.5,7.6,65.7,121.10
amsterdam,Amsterdam,Netherlands,NL,2024-08-06,2,false,3,43.11,22.21,20.7,0.0,62.0,122.13
amsterdam,Amsterdam,Netherlands,NL,2024-10-06,7,true,9,126.99,62.32,10.7,0.0,24.0,80.73
amsterdam,Amsterdam,Netherlands,NL,2024-10-11,5,false,9,193.62,96.49,8.7,0.0,54.2,109.55
amsterdam,Amsterdam,Netherlands,NL,2024-11-10,7,true,7,112.68,58.35,8.2,0.5,36.2,56.73
amsterdam,Amsterdam,Netherlands,NL,2024-11-18,1,false,10,197.54,99.66,5.1,5.6,89.3,77.16
amsterdam,Amsterdam,Netherlands,NL,2024-11-29,5,false,9,136.29,67.90,3.5,0.0,45.7,79.72
amsterdam,Amsterdam,Netherlands,NL,2025-01-11,6,true,9,172.48,86.64,1.4,0.0,22.0,42.55
amsterdam,Amsterdam,Netherlands,NL,2025-02-04,2,false,12,231.42,118.91,2.9,0.0,49.5,104.40
amsterdam,Amsterdam,Netherlands,NL,2025-04-18,5,false,6,51.87,23.87,9.9,0.0,70.0,69.13
amsterdam,Amsterdam,Netherlands,NL,2025-05-06,2,false,9,237.89,120.59,9.5,0.8,64.8,97.64
amsterdam,Amsterdam,Netherlands,NL,2025-05-28,3,false,8,73.33,36.86,13.8,5.2,77.5,124.24
amsterdam,Amsterdam,Netherlands,NL,2025-06-24,2,false,7,96.48,48.26,17.7,0.5,52.9,128.61
amsterdam,Amsterdam,Netherlands,NL,2025-07-07,1,false,10,206.93,102.66,15.4,1.6,56.7,128.52
amsterdam,Amsterdam,Netherlands,NL,2025-08-28,4,false,7,120.00,60.45,17.4,4.7,43.3,93.39
amsterdam,Amsterdam,Netherlands,NL,2025-09-08,1,false,9,233.64,114.82,18.6,3.4,60.6,106.86
amsterdam,Amsterdam,Netherlands,NL,2025-09-29,1,false,5,101.82,50.86,12.5,0.4,41.8,96.26
amsterdam,Amsterdam,Netherlands,NL,2025-10-09,4,false,7,151.55,71.93,13.3,0.1,40.2,69.64
amsterdam,Amsterdam,Netherlands,NL,2025-11-24,1,false,9,181.80,89.96,2.9,0.6,56.5,76.22
amsterdam,Amsterdam,Netherlands,NL,2025-11-27,4,false,5,78.97,41.40,6.7,1.8,55.4,79.21
amsterdam,Amsterdam,Netherlands,NL,2025-12-25,4,false,7,125.27,62.15,-2.0,0.0,71.5,63.41
paris,Paris,France,FR,2024-02-26,1,false,14,196.64,86.49,6.6,6.4,60.6,55.34
paris,Paris,France,FR,2024-04-01,1,false,13,224.83,99.35,9.7,4.4,66.9,68.44
paris,Paris,France,FR,2024-04-24,3,false,15,282.20,122.22,7.2,1.0,64.9,69.14
paris,Paris,France,FR,2024-04-30,2,false,6,153.90,66.91,14.0,2.2,48.4,82.99
paris,Paris,France,FR,2024-06-04,2,false,13,171.36,74.27,17.2,0.8,61.2,114.45
paris,Paris,France,FR,2024-06-08,6,true,12,191.60,84.09,14.7,0.0,38.7,72.31
paris,Paris,France,FR,2024-06-11,2,false,13,220.96,97.71,12.0,2.5,66.0,112.89
paris,Paris,France,FR,2024-06-18,2,false,11,220.53,92.35,17.7,16.1,62.1,110.69
paris,Paris,France,FR,2024-07-12,5,false,14,196.45,85.95,16.1,14.2,56.3,112.95
paris,Paris,France,FR,2024-07-31,3,false,17,333.83,148.50,25.3,4.3,62.3,94.93
paris,Paris,France,FR,2024-08-05,1,false,15,232.14,100.86,20.7,0.0,57.4,112.81
paris,Paris,France,FR,2024-08-11,7,true,7,128.58,56.92,25.1,0.0,48.7,81.19
paris,Paris,France,FR,2024-08-18,7,true,14,231.68,101.17,17.5,1.7,28.9,63.52
paris,Paris,France,FR,2024-08-19,1,false,12,205.09,92.66,17.0,0.0,73.0,100.03
paris,Paris,France,FR,2024-08-25,7,true,12,155.28,68.59,16.6,0.0,17.1,80.96
paris,Paris,France,FR,2024-09-03,2,false,15,310.02,134.59,19.2,7.8,59.6,80.91
paris,Paris,France,FR,2024-09-21,6,true,7,139.58,61.69,17.5,1.8,41.1,82.24
paris,Paris,France,FR,2024-10-23,3,false,15,194.02,84.38,10.3,0.0,57.7,55.14
paris,Paris,France,FR,2024-11-17,7,true,6,94.23,42.73,7.6,0.4,29.7,46.38
paris,Paris,France,FR,2024-11-25,1,false,8,128.57,55.86,12.5,9.0,68.9,65.91
paris,Paris,France,FR,2024-12-07,6,true,10,214.54,94.65,8.9,8.5,24.7,40.46
paris,Paris,France,FR,2024-12-10,2,false,10,167.38,72.13,5.4,0.0,55.6,54.87
paris,Paris,France,FR,2024-12-30,1,false,9,142.40,65.18,3.3,0.1,52.4,57.19
paris,Paris,France,FR,2025-01-05,7,true,5,77.85,34.74,10.3,10.4,53.8,43.88
paris,Paris,France,FR,2025-01-15,3,false,13,357.66,160.30,2.6,0.2,59.1,49.42
paris,Paris,France,FR,2025-01-26,7,true,7,101.64,43.97,5.3,4.3,13.4,52.03
paris,Paris,France,FR,2025-02-06,4,false,15,273.88,118.86,3.6,0.2,52.4,116.23
paris,Paris,France,FR,2025-02-09,7,true,12,253.33,108.08,4.9,4.8,45.5,76.41
paris,Paris,France,FR,2025-03-09,7,true,10,152.53,68.28,12.3,0.0,30.0,64.27
paris,Paris,France,FR,2025-03-12,3,false,17,280.70,124.32,4.8,1.8,69.2,60.87
paris,Paris,France,FR,2025-03-18,2,false,8,120.90,53.31,6.9,0.0,53.6,47.03
paris,Paris,France,FR,2025-05-08,4,false,14,189.95,83.72,13.4,0.0,42.5,93.29
paris,Paris,France,FR,2025-05-11,7,true,9,159.33,71.79,17.8,11.5,53.0,79.69
paris,Paris,France,FR,2025-06-12,4,false,13,229.60,102.02,24.8,0.0,41.8,97.25
paris,Paris,France,FR,2025-07-16,3,false,5,90.40,39.21,20.0,4.4,74.8,125.21
paris,Paris,France,FR,2025-07-25,5,false,8,103.41,46.90,19.9,0.6,64.9,122.51
paris,Paris,France,FR,2025-07-26,6,true,10,197.49,85.91,20.1,0.0,40.9,88.23
paris,Paris,France,FR,2025-08-09,6,true,9,183.12,81.92,21.4,0.0,32.7,91.13
paris,Paris,France,FR,2025-08-26,2,false,8,115.98,49.63,22.6,0.3,59.2,83.90
paris,Paris,France,FR,2025-09-14,7,true,7,118.09,50.52,16.7,0.5,37.5,71.62
paris,Paris,France,FR,2025-09-25,4,false,14,184.35,82.34,10.8,1.0,59.0,84.67
paris,Paris,France,FR,2025-11-03,1,false,6,104.40,45.17,11.4,0.0,42.6,68.47
paris,Paris,France,FR,2025-11-29,6,true,9,144.69,63.60,9.5,4.7,42.8,41.84
paris,Paris,France,FR,2025-12-09,2,false,8,110.91,51.64,12.1,0.4,49.7,60.49
paris,Paris,France,FR,2025-12-15,1,false,11,198.66,87.96,7.9,0.0,45.9,54.20
madrid,Madrid,Spain,ES,2024-03-08,5,false,12,201.08,79.87,6.6,8.4,74.3,33.19
madrid,Madrid,Spain,ES,2024-03-13,3,false,10,144.17,58.07,10.2,0.0,65.0,50.66
madrid,Madrid,Spain,ES,2024-03-23,6,true,5,47.69,19.47,17.1,0.0,25.2,52.66
madrid,Madrid,Spain,ES,2024-03-29,5,false,3,46.43,19.01,7.6,20.8,51.7,48.88
madrid,Madrid,Spain,ES,2024-05-12,7,true,7,98.75,40.13,21.3,0.3,28.0,75.88
madrid,Madrid,Spain,ES,2024-05-14,2,false,11,130.34,50.43,15.8,0.4,55.6,77.33
madrid,Madrid,Spain,ES,2024-06-16,7,true,4,85.55,35.40,22.6,0.0,10.0,72.04
madrid,Madrid,Spain,ES,2024-07-09,2,false,5,60.08,24.62,26.3,0.0,48.9,82.74
madrid,Madrid,Spain,ES,2024-07-21,7,true,5,96.61,38.17,26.3,0.0,32.2,75.42
madrid,Madrid,Spain,ES,2024-07-23,2,false,6,126.82,53.31,30.4,0.0,54.9,95.63
madrid,Madrid,Spain,ES,2024-09-23,1,false,3,37.65,15.57,18.2,0.0,52.9,81.41
madrid,Madrid,Spain,ES,2024-10-02,3,false,15,228.87,89.45,21.0,3.4,82.1,70.39
madrid,Madrid,Spain,ES,2024-10-09,3,false,9,133.73,53.39,16.2,5.1,67.1,70.73
madrid,Madrid,Spain,ES,2024-10-29,2,false,14,244.28,94.82,14.4,12.1,74.6,56.95
madrid,Madrid,Spain,ES,2024-11-02,6,true,7,142.05,54.99,13.3,0.7,45.5,44.32
madrid,Madrid,Spain,ES,2024-11-30,6,true,7,79.33,31.83,9.6,0.0,39.6,52.04
madrid,Madrid,Spain,ES,2024-12-26,4,false,8,104.71,42.18,6.9,0.0,38.4,41.11
madrid,Madrid,Spain,ES,2025-01-12,7,true,6,50.22,19.73,8.3,0.0,34.5,32.51
madrid,Madrid,Spain,ES,2025-01-27,1,false,3,45.17,17.68,11.7,5.9,72.1,38.10
madrid,Madrid,Spain,ES,2025-03-01,6,true,9,122.60,48.31,7.1,7.3,39.7,36.00
madrid,Madrid,Spain,ES,2025-03-05,3,false,7,115.99,45.21,9.9,5.1,70.5,31.53
madrid,Madrid,Spain,ES,2025-03-07,5,false,9,146.59,57.08,9.8,8.1,70.9,61.88
madrid,Madrid,Spain,ES,2025-03-16,7,true,10,124.58,49.86,5.3,11.1,26.2,49.12
madrid,Madrid,Spain,ES,2025-04-08,2,false,10,113.32,44.75,15.7,0.0,61.0,63.70
madrid,Madrid,Spain,ES,2025-04-17,4,false,2,11.16,4.71,11.6,0.0,51.7,82.77
madrid,Madrid,Spain,ES,2025-04-26,6,true,6,124.95,47.51,16.6,0.0,42.3,68.77
madrid,Madrid,Spain,ES,2025-04-28,1,false,6,114.91,46.52,16.0,0.0,53.8,77.89
madrid,Madrid,Spain,ES,2025-05-04,7,true,7,81.37,32.35,12.9,2.3,32.8,61.66
madrid,Madrid,Spain,ES,2025-05-05,1,false,5,28.97,11.12,12.5,16.6,75.0,96.16
madrid,Madrid,Spain,ES,2025-06-03,2,false,6,93.47,36.29,20.9,1.7,57.4,96.14
madrid,Madrid,Spain,ES,2025-08-12,2,false,9,183.20,73.09,32.2,0.0,61.1,75.63
madrid,Madrid,Spain,ES,2025-08-18,1,false,8,162.95,64.65,30.7,0.0,52.6,90.09
madrid,Madrid,Spain,ES,2025-08-31,7,true,6,137.63,54.86,23.5,0.0,33.9,65.59
madrid,Madrid,Spain,ES,2025-09-15,1,false,5,79.48,31.56,25.6,0.0,44.0,76.69
madrid,Madrid,Spain,ES,2025-09-20,6,true,6,82.72,32.24,25.6,0.0,35.7,56.67
madrid,Madrid,Spain,ES,2025-10-18,6,true,5,54.63,20.99,17.5,0.0,29.3,61.17
madrid,Madrid,Spain,ES,2025-11-04,2,false,11,193.35,74.05,11.5,0.0,42.4,45.83
madrid,Madrid,Spain,ES,2025-11-06,4,false,7,102.56,41.00,10.0,0.7,52.0,69.11
madrid,Madrid,Spain,ES,2025-11-10,1,false,9,117.32,46.61,8.8,0.0,48.7,60.04
madrid,Madrid,Spain,ES,2025-11-12,3,false,4,89.66,35.87,13.2,0.0,64.1,52.35
madrid,Madrid,Spain,ES,2025-11-13,4,false,5,85.56,34.38,12.7,10.5,75.1,61.51
madrid,Madrid,Spain,ES,2025-11-17,1,false,6,98.30,40.55,9.8,2.9,53.0,54.64
madrid,Madrid,Spain,ES,2025-12-02,2,false,7,93.08,36.11,5.5,1.1,77.0,60.30
madrid,Madrid,Spain,ES,2025-12-20,6,true,9,106.74,42.52,7.4,0.3,40.3,33.57
warsaw,Warsaw,Poland,PL,2024-01-30,2,false,7,82.76,29.22,2.8,0.0,48.9,48.97
warsaw,Warsaw,Poland,PL,2024-02-20,2,false,16,199.27,72.45,5.8,3.3,65.5,52.62
warsaw,Warsaw,Poland,PL,2024-03-02,6,true,8,153.34,54.60,7.9,0.0,16.8,38.53
warsaw,Warsaw,Poland,PL,2024-03-07,4,false,11,196.29,70.16,1.1,0.0,63.0,46.19
warsaw,Warsaw,Poland,PL,2024-04-13,6,true,6,88.00,31.75,15.5,0.2,24.2,55.97
warsaw,Warsaw,Poland,PL,2024-04-27,6,true,5,96.48,35.13,12.0,0.0,20.3,84.49
warsaw,Warsaw,Poland,PL,2024-05-21,2,false,16,268.72,97.17,19.8,0.2,62.4,99.36
warsaw,Warsaw,Poland,PL,2024-06-01,6,true,6,49.48,18.45,18.6,10.8,41.7,84.86
warsaw,Warsaw,Poland,PL,2024-06-15,6,true,9,166.09,60.27,19.3,0.0,30.7,89.02
warsaw,Warsaw,Poland,PL,2024-06-30,7,true,12,190.85,67.64,26.2,1.4,35.4,79.84
warsaw,Warsaw,Poland,PL,2024-08-14,3,false,9,127.14,46.31,20.4,0.0,56.6,97.69
warsaw,Warsaw,Poland,PL,2024-08-21,3,false,10,129.45,46.29,19.9,8.4,55.6,105.28
warsaw,Warsaw,Poland,PL,2024-08-30,5,false,9,115.98,41.82,24.2,0.0,63.3,80.90
warsaw,Warsaw,Poland,PL,2024-09-20,5,false,15,197.71,70.64,15.4,0.0,69.8,88.79
warsaw,Warsaw,Poland,PL,2024-09-29,7,true,9,127.82,45.57,10.3,0.0,29.5,75.86
warsaw,Warsaw,Poland,PL,2024-10-21,1,false,9,116.87,40.93,10.0,0.0,32.0,72.49
warsaw,Warsaw,Poland,PL,2024-11-16,6,true,8,77.55,28.13,6.6,0.2,28.1,56.12
warsaw,Warsaw,Poland,PL,2024-11-22,5,false,11,210.17,72.23,-0.1,0.9,57.1,69.30
warsaw,Warsaw,Poland,PL,2024-11-26,2,false,14,197.74,71.64,5.4,2.7,69.9,53.61
warsaw,Warsaw,Poland,PL,2024-11-27,3,false,7,132.90,47.27,6.0,0.0,56.7,71.06
warsaw,Warsaw,Poland,PL,2024-12-02,1,false,7,161.44,60.04,3.0,0.0,50.3,64.10
warsaw,Warsaw,Poland,PL,2024-12-31,2,false,8,154.75,56.13,2.0,0.0,59.0,49.52
warsaw,Warsaw,Poland,PL,2025-01-07,2,false,9,150.34,54.64,3.1,4.6,64.4,47.99
warsaw,Warsaw,Poland,PL,2025-01-19,7,true,13,278.18,103.62,0.8,0.0,29.6,46.58
warsaw,Warsaw,Poland,PL,2025-01-20,1,false,15,290.20,100.25,0.3,0.0,65.5,45.46
warsaw,Warsaw,Poland,PL,2025-01-21,2,false,14,162.37,58.57,1.1,0.0,74.8,46.90
warsaw,Warsaw,Poland,PL,2025-02-03,1,false,16,203.53,72.05,-0.7,0.0,56.5,119.00
warsaw,Warsaw,Poland,PL,2025-02-08,6,true,9,220.48,79.11,-1.5,0.0,23.0,101.12
warsaw,Warsaw,Poland,PL,2025-02-10,1,false,10,197.38,71.27,-3.7,0.0,54.3,120.49
warsaw,Warsaw,Poland,PL,2025-02-11,2,false,11,226.15,81.57,-5.8,0.0,58.5,112.60
warsaw,Warsaw,Poland,PL,2025-02-12,3,false,12,194.56,68.22,-3.3,0.0,45.4,76.62
warsaw,Warsaw,Poland,PL,2025-04-27,7,true,6,88.57,32.40,8.5,0.0,12.7,85.01
warsaw,Warsaw,Poland,PL,2025-05-10,6,true,4,66.99,24.04,8.6,5.2,45.4,74.55
warsaw,Warsaw,Poland,PL,2025-05-15,4,false,13,230.98,84.03,6.8,2.5,56.0,100.45
warsaw,Warsaw,Poland,PL,2025-05-17,6,true,10,235.38,82.58,7.1,7.2,32.4,72.19
warsaw,Warsaw,Poland,PL,2025-06-06,5,false,9,105.24,37.78,21.5,0.4,53.1,102.92
warsaw,Warsaw,Poland,PL,2025-06-15,7,true,10,230.90,80.25,21.5,0.0,28.7,77.79
warsaw,Warsaw,Poland,PL,2025-07-02,3,false,13,242.29,88.33,24.1,0.0,55.6,80.23
warsaw,Warsaw,Poland,PL,2025-07-17,4,false,9,145.90,50.52,18.3,0.7,40.4,126.62
warsaw,Warsaw,Poland,PL,2025-08-25,1,false,9,81.79,29.12,13.7,9.2,73.0,98.49
warsaw,Warsaw,Poland,PL,2025-09-16,2,false,11,204.82,74.39,16.5,0.2,64.3,94.60
warsaw,Warsaw,Poland,PL,2025-10-16,4,false,10,146.17,50.68,9.6,0.7,45.8,84.67
warsaw,Warsaw,Poland,PL,2025-10-23,4,false,18,306.14,111.29,13.1,3.6,65.1,77.52
warsaw,Warsaw,Poland,PL,2025-11-08,6,true,8,106.00,39.17,5.3,0.0,27.4,57.10
warsaw,Warsaw,Poland,PL,2025-12-16,2,false,9,160.91,57.58,0.1,0.0,47.5,59.50
warsaw,Warsaw,Poland,PL,2025-12-23,2,false,10,137.92,50.09,1.0,0.1,38.0,51.54
warsaw,Warsaw,Poland,PL,2025-12-24,3,false,20,509.33,181.44,-7.1,0.0,50.3,49.23
warsaw,Warsaw,Poland,PL,2025-12-29,1,false,12,130.45,46.27,-0.3,1.6,60.9,56.40
stockholm,Stockholm,Sweden,SE,2024-02-12,1,false,19,411.05,159.22,-3.0,4.0,65.0,26.56
stockholm,Stockholm,Sweden,SE,2024-02-19,1,false,7,96.19,36.31,0.6,3.6,85.5,34.78
stockholm,Stockholm,Sweden,SE,2024-02-23,5,false,9,183.21,71.18,4.1,4.5,57.1,31.99
stockholm,Stockholm,Sweden,SE,2024-04-06,6,true,5,75.85,29.95,1.9,1.6,40.8,33.01
stockholm,Stockholm,Sweden,SE,2024-04-10,3,false,9,125.39,48.24,9.2,3.1,61.5,50.58
stockholm,Stockholm,Sweden,SE,2024-04-11,4,false,9,126.74,48.67,8.1,1.6,45.1,47.16
stockholm,Stockholm,Sweden,SE,2024-05-07,2,false,8,159.50,57.53,5.8,0.0,48.3,54.84
stockholm,Stockholm,Sweden,SE,2024-05-16,4,false,5,125.26,48.11,15.9,0.0,47.5,60.24
stockholm,Stockholm,Sweden,SE,2024-05-22,3,false,8,124.92,47.73,13.7,0.0,49.7,65.69
stockholm,Stockholm,Sweden,SE,2024-07-14,7,true,2,48.64,19.03,17.8,2.3,24.7,53.17
stockholm,Stockholm,Sweden,SE,2024-07-15,1,false,7,209.70,80.29,17.7,2.1,70.7,57.85
stockholm,Stockholm,Sweden,SE,2024-08-06,2,false,8,96.89,37.75,19.7,0.1,61.7,63.08
stockholm,Stockholm,Sweden,SE,2024-10-06,7,true,5,93.11,35.29,9.5,0.0,24.8,38.95
stockholm,Stockholm,Sweden,SE,2024-10-11,5,false,11,203.61,76.49,7.5,2.6,53.0,55.85
stockholm,Stockholm,Sweden,SE,2024-11-10,7,true,3,41.95,16.14,5.2,0.0,30.0,30.84
stockholm,Stockholm,Sweden,SE,2024-11-18,1,false,9,172.19,67.38,1.6,0.0,49.7,35.40
stockholm,Stockholm,Sweden,SE,2024-11-29,5,false,5,64.82,24.50,0.0,0.1,60.0,33.26
stockholm,Stockholm,Sweden,SE,2025-01-11,6,true,7,98.85,37.99,-1.5,5.3,42.8,22.96
stockholm,Stockholm,Sweden,SE,2025-02-04,2,false,7,115.86,42.87,-0.1,1.5,55.5,52.17
stockholm,Stockholm,Sweden,SE,2025-04-18,5,false,10,179.56,70.32,10.1,0.9,57.5,52.57
stockholm,Stockholm,Sweden,SE,2025-05-06,2,false,8,130.04,48.42,6.7,0.3,44.7,51.70
stockholm,Stockholm,Sweden,SE,2025-05-28,3,false,8,129.27,49.27,12.9,1.1,60.7,49.59
stockholm,Stockholm,Sweden,SE,2025-06-24,2,false,4,61.53,23.39,13.6,11.0,69.0,59.13
stockholm,Stockholm,Sweden,SE,2025-07-07,1,false,7,98.72,38.29,15.7,8.4,59.9,59.83
stockholm,Stockholm,Sweden,SE,2025-08-28,4,false,8,170.53,66.51,15.5,0.0,50.8,54.96
stockholm,Stockholm,Sweden,SE,2025-09-08,1,false,4,120.91,43.82,17.0,0.2,31.0,47.18
stockholm,Stockholm,Sweden,SE,2025-09-29,1,false,4,70.34,25.61,10.6,0.0,63.7,48.71
stockholm,Stockholm,Sweden,SE,2025-10-09,4,false,10,175.60,65.91,10.0,2.9,63.9,35.28
stockholm,Stockholm,Sweden,SE,2025-11-24,1,false,7,83.43,31.38,-1.3,0.0,47.2,33.27
stockholm,Stockholm,Sweden,SE,2025-11-27,4,false,8,148.28,56.92,-0.2,2.5,55.8,36.87
stockholm,Stockholm,Sweden,SE,2025-12-25,4,false,6,111.77,42.93,0.2,0.0,52.3,29.21
oslo,Oslo,Norway,NO,2024-02-12,1,false,11,182.12,55.03,-4.9,13.5,74.4,30.44
oslo,Oslo,Norway,NO,2024-02-19,1,false,10,222.41,70.37,-2.0,0.0,51.8,26.95
oslo,Oslo,Norway,NO,2024-02-23,5,false,7,87.98,28.35,2.6,9.8,80.6,26.37
oslo,Oslo,Norway,NO,2024-04-06,6,true,13,241.43,75.77,2.6,2.3,33.9,29.76
oslo,Oslo,Norway,NO,2024-04-10,3,false,9,179.57,54.02,7.1,1.8,57.9,40.14
oslo,Oslo,Norway,NO,2024-04-11,4,false,10,168.11,53.79,8.4,6.4,81.4,38.28
oslo,Oslo,Norway,NO,2024-05-07,2,false,13,310.27,98.97,10.3,0.0,46.6,38.95
oslo,Oslo,Norway,NO,2024-05-16,4,false,8,112.78,36.75,16.7,0.0,58.0,44.17
oslo,Oslo,Norway,NO,2024-05-22,3,false,14,161.28,50.15,18.2,0.0,53.9,48.72
oslo,Oslo,Norway,NO,2024-07-14,7,true,6,79.38,25.48,15.3,24.0,38.9,52.67
oslo,Oslo,Norway,NO,2024-07-15,1,false,6,99.71,26.42,14.5,29.8,58.7,57.88
oslo,Oslo,Norway,NO,2024-08-06,2,false,7,109.20,33.40,17.7,0.0,57.7,60.18
oslo,Oslo,Norway,NO,2024-10-06,7,true,12,273.06,89.29,9.9,0.0,33.6,31.75
oslo,Oslo,Norway,NO,2024-10-11,5,false,6,142.95,43.12,5.2,0.0,58.4,41.52
oslo,Oslo,Norway,NO,2024-11-10,7,true,7,92.81,31.18,3.2,2.7,32.3,23.77
oslo,Oslo,Norway,NO,2024-11-18,1,false,13,266.35,86.56,-0.4,0.0,59.4,33.57
oslo,Oslo,Norway,NO,2024-11-29,5,false,15,251.26,81.12,-1.6,1.5,57.3,26.08
oslo,Oslo,Norway,NO,2025-01-11,6,true,8,128.02,39.28,-5.7,0.0,22.0,19.83
oslo,Oslo,Norway,NO,2025-02-04,2,false,7,140.38,44.39,2.6,1.6,69.3,42.70
oslo,Oslo,Norway,NO,2025-04-18,5,false,4,52.27,16.45,10.6,0.4,64.7,46.58
oslo,Oslo,Norway,NO,2025-05-06,2,false,4,117.07,37.67,10.2,0.0,52.4,49.52
oslo,Oslo,Norway,NO,2025-05-28,3,false,7,114.15,36.29,11.3,0.0,46.8,45.14
oslo,Oslo,Norway,NO,2025-06-24,2,false,9,165.00,51.47,15.3,0.1,54.8,57.79
oslo,Oslo,Norway,NO,2025-07-07,1,false,13,249.60,80.90,14.9,14.2,75.1,55.36
oslo,Oslo,Norway,NO,2025-08-28,4,false,9,122.64,39.53,15.1,0.8,67.3,50.19
oslo,Oslo,Norway,NO,2025-09-08,1,false,7,147.59,47.39,14.4,1.0,57.6,48.01
oslo,Oslo,Norway,NO,2025-09-29,1,false,7,125.53,41.42,11.3,2.2,63.1,46.04
oslo,Oslo,Norway,NO,2025-10-09,4,false,10,181.64,57.50,9.3,0.1,54.6,35.25
oslo,Oslo,Norway,NO,2025-11-24,1,false,8,141.95,46.93,-0.2,0.1,46.4,39.70
oslo,Oslo,Norway,NO,2025-11-27,4,false,7,161.54,53.23,3.5,9.2,70.6,30.72
oslo,Oslo,Norway,NO,2025-12-25,4,false,13,289.09,92.42,-4.1,0.0,59.0,32.12
copenhagen,Copenhagen,Denmark,DK,2024-01-15,1,false,16,266.88,131.68,-2.1,1.0,53.2,71.50
copenhagen,Copenhagen,Denmark,DK,2024-03-09,6,true,7,73.11,35.41,1.5,0.0,25.6,50.60
copenhagen,Copenhagen,Denmark,DK,2024-03-17,7,true,5,73.76,35.80,2.6,0.0,40.1,55.42
copenhagen,Copenhagen,Denmark,DK,2024-03-20,3,false,7,164.53,81.19,5.5,2.2,69.5,73.04
copenhagen,Copenhagen,Denmark,DK,2024-03-30,6,true,7,96.04,46.62,7.8,0.2,28.7,49.54
copenhagen,Copenhagen,Denmark,DK,2024-04-28,7,true,4,52.21,26.55,11.6,2.7,26.5,64.67
copenhagen,Copenhagen,Denmark,DK,2024-05-17,5,false,6,71.04,34.17,15.2,0.0,72.0,74.79
copenhagen,Copenhagen,Denmark,DK,2024-05-27,1,false,5,41.76,20.35,15.6,0.1,36.2,94.32
copenhagen,Copenhagen,Denmark,DK,2024-07-27,6,true,3,31.86,15.38,17.6,0.5,39.7,64.94
copenhagen,Copenhagen,Denmark,DK,2024-07-28,7,true,5,102.70,47.19,17.7,0.1,26.2,82.05
copenhagen,Copenhagen,Denmark,DK,2024-09-08,7,true,4,57.01,27.92,22.4,0.0,18.7,62.14
copenhagen,Copenhagen,Denmark,DK,2024-09-12,4,false,3,29.99,14.60,12.4,0.2,65.8,68.04
copenhagen,Copenhagen,Denmark,DK,2024-09-14,6,true,10,152.53,72.32,13.5,0.0,43.4,73.47
copenhagen,Copenhagen,Denmark,DK,2024-10-08,2,false,10,182.95,88.79,13.7,1.4,57.8,78.19
copenhagen,Copenhagen,Denmark,DK,2024-10-14,1,false,8,107.75,52.84,9.7,0.4,57.8,68.67
copenhagen,Copenhagen,Denmark,DK,2024-11-06,3,false,4,48.68,23.23,8.5,0.1,56.8,54.26
copenhagen,Copenhagen,Denmark,DK,2024-11-11,1,false,6,71.91,35.27,8.2,1.1,44.5,57.08
copenhagen,Copenhagen,Denmark,DK,2024-12-03,2,false,10,213.11,102.07,6.0,0.9,59.9,51.04
copenhagen,Copenhagen,Denmark,DK,2024-12-29,7,true,6,76.88,36.37,5.8,0.0,40.4,37.63
copenhagen,Copenhagen,Denmark,DK,2025-01-03,5,false,12,216.42,105.81,0.4,3.7,75.4,47.84
copenhagen,Copenhagen,Denmark,DK,2025-01-25,6,true,7,143.14,68.75,4.8,2.1,31.9,41.32
copenhagen,Copenhagen,Denmark,DK,2025-02-02,7,true,7,131.18,63.45,0.8,0.3,36.2,54.28
copenhagen,Copenhagen,Denmark,DK,2025-02-19,3,false,4,29.73,13.82,-1.7,0.0,48.4,53.13
copenhagen,Copenhagen,Denmark,DK,2025-03-04,2,false,10,101.25,50.09,7.3,0.0,50.7,52.72
copenhagen,Copenhagen,Denmark,DK,2025-03-13,4,false,13,178.86,84.47,2.8,5.5,67.1,52.43
copenhagen,Copenhagen,Denmark,DK,2025-03-19,3,false,2,32.63,14.78,4.6,0.0,60.4,64.22
copenhagen,Copenhagen,Denmark,DK,2025-03-20,4,false,11,177.21,84.64,6.0,0.0,58.6,57.88
copenhagen,Copenhagen,Denmark,DK,2025-03-23,7,true,8,136.31,64.35,6.7,0.0,38.7,46.04
copenhagen,Copenhagen,Denmark,DK,2025-04-20,7,true,9,147.82,72.32,7.9,1.6,29.4,50.70
copenhagen,Copenhagen,Denmark,DK,2025-05-02,5,false,10,176.02,85.04,13.9,0.0,42.1,88.14
copenhagen,Copenhagen,Denmark,DK,2025-05-18,7,true,9,112.58,54.42,12.3,2.6,23.8,73.03
copenhagen,Copenhagen,Denmark,DK,2025-05-24,6,true,6,114.00,56.52,10.7,1.0,25.2,73.74
copenhagen,Copenhagen,Denmark,DK,2025-06-16,1,false,9,119.94,59.22,17.0,0.8,61.8,103.97
copenhagen,Copenhagen,Denmark,DK,2025-06-21,6,true,7,129.17,65.15,19.7,0.0,29.5,83.38
copenhagen,Copenhagen,Denmark,DK,2025-06-25,3,false,9,155.96,73.51,16.3,1.1,55.7,97.15
copenhagen,Copenhagen,Denmark,DK,2025-07-21,1,false,13,128.43,60.88,19.6,8.8,70.8,88.34
copenhagen,Copenhagen,Denmark,DK,2025-07-28,1,false,7,106.29,50.69,18.9,0.1,52.5,103.88
copenhagen,Copenhagen,Denmark,DK,2025-09-09,2,false,8,92.26,45.69,18.8,0.9,58.5,82.37
copenhagen,Copenhagen,Denmark,DK,2025-10-01,3,false,5,59.39,29.24,10.9,0.5,69.4,86.28
copenhagen,Copenhagen,Denmark,DK,2025-10-11,6,true,9,101.81,47.68,13.1,0.0,25.6,53.53
berlin,Berlin,Germany,DE,2024-01-10,3,false,10,311.82,161.77,-6.6,0.0,57.5,58.41
berlin,Berlin,Germany,DE,2024-01-12,5,false,3,49.74,27.04,-0.6,0.0,61.0,56.21
berlin,Berlin,Germany,DE,2024-02-05,1,false,10,209.15,108.81,8.9,11.3,64.5,66.46
berlin,Berlin,Germany,DE,2024-03-01,5,false,8,113.40,60.62,6.9,0.0,65.2,61.45
berlin,Berlin,Germany,DE,2024-03-10,7,true,3,34.96,19.11,8.1,0.0,26.9,71.78
berlin,Berlin,Germany,DE,2024-04-04,4,false,10,157.51,81.22,11.1,6.2,72.0,79.31
berlin,Berlin,Germany,DE,2024-04-22,1,false,11,144.14,75.13,2.1,1.9,76.5,68.98
berlin,Berlin,Germany,DE,2024-05-13,1,false,9,163.52,85.42,16.6,0.0,54.0,90.49
berlin,Berlin,Germany,DE,2024-05-15,3,false,10,103.09,52.84,20.0,0.0,63.1,119.00
berlin,Berlin,Germany,DE,2024-06-05,3,false,11,171.03,88.49,16.4,2.3,63.7,85.96
berlin,Berlin,Germany,DE,2024-06-07,5,false,6,86.90,45.97,15.8,0.2,46.0,111.64
berlin,Berlin,Germany,DE,2024-06-28,5,false,3,9.35,4.79,22.7,4.0,75.3,102.98
berlin,Berlin,Germany,DE,2024-07-06,6,true,7,66.38,33.17,21.9,0.1,26.4,96.40
berlin,Berlin,Germany,DE,2024-08-15,4,false,15,127.26,64.02,23.5,0.7,57.2,113.91
berlin,Berlin,Germany,DE,2024-08-26,1,false,10,149.91,78.25,20.2,0.0,59.8,111.00
berlin,Berlin,Germany,DE,2024-09-19,4,false,10,156.43,82.56,18.4,0.1,50.8,105.06
berlin,Berlin,Germany,DE,2024-09-25,3,false,5,54.00,28.23,15.1,2.7,58.8,114.02
berlin,Berlin,Germany,DE,2024-09-30,1,false,6,81.90,42.80,10.4,0.0,64.6,94.53
berlin,Berlin,Germany,DE,2025-01-23,4,false,7,120.83,64.86,1.7,4.4,71.4,57.23
berlin,Berlin,Germany,DE,2025-01-28,2,false,7,157.46,85.02,6.6,2.4,60.2,58.66
berlin,Berlin,Germany,DE,2025-01-31,5,false,4,55.47,29.28,3.7,2.5,65.2,56.02
berlin,Berlin,Germany,DE,2025-02-24,1,false,6,112.09,58.74,6.4,0.0,63.8,71.60
berlin,Berlin,Germany,DE,2025-03-29,6,true,6,114.43,59.88,8.7,0.0,26.5,75.45
berlin,Berlin,Germany,DE,2025-04-10,4,false,7,135.76,73.42,8.9,0.0,53.6,91.28
berlin,Berlin,Germany,DE,2025-05-01,4,false,5,99.46,51.50,18.9,0.0,42.6,95.53
berlin,Berlin,Germany,DE,2025-05-13,2,false,6,113.98,59.79,14.8,0.0,57.5,85.09
berlin,Berlin,Germany,DE,2025-05-16,5,false,7,80.54,41.69,11.9,1.6,59.4,102.99
berlin,Berlin,Germany,DE,2025-05-22,4,false,5,50.00,25.62,11.4,0.2,47.6,95.30
berlin,Berlin,Germany,DE,2025-07-05,6,true,7,71.90,37.72,22.6,0.0,30.7,103.90
berlin,Berlin,Germany,DE,2025-07-08,2,false,8,122.00,56.52,17.7,0.6,51.9,127.33
berlin,Berlin,Germany,DE,2025-07-24,4,false,9,188.08,99.91,19.5,1.4,66.0,104.73
berlin,Berlin,Germany,DE,2025-08-05,2,false,1,23.83,12.75,17.6,6.6,63.7,109.64
berlin,Berlin,Germany,DE,2025-08-19,2,false,6,68.35,36.36,21.1,0.0,56.5,116.10
berlin,Berlin,Germany,DE,2025-09-26,5,false,6,73.86,38.81,12.1,0.1,60.4,91.16
berlin,Berlin,Germany,DE,2025-10-08,3,false,6,79.16,41.97,14.0,3.0,42.0,101.74
berlin,Berlin,Germany,DE,2025-10-14,2,false,4,62.03,33.24,9.9,2.3,57.2,96.17
berlin,Berlin,Germany,DE,2025-10-17,5,false,5,81.41,42.39,10.3,0.5,50.5,91.32
berlin,Berlin,Germany,DE,2025-10-20,1,false,5,143.95,73.14,8.2,0.3,70.8,89.87
berlin,Berlin,Germany,DE,2025-11-01,6,true,2,51.26,26.36,10.7,4.9,26.7,54.55
berlin,Berlin,Germany,DE,2025-11-05,3,false,8,159.20,84.88,9.3,0.0,54.6,76.00
berlin,Berlin,Germany,DE,2025-11-16,7,true,7,97.05,52.32,6.2,3.8,40.4,58.82
berlin,Berlin,Germany,DE,2025-11-19,3,false,6,95.47,49.32,3.0,2.0,58.1,66.66
berlin,Berlin,Germany,DE,2025-11-20,4,false,8,242.79,126.60,1.5,7.6,76.2,55.10
berlin,Berlin,Germany,DE,2025-11-22,6,true,6,115.51,61.60,-2.1,0.0,19.7,58.75
amsterdam,Amsterdam,Netherlands,NL,2024-01-07,7,true,2,14.63,6.89,0.3,0.6,41.0,55.24
amsterdam,Amsterdam,Netherlands,NL,2024-01-17,3,false,14,269.77,131.50,-1.2,0.0,56.6,133.28
amsterdam,Amsterdam,Netherlands,NL,2024-01-26,5,false,10,169.11,83.78,8.0,4.6,64.0,55.00
amsterdam,Amsterdam,Netherlands,NL,2024-02-03,6,true,7,109.74,54.30,9.7,4.1,43.5,54.59
amsterdam,Amsterdam,Netherlands,NL,2024-02-14,3,false,9,221.45,112.31,10.4,11.4,70.8,67.28
amsterdam,Amsterdam,Netherlands,NL,2024-02-25,7,true,6,141.40,70.93,5.6,2.0,28.0,48.75
amsterdam,Amsterdam,Netherlands,NL,2024-02-27,2,false,5,79.91,39.53,4.3,0.0,64.6,55.21
amsterdam,Amsterdam,Netherlands,NL,2024-02-29,4,false,12,224.45,114.57,8.1,7.0,85.5,63.73
amsterdam,Amsterdam,Netherlands,NL,2024-03-18,1,false,6,111.61,55.30,10.3,0.0,37.3,77.35
amsterdam,Amsterdam,Netherlands,NL,2024-03-26,2,false,10,189.51,93.01,9.0,0.0,59.9,67.72
amsterdam,Amsterdam,Netherlands,NL,2024-04-08,1,false,8,114.12,55.21,14.0,2.1,53.4,91.30
amsterdam,Amsterdam,Netherlands,NL,2024-04-19,5,false,11,135.85,67.28,8.1,10.5,56.4,100.15
amsterdam,Amsterdam,Netherlands,NL,2024-05-04,6,true,8,140.61,70.02,11.5,6.3,27.7,79.67
amsterdam,Amsterdam,Netherlands,NL,2024-05-10,5,false,2,19.19,10.18,13.9,0.0,54.6,97.26
amsterdam,Amsterdam,Netherlands,NL,2024-06-10,1,false,9,116.06,57.37,11.1,30.6,64.2,125.91
amsterdam,Amsterdam,Netherlands,NL,2024-07-02,2,false,7,106.59,53.38,14.5,7.4,71.2,104.44
amsterdam,Amsterdam,Netherlands,NL,2024-07-18,4,false,5,81.89,40.57,18.7,0.1,51.8,125.16
amsterdam,Amsterdam,Netherlands,NL,2024-08-17,6,true,6,116.20,58.04,18.3,0.0,36.0,93.12
amsterdam,Amsterdam,Netherlands,NL,2024-08-23,5,false,3,34.19,17.35,19.2,1.9,81.7,117.78
amsterdam,Amsterdam,Netherlands,NL,2024-09-06,5,false,2,19.53,9.93,21.5,7.0,54.3,112.39
amsterdam,Amsterdam,Netherlands,NL,2024-09-07,6,true,3,34.08,16.78,20.3,0.0,28.4,97.02
amsterdam,Amsterdam,Netherlands,NL,2024-09-17,2,false,6,74.36,36.60,15.6,0.0,53.4,108.26
amsterdam,Amsterdam,Netherlands,NL,2024-09-18,3,false,4,34.77,17.33,16.9,0.0,53.3,112.16
amsterdam,Amsterdam,Netherlands,NL,2024-09-27,5,false,7,77.27,37.63,12.1,15.2,62.7,103.87
amsterdam,Amsterdam,Netherlands,NL,2024-10-19,6,true,5,107.52,54.40,14.4,3.1,28.3,81.45
amsterdam,Amsterdam,Netherlands,NL,2024-11-20,3,false,6,145.27,74.17,2.0,10.1,66.6,64.60
amsterdam,Amsterdam,Netherlands,NL,2025-01-08,3,false,8,106.91,51.44,3.1,0.6,45.8,61.29
amsterdam,Amsterdam,Netherlands,NL,2025-01-09,4,false,8,170.76,88.69,2.2,5.0,70.6,58.31
amsterdam,Amsterdam,Netherlands,NL,2025-02-05,3,false,9,130.75,66.34,5.4,0.0,53.9,102.98
amsterdam,Amsterdam,Netherlands,NL,2025-02-20,4,false,7,83.00,42.73,6.5,0.9,55.5,62.16
amsterdam,Amsterdam,Netherlands,NL,2025-02-21,5,false,6,92.70,48.26,12.9,1.3,54.8,73.76
amsterdam,Amsterdam,Netherlands,NL,2025-03-11,2,false,11,214.30,104.55,5.6,0.0,49.4,75.29
amsterdam,Amsterdam,Netherlands,NL,2025-03-26,3,false,5,78.90,39.87,8.1,0.2,64.5,80.63
amsterdam,Amsterdam,Netherlands,NL,2025-04-14,1,false,13,161.78,80.55,12.3,0.5,63.9,91.56
amsterdam,Amsterdam,Netherlands,NL,2025-06-10,2,false,8,119.52,60.56,14.1,3.7,65.4,132.27
amsterdam,Amsterdam,Netherlands,NL,2025-06-20,5,false,4,80.19,40.27,18.8,0.0,60.0,116.82
amsterdam,Amsterdam,Netherlands,NL,2025-07-09,3,false,7,119.66,59.57,17.5,0.0,61.7,141.90
amsterdam,Amsterdam,Netherlands,NL,2025-08-14,4,false,13,185.08,91.16,22.3,0.5,49.9,119.64
amsterdam,Amsterdam,Netherlands,NL,2025-09-22,1,false,8,124.05,60.95,11.6,0.1,57.1,101.15
amsterdam,Amsterdam,Netherlands,NL,2025-09-27,6,true,10,189.45,99.71,12.0,0.1,36.3,90.20
amsterdam,Amsterdam,Netherlands,NL,2025-10-30,4,false,7,164.04,82.52,10.0,2.1,59.8,83.65
amsterdam,Amsterdam,Netherlands,NL,2025-12-08,1,false,4,45.60,23.15,11.7,0.5,60.5,62.77
amsterdam,Amsterdam,Netherlands,NL,2025-12-17,3,false,15,176.87,89.66,7.9,0.2,61.0,54.52
paris,Paris,France,FR,2024-01-15,1,false,21,313.51,136.00,0.8,0.3,57.8,128.89
paris,Paris,France,FR,2024-03-09,6,true,9,136.84,57.31,9.1,4.7,51.2,49.45
paris,Paris,France,FR,2024-03-17,7,true,6,81.04,37.34,11.2,8.1,46.4,47.71
paris,Paris,France,FR,2024-03-20,3,false,14,228.61,99.33,12.2,0.0,59.2,65.56
paris,Paris,France,FR,2024-03-30,6,true,6,68.00,30.86,8.7,10.6,36.8,54.81
paris,Paris,France,FR,2024-04-28,7,true,7,224.54,96.89,11.8,0.6,31.7,76.44
paris,Paris,France,FR,2024-05-17,5,false,8,114.08,50.15,14.5,0.5,66.4,87.11
paris,Paris,France,FR,2024-05-27,1,false,12,162.66,74.63,13.5,1.2,52.3,85.77
paris,Paris,France,FR,2024-07-27,6,true,8,161.59,69.13,18.3,9.5,38.4,86.61
paris,Paris,France,FR,2024-07-28,7,true,8,135.33,59.53,18.4,0.0,38.7,85.67
paris,Paris,France,FR,2024-09-08,7,true,5,93.55,40.95,16.3,4.8,38.5,61.62
paris,Paris,France,FR,2024-09-12,4,false,15,346.21,152.24,11.0,1.5,60.7,99.47
paris,Paris,France,FR,2024-09-14,6,true,9,142.02,62.57,11.5,0.0,31.1,79.52
paris,Paris,France,FR,2024-10-08,2,false,11,204.94,91.50,15.5,0.2,55.9,74.94
paris,Paris,France,FR,2024-10-14,1,false,10,171.63,76.11,14.5,0.2,64.2,65.59
paris,Paris,France,FR,2024-11-06,3,false,13,206.26,89.66,10.4,0.0,50.3,66.38
paris,Paris,France,FR,2024-11-11,1,false,13,197.56,86.71,8.8,0.5,51.9,62.50
paris,Paris,France,FR,2024-12-03,2,false,11,148.88,65.11,5.4,0.7,54.3,57.76
paris,Paris,France,FR,2024-12-29,7,true,6,154.91,70.15,2.8,0.0,24.5,50.64
paris,Paris,France,FR,2025-01-03,5,false,12,282.97,122.36,0.3,0.0,58.0,50.65
paris,Paris,France,FR,2025-01-25,6,true,8,79.85,34.83,9.2,11.7,31.9,38.35
paris,Paris,France,FR,2025-02-02,7,true,7,157.21,69.14,1.3,0.0,31.5,79.42
paris,Paris,France,FR,2025-02-19,3,false,19,439.02,198.20,5.2,0.0,44.2,52.99
paris,Paris,France,FR,2025-03-04,2,false,11,173.53,73.33,5.8,0.0,48.3,54.03
paris,Paris,France,FR,2025-03-13,4,false,11,255.33,117.52,4.3,1.4,67.5,67.54
paris,Paris,France,FR,2025-03-19,3,false,11,199.64,87.86,10.6,0.0,61.6,53.49
paris,Paris,France,FR,2025-03-20,4,false,14,252.51,109.11,11.8,0.0,59.3,74.49
paris,Paris,France,FR,2025-03-23,7,true,9,89.00,38.90,9.9,0.8,32.6,53.57
paris,Paris,France,FR,2025-04-20,7,true,9,180.66,81.92,13.0,4.2,29.8,58.10
paris,Paris,France,FR,2025-05-02,5,false,12,206.27,89.81,22.6,0.0,72.5,79.14
paris,Paris,France,FR,2025-05-18,7,true,11,174.48,76.02,14.5,0.0,37.5,71.10
paris,Paris,France,FR,2025-05-24,6,true,6,137.80,58.85,14.6,1.1,35.6,66.46
paris,Paris,France,FR,2025-06-16,1,false,10,179.68,80.89,19.7,0.0,69.4,88.16
paris,Paris,France,FR,2025-06-21,6,true,10,141.73,63.76,28.1,0.0,21.3,86.82
paris,Paris,France,FR,2025-06-25,3,false,15,254.57,111.12,25.7,1.0,62.7,89.62
paris,Paris,France,FR,2025-07-21,1,false,13,139.06,59.42,18.2,14.5,66.8,96.35
paris,Paris,France,FR,2025-07-28,1,false,9,114.31,50.96,18.0,0.9,53.4,89.76
paris,Paris,France,FR,2025-09-09,2,false,6,143.88,63.91,17.6,0.0,60.3,89.32
paris,Paris,France,FR,2025-10-01,3,false,9,154.86,69.13,13.3,0.0,50.6,68.76
paris,Paris,France,FR,2025-10-11,6,true,13,261.53,116.87,13.8,0.0,23.1,58.44
madrid,Madrid,Spain,ES,2024-01-30,2,false,12,147.22,56.64,7.7,0.0,50.0,33.57
madrid,Madrid,Spain,ES,2024-02-20,2,false,11,166.78,66.85,10.0,0.0,69.7,37.82
madrid,Madrid,Spain,ES,2024-03-02,6,true,6,80.67,32.33,6.7,6.8,37.2,42.64
madrid,Madrid,Spain,ES,2024-03-07,4,false,8,117.82,46.13,7.8,10.1,64.4,54.12
madrid,Madrid,Spain,ES,2024-04-13,6,true,7,89.11,35.19,18.5,0.0,39.5,67.56
madrid,Madrid,Spain,ES,2024-04-27,6,true,5,79.96,32.17,11.2,14.7,30.0,57.44
madrid,Madrid,Spain,ES,2024-05-21,2,false,7,78.10,30.49,14.4,5.9,69.4,70.91
madrid,Madrid,Spain,ES,2024-06-01,6,true,7,108.99,39.77,19.9,0.0,35.4,64.76
madrid,Madrid,Spain,ES,2024-06-15,6,true,11,211.50,83.23,22.1,0.0,38.4,77.65
madrid,Madrid,Spain,ES,2024-06-30,7,true,5,77.88,31.35,20.4,0.2,39.6,50.82
madrid,Madrid,Spain,ES,2024-08-14,3,false,11,164.95,65.12,25.0,0.0,49.2,64.76
madrid,Madrid,Spain,ES,2024-08-21,3,false,3,63.02,25.61,28.0,0.0,74.2,74.28
madrid,Madrid,Spain,ES,2024-08-30,5,false,16,246.60,98.73,22.4,1.5,60.8,75.03
madrid,Madrid,Spain,ES,2024-09-20,5,false,8,120.52,46.10,17.9,1.0,70.2,76.35
madrid,Madrid,Spain,ES,2024-09-29,7,true,11,160.83,65.98,16.5,0.0,27.2,62.05
madrid,Madrid,Spain,ES,2024-10-21,1,false,8,115.61,46.49,15.2,0.0,69.0,61.92
madrid,Madrid,Spain,ES,2024-11-16,6,true,10,114.31,45.80,11.1,0.0,34.2,60.34
madrid,Madrid,Spain,ES,2024-11-22,5,false,11,221.95,89.74,11.2,0.0,43.7,49.31
madrid,Madrid,Spain,ES,2024-11-26,2,false,4,60.36,23.55,7.3,0.0,39.5,52.82
madrid,Madrid,Spain,ES,2024-11-27,3,false,4,106.84,42.53,7.0,0.0,55.6,52.67
madrid,Madrid,Spain,ES,2024-12-02,1,false,11,184.50,72.70,10.5,4.3,61.7,37.48
madrid,Madrid,Spain,ES,2024-12-31,2,false,10,180.38,69.03,3.0,0.0,47.3,47.98
madrid,Madrid,Spain,ES,2025-01-07,2,false,12,197.42,78.25,5.7,0.0,60.1,39.16
madrid,Madrid,Spain,ES,2025-01-19,7,true,4,104.14,42.21,2.3,0.0,32.4,38.05
madrid,Madrid,Spain,ES,2025-01-20,1,false,12,163.91,65.33,5.3,2.9,68.3,36.86
madrid,Madrid,Spain,ES,2025-01-21,2,false,7,106.22,41.43,8.3,5.2,70.5,35.83
madrid,Madrid,Spain,ES,2025-02-03,1,false,6,103.85,40.84,5.9,0.0,53.6,72.39
madrid,Madrid,Spain,ES,2025-02-08,6,true,4,136.42,53.89,6.6,0.0,23.3,59.16
madrid,Madrid,Spain,ES,2025-02-10,1,false,7,126.99,50.43,8.9,0.1,62.1,86.57
madrid,Madrid,Spain,ES,2025-02-11,2,false,14,246.98,99.13,9.2,2.0,56.8,57.42
madrid,Madrid,Spain,ES,2025-02-12,3,false,10,116.07,45.63,9.4,1.5,70.5,90.72
madrid,Madrid,Spain,ES,2025-04-27,7,true,9,118.65,48.36,14.7,0.0,37.6,59.98
madrid,Madrid,Spain,ES,2025-05-10,6,true,9,84.30,33.82,13.0,7.9,31.0,61.48
madrid,Madrid,Spain,ES,2025-05-15,4,false,5,25.93,10.60,14.5,1.5,55.1,74.17
madrid,Madrid,Spain,ES,2025-05-17,6,true,6,107.55,44.30,18.4,0.0,23.1,76.70
madrid,Madrid,Spain,ES,2025-06-06,5,false,9,119.39,46.10,24.5,0.0,52.1,73.68
madrid,Madrid,Spain,ES,2025-06-15,7,true,8,90.35,36.29,28.7,0.0,26.5,65.77
madrid,Madrid,Spain,ES,2025-07-02,3,false,3,53.44,21.06,30.8,0.1,44.5,77.77
madrid,Madrid,Spain,ES,2025-07-17,4,false,9,107.40,41.42,31.7,0.0,48.0,82.11
madrid,Madrid,Spain,ES,2025-08-25,1,false,8,134.85,54.18,28.4,0.0,52.4,90.36
madrid,Madrid,Spain,ES,2025-09-16,2,false,11,165.28,68.27,26.5,0.0,55.5,71.99
madrid,Madrid,Spain,ES,2025-10-16,4,false,8,148.57,57.37,18.4,0.0,49.6,69.29
madrid,Madrid,Spain,ES,2025-10-23,4,false,9,103.84,41.83,18.9,0.7,67.6,64.92
madrid,Madrid,Spain,ES,2025-11-08,6,true,4,68.09,27.07,10.5,0.0,32.1,37.46
madrid,Madrid,Spain,ES,2025-12-16,2,false,10,124.80,48.20,8.3,8.6,69.1,45.51
madrid,Madrid,Spain,ES,2025-12-23,2,false,9,119.74,48.45,3.6,0.0,48.0,34.48
madrid,Madrid,Spain,ES,2025-12-24,3,false,9,120.68,48.59,4.4,0.0,54.8,46.37
madrid,Madrid,Spain,ES,2025-12-29,1,false,9,113.71,45.49,6.9,0.0,47.8,42.86
warsaw,Warsaw,Poland,PL,2024-03-08,5,false,12,254.25,94.42,1.2,0.0,39.3,53.80
warsaw,Warsaw,Poland,PL,2024-03-13,3,false,7,162.32,60.51,4.6,2.1,54.0,51.55
warsaw,Warsaw,Poland,PL,2024-03-23,6,true,8,90.89,33.84,9.4,5.8,40.5,71.23
warsaw,Warsaw,Poland,PL,2024-03-29,5,false,16,299.70,104.13,11.0,1.3,57.6,65.55
warsaw,Warsaw,Poland,PL,2024-05-12,7,true,7,84.79,29.96,11.6,0.0,21.6,76.82
warsaw,Warsaw,Poland,PL,2024-05-14,2,false,10,149.77,54.28,15.4,0.0,48.7,113.92
warsaw,Warsaw,Poland,PL,2024-06-16,7,true,6,74.90,26.64,19.9,2.4,26.8,69.20
warsaw,Warsaw,Poland,PL,2024-07-09,2,false,10,155.51,57.05,24.4,0.0,66.9,96.75
warsaw,Warsaw,Poland,PL,2024-07-21,7,true,8,127.59,46.19,23.9,0.0,28.6,100.02
warsaw,Warsaw,Poland,PL,2024-07-23,2,false,12,154.20,55.62,21.2,0.3,59.6,99.45
warsaw,Warsaw,Poland,PL,2024-09-23,1,false,17,252.85,90.87,17.0,0.0,55.8,95.59
warsaw,Warsaw,Poland,PL,2024-10-02,3,false,12,210.33,75.61,10.9,8.9,77.3,97.86
warsaw,Warsaw,Poland,PL,2024-10-09,3,false,6,129.92,46.33,15.0,0.4,53.2,91.40
warsaw,Warsaw,Poland,PL,2024-10-29,2,false,12,163.50,57.76,11.9,1.3,62.7,87.87
warsaw,Warsaw,Poland,PL,2024-11-02,6,true,10,182.42,65.46,6.7,0.8,33.6,62.16
warsaw,Warsaw,Poland,PL,2024-11-30,6,true,4,52.12,18.51,3.5,0.0,30.7,50.00
warsaw,Warsaw,Poland,PL,2024-12-26,4,false,8,148.33,54.77,0.6,0.1,52.3,46.32
warsaw,Warsaw,Poland,PL,2025-01-12,7,true,9,146.92,50.95,-0.2,2.7,31.8,39.19
warsaw,Warsaw,Poland,PL,2025-01-27,1,false,7,116.78,42.59,5.8,0.0,61.3,61.23
warsaw,Warsaw,Poland,PL,2025-03-01,6,true,7,169.37,60.73,2.0,3.0,28.0,55.30
warsaw,Warsaw,Poland,PL,2025-03-05,3,false,9,139.42,49.60,7.7,0.0,55.4,58.26
warsaw,Warsaw,Poland,PL,2025-03-07,5,false,7,85.95,31.33,8.2,0.0,65.7,57.07
warsaw,Warsaw,Poland,PL,2025-03-16,7,true,6,132.82,48.11,2.3,0.1,23.5,56.88
warsaw,Warsaw,Poland,PL,2025-04-08,2,false,15,204.12,73.65,4.5,0.1,57.9,92.29
warsaw,Warsaw,Poland,PL,2025-04-17,4,false,4,72.70,25.63,20.8,0.0,53.5,85.73
warsaw,Warsaw,Poland,PL,2025-04-26,6,true,13,232.18,83.20,7.8,0.0,34.0,82.16
warsaw,Warsaw,Poland,PL,2025-04-28,1,false,7,144.84,51.17,12.4,0.0,60.6,98.26
warsaw,Warsaw,Poland,PL,2025-05-04,7,true,7,92.78,33.44,13.6,4.4,26.0,75.35
warsaw,Warsaw,Poland,PL,2025-05-05,1,false,8,154.89,56.28,8.3,0.2,53.3,92.06
warsaw,Warsaw,Poland,PL,2025-06-03,2,false,10,137.28,50.14,18.6,7.6,70.7,118.78
warsaw,Warsaw,Poland,PL,2025-08-12,2,false,12,215.23,74.08,20.0,0.0,56.6,100.89
warsaw,Warsaw,Poland,PL,2025-08-18,1,false,5,79.61,28.26,16.9,2.2,61.6,125.39
warsaw,Warsaw,Poland,PL,2025-08-31,7,true,9,170.66,62.06,20.6,1.1,28.2,80.30
warsaw,Warsaw,Poland,PL,2025-09-15,1,false,7,144.38,51.07,16.5,0.1,58.7,82.72
warsaw,Warsaw,Poland,PL,2025-09-20,6,true,7,95.00,33.75,20.3,0.0,36.3,60.17
warsaw,Warsaw,Poland,PL,2025-10-18,6,true,10,143.13,50.46,6.0,5.9,31.8,60.10
warsaw,Warsaw,Poland,PL,2025-11-04,2,false,8,162.18,56.69,8.2,0.0,60.9,68.77
warsaw,Warsaw,Poland,PL,2025-11-06,4,false,12,182.03,65.22,7.4,0.0,58.7,62.52
warsaw,Warsaw,Poland,PL,2025-11-10,1,false,5,138.44,50.09,6.6,0.8,47.4,67.88
warsaw,Warsaw,Poland,PL,2025-11-12,3,false,3,38.78,14.38,6.0,0.0,62.2,58.88
warsaw,Warsaw,Poland,PL,2025-11-13,4,false,12,191.21,67.79,8.0,0.0,61.0,79.11
warsaw,Warsaw,Poland,PL,2025-11-17,1,false,5,84.40,28.99,5.2,1.4,71.6,49.51
warsaw,Warsaw,Poland,PL,2025-12-02,2,false,11,140.96,50.63,2.8,0.0,44.8,54.89
warsaw,Warsaw,Poland,PL,2025-12-20,6,true,8,183.61,66.08,2.5,0.6,26.6,41.48
stockholm,Stockholm,Sweden,SE,2024-02-26,1,false,11,203.93,79.54,1.3,1.4,59.4,35.15
stockholm,Stockholm,Sweden,SE,2024-04-01,1,false,7,109.36,41.64,4.5,0.0,51.0,45.78
stockholm,Stockholm,Sweden,SE,2024-04-24,3,false,11,196.51,75.10,3.8,0.4,58.9,45.12
stockholm,Stockholm,Sweden,SE,2024-04-30,2,false,10,152.09,56.11,9.8,0.0,71.6,50.05
stockholm,Stockholm,Sweden,SE,2024-06-04,2,false,6,133.72,51.77,18.7,0.0,43.0,43.57
stockholm,Stockholm,Sweden,SE,2024-06-08,6,true,6,78.89,29.10,13.8,2.8,23.3,51.15
stockholm,Stockholm,Sweden,SE,2024-06-11,2,false,10,168.48,63.88,13.1,3.9,81.0,60.03
stockholm,Stockholm,Sweden,SE,2024-06-18,2,false,7,124.16,45.66,16.3,0.2,47.9,55.07
stockholm,Stockholm,Sweden,SE,2024-07-12,5,false,7,131.26,50.91,20.0,0.5,68.3,65.52
stockholm,Stockholm,Sweden,SE,2024-07-31,3,false,8,129.95,49.13,18.1,3.4,64.6,78.77
stockholm,Stockholm,Sweden,SE,2024-08-05,1,false,5,54.45,20.56,18.7,0.3,67.5,67.23
stockholm,Stockholm,Sweden,SE,2024-08-11,7,true,5,106.49,41.42,17.5,0.0,24.9,51.20
stockholm,Stockholm,Sweden,SE,2024-08-18,7,true,3,27.93,10.78,16.8,0.0,28.0,49.68
stockholm,Stockholm,Sweden,SE,2024-08-19,1,false,8,118.67,43.97,17.0,0.0,61.0,67.63
stockholm,Stockholm,Sweden,SE,2024-08-25,7,true,7,87.99,34.45,18.5,1.6,44.3,38.16
stockholm,Stockholm,Sweden,SE,2024-09-03,2,false,8,152.82,56.37,15.2,0.0,50.6,45.42
stockholm,Stockholm,Sweden,SE,2024-09-21,6,true,8,162.98,61.10,13.0,0.0,29.9,44.30
stockholm,Stockholm,Sweden,SE,2024-10-23,3,false,9,86.18,33.37,10.0,0.0,65.2,43.88
stockholm,Stockholm,Sweden,SE,2024-11-17,7,true,3,71.30,25.93,4.8,0.0,29.2,31.58
stockholm,Stockholm,Sweden,SE,2024-11-25,1,false,5,78.20,29.74,8.7,4.4,53.2,30.15
stockholm,Stockholm,Sweden,SE,2024-12-07,6,true,3,37.96,13.92,0.9,0.0,21.1,27.62
stockholm,Stockholm,Sweden,SE,2024-12-10,2,false,11,155.42,58.10,-2.7,0.0,59.7,34.88
stockholm,Stockholm,Sweden,SE,2024-12-30,1,false,4,50.11,18.93,2.0,0.8,55.3,23.89
stockholm,Stockholm,Sweden,SE,2025-01-05,7,true,7,85.88,32.58,-12.3,0.0,35.4,32.42
stockholm,Stockholm,Sweden,SE,2025-01-15,3,false,13,276.27,105.55,0.2,0.0,54.5,27.98
stockholm,Stockholm,Sweden,SE,2025-01-26,7,true,6,103.24,38.88,2.2,0.0,33.4,31.12
stockholm,Stockholm,Sweden,SE,2025-02-06,4,false,13,147.83,56.69,-0.1,0.0,55.6,55.54
stockholm,Stockholm,Sweden,SE,2025-02-09,7,true,9,155.52,58.64,-0.5,0.0,31.8,47.24
stockholm,Stockholm,Sweden,SE,2025-03-09,7,true,6,150.45,57.02,4.4,0.0,28.1,24.34
stockholm,Stockholm,Sweden,SE,2025-03-12,3,false,4,71.34,25.47,-0.2,1.5,58.2,39.31
stockholm,Stockholm,Sweden,SE,2025-03-18,2,false,8,105.65,40.13,5.6,0.0,70.9,24.92
stockholm,Stockholm,Sweden,SE,2025-05-08,4,false,10,216.60,81.55,6.4,0.2,37.0,44.86
stockholm,Stockholm,Sweden,SE,2025-05-11,7,true,8,136.92,52.32,8.2,0.0,44.9,52.24
stockholm,Stockholm,Sweden,SE,2025-06-12,4,false,7,94.75,36.57,12.8,0.0,62.1,42.70
stockholm,Stockholm,Sweden,SE,2025-07-16,3,false,5,78.12,29.24,20.9,0.1,55.8,64.39
stockholm,Stockholm,Sweden,SE,2025-07-25,5,false,10,132.43,50.41,22.1,0.6,61.5,66.37
stockholm,Stockholm,Sweden,SE,2025-07-26,6,true,6,126.49,48.90,22.1,1.0,37.1,53.26
stockholm,Stockholm,Sweden,SE,2025-08-09,6,true,1,6.19,2.45,17.5,0.0,31.3,54.89
stockholm,Stockholm,Sweden,SE,2025-08-26,2,false,6,92.43,34.39,12.2,1.0,57.9,59.21
stockholm,Stockholm,Sweden,SE,2025-09-14,7,true,5,80.54,31.32,15.7,4.4,33.5,43.81
stockholm,Stockholm,Sweden,SE,2025-09-25,4,false,9,162.19,60.95,10.3,0.0,58.8,55.02
stockholm,Stockholm,Sweden,SE,2025-11-03,1,false,8,149.77,57.08,7.1,0.0,48.3,34.39
stockholm,Stockholm,Sweden,SE,2025-11-29,6,true,4,75.20,28.06,6.1,0.0,19.0,29.52
stockholm,Stockholm,Sweden,SE,2025-12-09,2,false,14,254.29,97.02,5.4,0.5,49.7,29.96
stockholm,Stockholm,Sweden,SE,2025-12-15,1,false,4,80.40,29.45,7.8,0.1,70.9,30.38
oslo,Oslo,Norway,NO,2024-02-26,1,false,12,183.68,58.87,-0.2,0.0,55.8,23.25
oslo,Oslo,Norway,NO,2024-04-01,1,false,8,146.15,43.34,5.4,0.0,62.2,41.05
oslo,Oslo,Norway,NO,2024-04-24,3,false,5,95.35,30.53,4.3,0.7,54.3,37.85
oslo,Oslo,Norway,NO,2024-04-30,2,false,11,214.83,69.59,9.7,0.0,62.0,45.88
oslo,Oslo,Norway,NO,2024-06-04,2,false,6,127.56,41.30,14.0,1.3,55.7,58.31
oslo,Oslo,Norway,NO,2024-06-08,6,true,7,91.53,28.86,9.2,13.1,24.6,32.84
oslo,Oslo,Norway,NO,2024-06-11,2,false,5,70.36,18.94,13.5,0.0,59.1,39.27
oslo,Oslo,Norway,NO,2024-06-18,2,false,12,141.59,44.15,12.9,3.2,62.3,59.51
oslo,Oslo,Norway,NO,2024-07-12,5,false,6,142.80,45.71,16.9,0.0,56.7,47.75
oslo,Oslo,Norway,NO,2024-07-31,3,false,8,98.86,31.34,18.0,0.0,66.1,50.73
oslo,Oslo,Norway,NO,2024-08-05,1,false,9,148.45,47.62,17.8,0.0,53.5,42.07
oslo,Oslo,Norway,NO,2024-08-11,7,true,8,99.93,33.01,16.6,0.0,25.3,42.19
oslo,Oslo,Norway,NO,2024-08-18,7,true,9,170.98,51.15,14.4,0.8,23.7,43.02
oslo,Oslo,Norway,NO,2024-08-19,1,false,10,157.86,51.20,15.0,0.0,49.4,43.75
oslo,Oslo,Norway,NO,2024-08-25,7,true,13,220.95,68.44,14.1,3.6,42.5,47.11
oslo,Oslo,Norway,NO,2024-09-03,2,false,10,267.97,86.22,14.8,11.6,69.1,59.25
oslo,Oslo,Norway,NO,2024-09-21,6,true,5,56.81,17.76,12.7,0.0,34.6,36.00
oslo,Oslo,Norway,NO,2024-10-23,3,false,3,37.34,11.98,8.7,0.0,46.7,34.16
oslo,Oslo,Norway,NO,2024-11-17,7,true,5,95.02,29.82,2.9,0.0,17.8,28.76
oslo,Oslo,Norway,NO,2024-11-25,1,false,15,378.26,121.93,5.4,6.9,67.2,30.40
oslo,Oslo,Norway,NO,2024-12-07,6,true,7,148.91,47.38,0.9,1.6,32.3,30.32
oslo,Oslo,Norway,NO,2024-12-10,2,false,10,318.99,104.87,-6.2,0.0,40.5,26.13
oslo,Oslo,Norway,NO,2024-12-30,1,false,17,255.57,81.06,-0.3,0.0,51.4,31.39
oslo,Oslo,Norway,NO,2025-01-05,7,true,9,143.52,45.28,-14.6,1.0,47.5,17.74
oslo,Oslo,Norway,NO,2025-01-15,3,false,13,226.96,76.26,-1.2,0.3,56.2,30.24
oslo,Oslo,Norway,NO,2025-01-26,7,true,7,109.24,33.37,0.2,0.0,31.9,22.17
oslo,Oslo,Norway,NO,2025-02-06,4,false,9,178.06,56.97,-4.3,0.0,55.6,36.00
oslo,Oslo,Norway,NO,2025-02-09,7,true,10,170.69,54.86,-7.6,0.0,41.0,42.24
oslo,Oslo,Norway,NO,2025-03-09,7,true,8,117.27,37.26,2.7,0.0,34.8,32.44
oslo,Oslo,Norway,NO,2025-03-12,3,false,12,240.16,77.85,-1.6,0.8,57.3,33.98
oslo,Oslo,Norway,NO,2025-03-18,2,false,11,165.97,53.95,3.8,0.0,52.8,33.07
oslo,Oslo,Norway,NO,2025-05-08,4,false,12,181.26,59.22,11.4,0.0,66.8,54.81
oslo,Oslo,Norway,NO,2025-05-11,7,true,2,56.69,18.12,12.1,0.0,29.8,40.61
oslo,Oslo,Norway,NO,2025-06-12,4,false,7,124.94,40.08,13.7,0.0,53.4,52.70
oslo,Oslo,Norway,NO,2025-07-16,3,false,6,99.54,32.00,21.3,13.9,80.7,54.29
oslo,Oslo,Norway,NO,2025-07-25,5,false,10,141.69,44.23,22.5,0.2,58.9,54.49
oslo,Oslo,Norway,NO,2025-07-26,6,true,7,106.74,31.28,21.8,0.0,33.9,56.68
oslo,Oslo,Norway,NO,2025-08-09,6,true,7,143.35,48.49,15.3,1.6,36.4,47.05
oslo,Oslo,Norway,NO,2025-08-26,2,false,8,91.23,28.33,14.2,0.0,49.8,56.12
oslo,Oslo,Norway,NO,2025-09-14,7,true,5,105.84,34.88,12.5,9.5,34.1,38.48
oslo,Oslo,Norway,NO,2025-09-25,4,false,11,190.19,61.40,8.4,0.0,54.9,47.94
oslo,Oslo,Norway,NO,2025-11-03,1,false,5,79.98,25.60,6.4,4.6,67.3,33.32
oslo,Oslo,Norway,NO,2025-11-29,6,true,8,98.97,31.99,3.7,0.3,37.9,28.61
oslo,Oslo,Norway,NO,2025-12-09,2,false,8,149.06,47.64,0.2,0.1,65.1,24.53
oslo,Oslo,Norway,NO,2025-12-15,1,false,9,78.95,24.98,7.9,0.0,50.0,23.18
copenhagen,Copenhagen,Denmark,DK,2024-01-07,7,true,7,145.99,66.92,-5.3,0.0,26.2,38.89
copenhagen,Copenhagen,Denmark,DK,2024-01-17,3,false,8,124.22,62.73,-0.5,2.6,57.6,92.56
copenhagen,Copenhagen,Denmark,DK,2024-01-26,5,false,9,155.49,76.01,4.2,7.5,57.6,55.41
copenhagen,Copenhagen,Denmark,DK,2024-02-03,6,true,5,45.87,21.98,7.0,0.0,42.2,44.64
copenhagen,Copenhagen,Denmark,DK,2024-02-14,3,false,8,126.06,57.70,3.8,0.8,57.0,40.41
copenhagen,Copenhagen,Denmark,DK,2024-02-25,7,true,7,122.84,58.28,4.0,0.3,21.3,37.62
copenhagen,Copenhagen,Denmark,DK,2024-02-27,2,false,14,186.32,88.67,1.7,0.0,56.5,51.17
copenhagen,Copenhagen,Denmark,DK,2024-02-29,4,false,10,127.78,61.12,4.5,0.0,54.9,51.95
copenhagen,Copenhagen,Denmark,DK,2024-03-18,1,false,8,139.02,66.58,0.7,0.1,51.0,56.73
copenhagen,Copenhagen,Denmark,DK,2024-03-26,2,false,7,104.72,49.22,5.0,0.0,57.8,51.83
copenhagen,Copenhagen,Denmark,DK,2024-04-08,1,false,12,149.82,72.96,9.1,3.0,62.0,61.20
copenhagen,Copenhagen,Denmark,DK,2024-04-19,5,false,8,101.94,47.26,4.6,5.5,57.7,63.82
copenhagen,Copenhagen,Denmark,DK,2024-05-04,6,true,5,43.59,21.07,11.3,0.3,34.4,78.39
copenhagen,Copenhagen,Denmark,DK,2024-05-10,5,false,10,186.17,88.98,11.6,1.2,49.8,80.75
copenhagen,Copenhagen,Denmark,DK,2024-06-10,1,false,10,135.50,63.91,13.5,0.3,49.9,83.56
copenhagen,Copenhagen,Denmark,DK,2024-07-02,2,false,9,104.58,50.35,14.7,0.3,60.0,80.80
copenhagen,Copenhagen,Denmark,DK,2024-07-18,4,false,10,78.05,36.33,17.1,0.0,50.2,100.89
copenhagen,Copenhagen,Denmark,DK,2024-08-17,6,true,5,84.50,38.86,17.3,0.0,16.9,67.62
copenhagen,Copenhagen,Denmark,DK,2024-08-23,5,false,8,122.77,58.10,18.8,3.9,79.6,86.64
copenhagen,Copenhagen,Denmark,DK,2024-09-06,5,false,11,153.96,73.64,21.1,0.0,56.6,81.33
copenhagen,Copenhagen,Denmark,DK,2024-09-07,6,true,7,132.69,60.76,21.4,0.0,29.1,75.41
copenhagen,Copenhagen,Denmark,DK,2024-09-17,2,false,9,117.01,58.12,15.2,0.0,51.8,84.88
copenhagen,Copenhagen,Denmark,DK,2024-09-18,3,false,8,119.67,58.57,15.4,0.0,41.7,86.35
copenhagen,Copenhagen,Denmark,DK,2024-09-27,5,false,7,132.23,64.47,14.4,2.4,73.0,78.32
copenhagen,Copenhagen,Denmark,DK,2024-10-19,6,true,10,179.50,86.20,12.8,0.4,30.3,62.59
copenhagen,Copenhagen,Denmark,DK,2024-11-20,3,false,12,152.46,71.40,1.5,1.0,70.2,63.26
copenhagen,Copenhagen,Denmark,DK,2025-01-08,3,false,8,122.99,60.77,3.8,0.9,48.8,47.48
copenhagen,Copenhagen,Denmark,DK,2025-01-09,4,false,13,184.84,89.19,2.7,0.8,62.3,46.61
copenhagen,Copenhagen,Denmark,DK,2025-02-05,3,false,11,184.28,91.49,4.8,0.0,49.9,77.48
copenhagen,Copenhagen,Denmark,DK,2025-02-20,4,false,6,58.10,27.84,1.2,0.0,54.1,51.91
copenhagen,Copenhagen,Denmark,DK,2025-02-21,5,false,9,142.44,70.69,3.1,3.3,70.0,56.22
copenhagen,Copenhagen,Denmark,DK,2025-03-11,2,false,12,222.37,105.53,3.3,2.4,56.1,45.20
copenhagen,Copenhagen,Denmark,DK,2025-03-26,3,false,9,151.52,71.83,7.6,0.0,44.7,56.55
copenhagen,Copenhagen,Denmark,DK,2025-04-14,1,false,7,102.25,49.80,8.2,2.3,67.0,68.04
copenhagen,Copenhagen,Denmark,DK,2025-06-10,2,false,8,94.92,46.28,13.0,7.2,58.7,95.22
copenhagen,Copenhagen,Denmark,DK,2025-06-20,5,false,11,116.08,53.23,17.0,0.0,58.6,106.02
copenhagen,Copenhagen,Denmark,DK,2025-07-09,3,false,7,124.80,59.45,17.0,0.8,58.7,93.28
copenhagen,Copenhagen,Denmark,DK,2025-08-14,4,false,6,98.45,45.83,21.5,0.2,62.3,86.65
copenhagen,Copenhagen,Denmark,DK,2025-09-22,1,false,13,188.74,90.09,12.0,0.0,50.5,72.39
copenhagen,Copenhagen,Denmark,DK,2025-09-27,6,true,2,48.19,21.82,13.5,0.0,37.2,60.02
copenhagen,Copenhagen,Denmark,DK,2025-10-30,4,false,13,165.96,79.21,9.6,16.6,75.7,56.56
copenhagen,Copenhagen,Denmark,DK,2025-12-08,1,false,11,149.90,73.41,8.6,3.1,72.8,58.04
copenhagen,Copenhagen,Denmark,DK,2025-12-17,3,false,12,209.48,99.55,6.6,0.2,61.9,48.87
berlin,Berlin,Germany,DE,2024-01-30,2,false,6,68.10,33.75,4.5,0.1,53.0,61.29
berlin,Berlin,Germany,DE,2024-02-20,2,false,4,60.30,31.06,7.2,1.2,45.2,67.54
berlin,Berlin,Germany,DE,2024-03-02,6,true,5,69.17,35.51,8.3,0.7,30.4,45.08
berlin,Berlin,Germany,DE,2024-03-07,4,false,6,87.26,45.43,3.7,0.3,72.3,65.34
berlin,Berlin,Germany,DE,2024-04-13,6,true,10,172.53,88.32,16.7,0.0,28.7,74.92
berlin,Berlin,Germany,DE,2024-04-27,6,true,6,61.89,32.51,12.2,0.0,28.2,85.60
berlin,Berlin,Germany,DE,2024-05-21,2,false,6,92.54,49.02,20.3,0.2,56.5,96.71
berlin,Berlin,Germany,DE,2024-06-01,6,true,4,101.40,53.81,20.1,0.4,31.1,84.60
berlin,Berlin,Germany,DE,2024-06-15,6,true,9,158.08,83.45,16.8,2.8,27.9,98.46
berlin,Berlin,Germany,DE,2024-06-30,7,true,4,68.18,34.89,22.4,6.7,52.3,105.20
berlin,Berlin,Germany,DE,2024-08-14,3,false,10,246.38,129.13,25.5,3.0,75.0,97.25
berlin,Berlin,Germany,DE,2024-08-21,3,false,4,65.39,34.95,19.6,0.6,61.7,112.28
berlin,Berlin,Germany,DE,2024-08-30,5,false,9,110.77,57.65,22.6,2.4,65.7,100.90
berlin,Berlin,Germany,DE,2024-09-20,5,false,7,78.45,40.86,17.2,0.0,52.0,77.15
berlin,Berlin,Germany,DE,2024-09-29,7,true,5,107.41,56.76,9.6,0.0,27.6,70.85
berlin,Berlin,Germany,DE,2024-10-21,1,false,7,103.29,52.50,15.4,3.1,64.0,85.71
berlin,Berlin,Germany,DE,2024-11-16,6,true,8,151.31,77.68,6.4,0.0,13.1,66.43
berlin,Berlin,Germany,DE,2024-11-22,5,false,7,131.25,65.81,1.6,0.4,56.1,66.77
berlin,Berlin,Germany,DE,2024-11-26,2,false,9,207.28,106.07,8.3,1.8,56.1,63.65
berlin,Berlin,Germany,DE,2024-11-27,3,false,7,150.13,78.47,6.1,4.6,68.1,55.45
berlin,Berlin,Germany,DE,2024-12-02,1,false,9,130.67,67.88,2.7,0.0,55.4,62.38
berlin,Berlin,Germany,DE,2024-12-31,2,false,6,82.55,40.26,1.7,0.0,42.5,50.12
berlin,Berlin,Germany,DE,2025-01-07,2,false,8,96.77,51.33,4.9,1.9,69.5,49.39
berlin,Berlin,Germany,DE,2025-01-19,7,true,8,181.27,93.17,0.2,0.0,34.1,39.80
berlin,Berlin,Germany,DE,2025-01-20,1,false,12,196.52,103.00,1.4,0.0,50.8,66.53
berlin,Berlin,Germany,DE,2025-01-21,2,false,9,182.34,94.80,-1.8,0.0,70.1,66.90
berlin,Berlin,Germany,DE,2025-02-03,1,false,7,157.27,80.28,0.2,0.0,61.1,113.26
berlin,Berlin,Germany,DE,2025-02-08,6,true,9,109.56,56.98,1.8,0.0,35.7,76.88
berlin,Berlin,Germany,DE,2025-02-10,1,false,8,151.41,80.36,0.0,0.0,54.1,95.34
berlin,Berlin,Germany,DE,2025-02-11,2,false,7,157.12,81.67,-0.7,0.0,45.7,89.35
berlin,Berlin,Germany,DE,2025-02-12,3,false,6,107.78,55.96,-2.5,0.0,66.4,112.02
berlin,Berlin,Germany,DE,2025-04-27,7,true,5,65.14,32.45,11.3,0.0,14.3,64.49
berlin,Berlin,Germany,DE,2025-05-10,6,true,10,145.57,77.05,14.0,0.1,34.9,82.00
berlin,Berlin,Germany,DE,2025-05-15,4,false,8,101.34,55.03,11.7,0.8,62.7,86.09
berlin,Berlin,Germany,DE,2025-05-17,6,true,8,106.11,54.78,10.9,1.7,29.0,97.68
berlin,Berlin,Germany,DE,2025-06-06,5,false,5,93.80,48.36,18.4,1.5,56.2,104.86
berlin,Berlin,Germany,DE,2025-06-15,7,true,2,66.89,34.89,23.6,1.7,16.3,106.93
berlin,Berlin,Germany,DE,2025-07-02,3,false,6,112.94,55.88,30.2,0.0,45.7,129.73
berlin,Berlin,Germany,DE,2025-07-17,4,false,10,154.70,81.96,16.8,15.3,60.8,74.40
berlin,Berlin,Germany,DE,2025-08-25,1,false,8,118.38,60.21,14.6,0.1,49.5,89.95
berlin,Berlin,Germany,DE,2025-09-16,2,false,6,76.94,38.78,15.4,0.5,50.5,108.70
berlin,Berlin,Germany,DE,2025-10-16,4,false,4,95.65,50.25,11.2,0.6,51.2,93.18
berlin,Berlin,Germany,DE,2025-10-23,4,false,10,182.95,94.73,12.6,2.4,57.0,73.00
berlin,Berlin,Germany,DE,2025-11-08,6,true,4,69.14,37.68,4.4,0.0,24.2,73.38
berlin,Berlin,Germany,DE,2025-12-16,2,false,11,180.28,94.41,2.3,0.0,59.2,68.01
berlin,Berlin,Germany,DE,2025-12-23,2,false,8,209.56,108.95,1.7,0.0,47.5,48.23
berlin,Berlin,Germany,DE,2025-12-24,3,false,7,138.89,72.74,-3.2,0.0,55.6,51.93
berlin,Berlin,Germany,DE,2025-12-29,1,false,10,217.48,112.20,1.9,0.9,60.9,48.73
amsterdam,Amsterdam,Netherlands,NL,2024-01-15,1,false,13,204.92,103.76,2.1,2.9,54.5,122.51
amsterdam,Amsterdam,Netherlands,NL,2024-03-09,6,true,8,130.82,62.79,7.6,0.0,28.4,63.56
amsterdam,Amsterdam,Netherlands,NL,2024-03-17,7,true,6,103.67,51.22,9.2,4.1,52.2,61.60
amsterdam,Amsterdam,Netherlands,NL,2024-03-20,3,false,12,174.80,87.07,10.3,1.8,60.0,70.05
amsterdam,Amsterdam,Netherlands,NL,2024-03-30,6,true,4,66.24,34.06,8.4,3.3,31.3,65.44
amsterdam,Amsterdam,Netherlands,NL,2024-04-28,7,true,10,169.95,85.47,12.1,2.6,31.6,84.15
amsterdam,Amsterdam,Netherlands,NL,2024-05-17,5,false,6,110.35,53.89,15.3,8.7,55.7,99.87
amsterdam,Amsterdam,Netherlands,NL,2024-05-27,1,false,6,110.37,56.29,14.0,4.3,66.3,97.25
amsterdam,Amsterdam,Netherlands,NL,2024-07-27,6,true,5,92.39,45.07,17.5,1.3,15.7,105.86
amsterdam,Amsterdam,Netherlands,NL,2024-07-28,7,true,4,63.60,30.72,17.7,0.0,17.5,99.67
amsterdam,Amsterdam,Netherlands,NL,2024-09-08,7,true,5,66.73,33.21,18.7,0.7,18.8,81.38
amsterdam,Amsterdam,Netherlands,NL,2024-09-12,4,false,8,80.41,40.07,10.1,1.4,62.2,102.40
amsterdam,Amsterdam,Netherlands,NL,2024-09-14,6,true,4,70.33,34.77,12.2,0.0,18.1,105.81
amsterdam,Amsterdam,Netherlands,NL,2024-10-08,2,false,5,72.92,35.74,14.8,1.7,56.5,85.65
amsterdam,Amsterdam,Netherlands,NL,2024-10-14,1,false,7,99.73,50.92,7.8,0.1,45.0,114.97
amsterdam,Amsterdam,Netherlands,NL,2024-11-06,3,false,4,27.17,13.57,9.1,0.1,53.8,79.79
amsterdam,Amsterdam,Netherlands,NL,2024-11-11,1,false,10,194.63,93.61,10.1,2.8,54.4,83.54
amsterdam,Amsterdam,Netherlands,NL,2024-12-03,2,false,6,87.15,43.99,6.1,0.2,56.4,53.46
amsterdam,Amsterdam,Netherlands,NL,2024-12-29,7,true,5,72.16,35.29,5.9,0.1,27.2,52.77
amsterdam,Amsterdam,Netherlands,NL,2025-01-03,5,false,5,120.02,60.96,2.5,2.7,60.6,50.58
amsterdam,Amsterdam,Netherlands,NL,2025-01-25,6,true,9,162.35,82.85,5.0,2.1,41.6,42.76
amsterdam,Amsterdam,Netherlands,NL,2025-02-02,7,true,4,39.94,20.42,-0.4,0.0,26.9,87.83
amsterdam,Amsterdam,Netherlands,NL,2025-02-19,3,false,9,107.85,53.26,0.8,0.0,39.3,69.46
amsterdam,Amsterdam,Netherlands,NL,2025-03-04,2,false,5,84.83,42.75,3.2,0.0,59.6,63.19
amsterdam,Amsterdam,Netherlands,NL,2025-03-13,4,false,15,229.30,114.72,3.1,1.6,59.2,67.74
amsterdam,Amsterdam,Netherlands,NL,2025-03-19,3,false,6,149.12,75.67,7.1,0.0,41.3,68.01
amsterdam,Amsterdam,Netherlands,NL,2025-03-20,4,false,7,93.02,46.21,10.2,0.0,54.7,72.47
amsterdam,Amsterdam,Netherlands,NL,2025-03-23,7,true,10,194.85,95.38,11.9,3.3,36.1,60.34
amsterdam,Amsterdam,Netherlands,NL,2025-04-20,7,true,5,77.32,38.51,9.5,1.9,46.6,88.86
amsterdam,Amsterdam,Netherlands,NL,2025-05-02,5,false,9,142.91,72.12,17.0,0.0,59.0,94.23
amsterdam,Amsterdam,Netherlands,NL,2025-05-18,7,true,9,125.06,61.69,13.9,0.3,40.6,85.14
amsterdam,Amsterdam,Netherlands,NL,2025-05-24,6,true,4,54.97,30.15,12.3,8.7,40.0,92.60
amsterdam,Amsterdam,Netherlands,NL,2025-06-16,1,false,5,72.54,35.88,17.1,0.0,52.6,95.60
amsterdam,Amsterdam,Netherlands,NL,2025-06-21,6,true,10,109.63,55.07,22.5,0.0,49.5,70.89
amsterdam,Amsterdam,Netherlands,NL,2025-06-25,3,false,6,92.77,44.78,19.8,0.0,62.7,105.34
amsterdam,Amsterdam,Netherlands,NL,2025-07-21,1,false,9,137.67,69.15,18.7,12.3,75.2,124.44
amsterdam,Amsterdam,Netherlands,NL,2025-07-28,1,false,11,201.52,102.07,17.0,2.9,56.3,122.80
amsterdam,Amsterdam,Netherlands,NL,2025-09-09,2,false,7,112.60,56.72,13.2,8.9,72.9,117.61
amsterdam,Amsterdam,Netherlands,NL,2025-10-01,3,false,11,206.29,98.25,11.1,0.0,53.4,73.17
amsterdam,Amsterdam,Netherlands,NL,2025-10-11,6,true,8,78.03,39.06,14.3,0.0,18.5,86.11
paris,Paris,France,FR,2024-01-07,7,true,5,60.19,26.26,2.7,0.0,30.9,43.35
paris,Paris,France,FR,2024-01-17,3,false,15,230.54,100.49,0.9,27.7,71.6,111.17
paris,Paris,France,FR,2024-01-26,5,false,11,253.11,115.16,8.6,1.9,62.2,48.70
paris,Paris,France,FR,2024-02-03,6,true,5,100.87,42.14,9.5,0.0,45.3,34.09
paris,Paris,France,FR,2024-02-14,3,false,13,181.81,78.38,11.5,0.5,61.5,47.89
paris,Paris,France,FR,2024-02-25,7,true,11,197.53,88.43,6.2,9.8,27.2,46.45
paris,Paris,France,FR,2024-02-27,2,false,11,162.42,71.07,6.2,0.0,57.3,63.22
paris,Paris,France,FR,2024-02-29,4,false,9,157.51,70.82,9.2,2.9,45.9,54.01
paris,Paris,France,FR,2024-03-18,1,false,8,101.84,43.92,12.7,3.6,64.2,62.56
paris,Paris,France,FR,2024-03-26,2,false,14,265.58,117.09,9.2,7.2,67.4,63.26
paris,Paris,France,FR,2024-04-08,1,false,5,84.27,37.63,14.3,3.7,72.5,74.85
paris,Paris,France,FR,2024-04-19,5,false,11,239.24,102.60,9.2,1.3,58.1,60.50
paris,Paris,France,FR,2024-05-04,6,true,11,129.67,57.18,10.7,0.7,29.8,61.35
paris,Paris,France,FR,2024-05-10,5,false,14,233.72,102.46,16.3,0.0,62.2,56.35
paris,Paris,France,FR,2024-06-10,1,false,9,117.07,49.30,12.6,3.3,58.0,124.93
paris,Paris,France,FR,2024-07-02,2,false,12,207.43,89.32,16.1,1.2,64.3,92.15
paris,Paris,France,FR,2024-07-18,4,false,9,179.82,79.35,22.4,0.0,66.0,107.98
paris,Paris,France,FR,2024-08-17,6,true,11,180.12,79.95,19.8,31.6,44.4,99.82
paris,Paris,France,FR,2024-08-23,5,false,7,103.41,45.10,20.4,0.6,50.2,90.90
paris,Paris,France,FR,2024-09-06,5,false,9,208.47,92.36,17.1,0.0,47.0,111.48
paris,Paris,France,FR,2024-09-07,6,true,13,173.86,78.58,18.5,4.8,37.0,95.15
paris,Paris,France,FR,2024-09-17,2,false,10,239.00,99.22,16.0,0.0,75.9,89.55
paris,Paris,France,FR,2024-09-18,3,false,7,158.04,70.17,18.4,0.5,57.8,99.18
paris,Paris,France,FR,2024-09-27,5,false,15,219.47,91.83,12.8,2.2,63.3,76.79
paris,Paris,France,FR,2024-10-19,6,true,5,93.78,42.83,13.4,1.8,21.3,66.46
paris,Paris,France,FR,2024-11-20,3,false,12,349.54,154.89,3.9,0.3,42.7,49.66
paris,Paris,France,FR,2025-01-08,3,false,14,248.30,105.62,6.3,16.5,57.5,42.07
paris,Paris,France,FR,2025-01-09,4,false,9,136.85,63.46,5.6,5.9,73.3,53.32
paris,Paris,France,FR,2025-02-05,3,false,7,187.35,78.83,4.5,0.0,52.5,84.15
paris,Paris,France,FR,2025-02-20,4,false,17,281.89,124.86,9.9,2.0,55.7,69.01
paris,Paris,France,FR,2025-02-21,5,false,8,161.91,73.92,12.2,0.1,52.4,50.75
paris,Paris,France,FR,2025-03-11,2,false,13,305.66,138.41,6.9,0.2,62.2,56.63
paris,Paris,France,FR,2025-03-26,3,false,16,233.97,105.39,10.2,0.5,59.7,54.90
paris,Paris,France,FR,2025-04-14,1,false,8,144.22,62.21,14.0,0.1,37.1,78.26
paris,Paris,France,FR,2025-06-10,2,false,7,105.18,45.19,18.0,0.0,64.5,108.36
paris,Paris,France,FR,2025-06-20,5,false,4,77.76,35.45,25.6,0.0,63.2,107.76
paris,Paris,France,FR,2025-07-09,3,false,10,162.06,71.64,18.1,0.0,41.2,101.65
paris,Paris,France,FR,2025-08-14,4,false,6,53.36,23.03,25.3,0.0,50.7,87.37
paris,Paris,France,FR,2025-09-22,1,false,12,190.59,83.75,12.7,2.0,62.9,88.79
paris,Paris,France,FR,2025-09-27,6,true,6,99.09,42.54,12.1,0.7,34.3,76.88
paris,Paris,France,FR,2025-10-30,4,false,14,272.17,118.96,10.4,0.0,47.6,71.49
paris,Paris,France,FR,2025-12-08,1,false,12,172.54,77.83,14.0,1.3,53.2,49.41
paris,Paris,France,FR,2025-12-17,3,false,12,219.65,96.49,8.2,0.0,52.1,55.46
madrid,Madrid,Spain,ES,2024-01-10,3,false,8,150.62,60.06,5.2,2.4,60.4,38.82
madrid,Madrid,Spain,ES,2024-01-12,5,false,4,54.82,22.56,2.0,0.0,63.4,47.58
madrid,Madrid,Spain,ES,2024-02-05,1,false,8,92.35,37.02,7.3,0.0,52.9,51.18
madrid,Madrid,Spain,ES,2024-03-01,5,false,9,163.46,62.64,6.9,0.0,62.7,49.20
madrid,Madrid,Spain,ES,2024-03-10,7,true,7,117.86,47.52,7.8,2.6,30.5,27.87
madrid,Madrid,Spain,ES,2024-04-04,4,false,11,159.39,62.13,13.2,0.0,63.1,51.33
madrid,Madrid,Spain,ES,2024-04-22,1,false,7,111.35,43.13,12.5,0.0,38.2,65.29
madrid,Madrid,Spain,ES,2024-05-13,1,false,11,107.45,44.02,20.7,1.0,42.8,79.85
madrid,Madrid,Spain,ES,2024-05-15,3,false,8,134.86,53.72,13.9,0.0,45.0,71.00
madrid,Madrid,Spain,ES,2024-06-05,3,false,5,59.05,22.81,26.5,0.0,56.3,86.71
madrid,Madrid,Spain,ES,2024-06-07,5,false,7,82.08,33.37,26.6,2.6,58.2,68.93
madrid,Madrid,Spain,ES,2024-06-28,5,false,7,80.96,33.40,23.3,0.4,48.7,71.40
madrid,Madrid,Spain,ES,2024-07-06,6,true,11,146.63,58.10,27.3,0.1,20.3,70.78
madrid,Madrid,Spain,ES,2024-08-15,4,false,6,81.69,32.85,23.6,0.0,46.0,82.06
madrid,Madrid,Spain,ES,2024-08-26,1,false,13,274.67,114.17,27.4,0.0,55.9,92.32
madrid,Madrid,Spain,ES,2024-09-19,4,false,6,101.05,40.27,18.0,11.1,65.0,67.65
madrid,Madrid,Spain,ES,2024-09-25,3,false,9,92.77,37.22,18.3,0.1,51.0,76.92
madrid,Madrid,Spain,ES,2024-09-30,1,false,16,301.77,120.81,19.7,0.0,54.2,77.34
madrid,Madrid,Spain,ES,2025-01-23,4,false,9,95.15,36.90,10.7,4.2,62.8,37.76
madrid,Madrid,Spain,ES,2025-01-28,2,false,14,154.94,62.79,7.0,0.6,64.5,41.25
madrid,Madrid,Spain,ES,2025-01-31,5,false,11,184.04,73.39,4.2,0.0,67.4,35.90
madrid,Madrid,Spain,ES,2025-02-24,1,false,5,82.31,33.04,9.2,0.0,54.0,50.89
madrid,Madrid,Spain,ES,2025-03-29,6,true,11,169.34,68.41,10.4,0.0,27.1,47.45
madrid,Madrid,Spain,ES,2025-04-10,4,false,3,25.40,10.41,15.2,0.0,45.2,64.63
madrid,Madrid,Spain,ES,2025-05-01,4,false,6,85.99,34.04,15.9,23.3,73.4,72.90
madrid,Madrid,Spain,ES,2025-05-13,2,false,8,85.18,33.72,14.5,0.1,59.4,82.39
madrid,Madrid,Spain,ES,2025-05-16,5,false,7,118.16,47.94,16.5,0.0,56.9,69.80
madrid,Madrid,Spain,ES,2025-05-22,4,false,13,215.49,86.79,19.4,0.0,58.1,79.96
madrid,Madrid,Spain,ES,2025-07-05,6,true,5,121.25,47.20,29.1,0.0,27.8,72.57
madrid,Madrid,Spain,ES,2025-07-08,2,false,7,153.45,59.53,26.5,0.0,57.6,82.82
madrid,Madrid,Spain,ES,2025-07-24,4,false,2,16.90,6.59,23.2,0.0,48.8,79.74
madrid,Madrid,Spain,ES,2025-08-05,2,false,6,62.82,24.84,32.1,0.0,51.6,86.32
madrid,Madrid,Spain,ES,2025-08-19,2,false,9,88.35,35.31,27.1,0.0,46.6,74.30
madrid,Madrid,Spain,ES,2025-09-26,5,false,5,83.27,34.02,18.6,0.0,59.3,88.49
madrid,Madrid,Spain,ES,2025-10-08,3,false,8,163.54,65.06,21.6,0.0,53.9,74.36
madrid,Madrid,Spain,ES,2025-10-14,2,false,10,146.45,59.97,17.9,0.0,60.4,61.43
madrid,Madrid,Spain,ES,2025-10-17,5,false,9,119.09,47.41,17.8,0.1,50.8,66.51
madrid,Madrid,Spain,ES,2025-10-20,1,false,9,133.14,53.16,18.0,0.0,68.6,72.68
madrid,Madrid,Spain,ES,2025-11-01,6,true,5,104.11,40.34,14.5,0.0,41.7,50.04
madrid,Madrid,Spain,ES,2025-11-05,3,false,11,233.16,91.89,13.4,9.3,59.2,55.82
madrid,Madrid,Spain,ES,2025-11-16,7,true,9,97.11,38.09,10.6,0.5,9.9,48.36
madrid,Madrid,Spain,ES,2025-11-19,3,false,4,91.16,37.13,5.9,0.0,52.0,51.32
madrid,Madrid,Spain,ES,2025-11-20,4,false,6,158.22,63.91,5.6,0.1,50.8,58.63
madrid,Madrid,Spain,ES,2025-11-22,6,true,6,96.12,39.36,3.7,0.0,37.8,35.23
warsaw,Warsaw,Poland,PL,2024-01-11,4,false,5,102.55,36.20,-1.7,0.2,39.8,48.64
warsaw,Warsaw,Poland,PL,2024-01-18,4,false,14,204.99,74.80,-0.6,2.4,52.4,106.70
warsaw,Warsaw,Poland,PL,2024-01-29,1,false,10,156.05,57.24,1.8,0.0,62.3,48.72
warsaw,Warsaw,Poland,PL,2024-02-04,7,true,6,100.49,36.01,5.2,3.2,38.7,41.99
warsaw,Warsaw,Poland,PL,2024-02-17,6,true,10,145.25,52.56,7.5,4.4,40.6,45.91
warsaw,Warsaw,Poland,PL,2024-03-11,1,false,8,127.06,46.76,4.6,3.4,77.0,63.82
warsaw,Warsaw,Poland,PL,2024-03-31,7,true,8,137.34,50.38,17.5,0.3,37.1,48.72
warsaw,Warsaw,Poland,PL,2024-04-09,2,false,5,97.45,33.24,19.0,0.0,39.0,75.90
warsaw,Warsaw,Poland,PL,2024-04-29,1,false,9,151.45,52.87,18.5,0.0,46.2,96.31
warsaw,Warsaw,Poland,PL,2024-05-18,6,true,5,56.82,21.22,17.8,0.1,33.2,73.83
warsaw,Warsaw,Poland,PL,2024-05-19,7,true,6,86.23,30.12,18.4,4.2,44.6,78.11
warsaw,Warsaw,Poland,PL,2024-05-26,7,true,7,146.37,53.56,21.1,0.0,38.4,64.39
warsaw,Warsaw,Poland,PL,2024-06-03,1,false,12,166.35,60.04,18.9,1.8,53.4,81.59
warsaw,Warsaw,Poland,PL,2024-06-13,4,false,9,125.07,44.75,13.3,1.5,60.6,96.43
warsaw,Warsaw,Poland,PL,2024-07-07,7,true,10,120.38,43.59,21.7,2.2,24.8,95.77
warsaw,Warsaw,Poland,PL,2024-07-16,2,false,8,156.50,56.64,26.3,7.4,73.1,91.28
warsaw,Warsaw,Poland,PL,2024-08-09,5,false,13,210.70,72.24,20.5,1.2,58.0,102.12
warsaw,Warsaw,Poland,PL,2024-08-10,6,true,7,116.09,42.44,20.5,0.1,34.0,81.42
warsaw,Warsaw,Poland,PL,2024-08-24,6,true,11,185.80,66.81,22.6,0.0,35.4,67.66
warsaw,Warsaw,Poland,PL,2024-11-09,6,true,7,169.01,61.42,4.3,0.0,27.1,55.10
warsaw,Warsaw,Poland,PL,2024-11-13,3,false,13,302.87,105.03,1.6,0.5,57.2,59.20
warsaw,Warsaw,Poland,PL,2024-11-23,6,true,3,65.88,24.80,0.4,0.0,30.6,66.24
warsaw,Warsaw,Poland,PL,2024-12-14,6,true,7,76.73,22.38,-0.6,0.0,30.2,42.43
warsaw,Warsaw,Poland,PL,2024-12-20,5,false,9,147.04,53.09,5.4,0.3,61.3,49.97
warsaw,Warsaw,Poland,PL,2024-12-28,6,true,5,79.28,29.81,0.9,0.0,18.6,44.18
warsaw,Warsaw,Poland,PL,2025-01-17,5,false,7,90.78,33.37,2.0,0.0,53.1,51.00
warsaw,Warsaw,Poland,PL,2025-01-30,4,false,11,165.00,59.39,6.4,0.0,40.4,47.28
warsaw,Warsaw,Poland,PL,2025-02-28,5,false,11,161.21,56.08,4.5,2.6,57.5,68.01
warsaw,Warsaw,Poland,PL,2025-03-10,1,false,11,102.09,37.68,11.4,0.0,56.8,49.44
warsaw,Warsaw,Poland,PL,2025-03-14,5,false,16,282.78,102.95,3.3,1.9,71.9,60.21
warsaw,Warsaw,Poland,PL,2025-04-13,7,true,7,96.68,34.71,12.9,0.0,42.5,59.24
warsaw,Warsaw,Poland,PL,2025-04-21,1,false,6,65.01,23.49,18.3,0.0,45.3,111.39
warsaw,Warsaw,Poland,PL,2025-05-23,5,false,13,243.65,86.44,11.8,1.5,60.1,89.14
warsaw,Warsaw,Poland,PL,2025-05-29,4,false,8,165.48,59.51,14.4,8.4,75.9,99.74
warsaw,Warsaw,Poland,PL,2025-05-31,6,true,12,120.78,43.24,18.9,1.3,30.6,73.09
warsaw,Warsaw,Poland,PL,2025-06-17,2,false,6,99.89,35.97,18.1,0.0,64.2,116.39
warsaw,Warsaw,Poland,PL,2025-07-19,6,true,6,104.60,37.19,18.8,4.5,39.0,78.10
warsaw,Warsaw,Poland,PL,2025-08-29,5,false,9,121.36,42.68,26.5,0.0,43.1,97.89
warsaw,Warsaw,Poland,PL,2025-09-04,4,false,15,243.93,87.71,20.5,0.0,44.0,88.33
warsaw,Warsaw,Poland,PL,2025-09-06,6,true,9,106.93,38.42,18.7,9.1,35.0,95.87
warsaw,Warsaw,Poland,PL,2025-09-12,5,false,8,132.07,47.46,17.5,0.0,56.3,110.96
warsaw,Warsaw,Poland,PL,2025-10-12,7,true,9,98.47,35.59,10.7,3.2,23.9,75.55
warsaw,Warsaw,Poland,PL,2025-10-25,6,true,4,56.66,20.17,8.1,0.0,28.6,70.36
warsaw,Warsaw,Poland,PL,2025-10-29,3,false,8,102.57,35.98,9.3,0.4,59.0,71.26
warsaw,Warsaw,Poland,PL,2025-11-21,5,false,10,189.81,68.73,0.1,0.0,57.1,66.29
warsaw,Warsaw,Poland,PL,2025-11-25,2,false,11,163.65,57.44,0.5,6.0,71.7,53.54
warsaw,Warsaw,Poland,PL,2025-12-19,5,false,13,312.09,112.28,1.9,0.0,50.6,47.30
warsaw,Warsaw,Poland,PL,2025-12-28,7,true,9,167.34,59.36,1.7,0.1,41.7,47.36
stockholm,Stockholm,Sweden,SE,2024-01-14,7,true,5,66.30,23.90,-3.3,1.2,42.1,23.65
stockholm,Stockholm,Sweden,SE,2024-01-27,6,true,7,170.28,64.94,-0.2,1.3,23.3,25.80
stockholm,Stockholm,Sweden,SE,2024-02-10,6,true,6,107.04,40.59,-3.5,0.1,34.7,27.34
stockholm,Stockholm,Sweden,SE,2024-02-15,4,false,6,57.57,22.11,0.8,1.3,71.7,37.90
stockholm,Stockholm,Sweden,SE,2024-03-06,3,false,12,205.33,79.36,0.0,0.0,55.9,40.55
stockholm,Stockholm,Sweden,SE,2024-03-12,2,false,3,40.53,14.72,0.9,0.0,46.4,29.43
stockholm,Stockholm,Sweden,SE,2024-03-22,5,false,13,237.67,90.31,3.5,5.6,73.2,45.56
stockholm,Stockholm,Sweden,SE,2024-05-09,4,false,8,87.74,33.36,8.2,1.7,74.4,38.97
stockholm,Stockholm,Sweden,SE,2024-05-20,1,false,10,158.93,58.71,11.9,0.0,51.4,41.82
stockholm,Stockholm,Sweden,SE,2024-06-21,5,false,11,172.78,66.02,16.8,0.0,53.6,57.19
stockholm,Stockholm,Sweden,SE,2024-07-20,6,true,3,28.58,11.05,19.8,0.6,43.5,55.31
stockholm,Stockholm,Sweden,SE,2024-07-22,1,false,5,105.49,39.37,19.1,0.4,57.7,53.41
stockholm,Stockholm,Sweden,SE,2024-08-01,4,false,4,62.12,23.95,17.6,0.0,68.8,49.25
stockholm,Stockholm,Sweden,SE,2024-08-29,4,false,7,67.84,25.02,18.6,5.3,60.7,60.33
stockholm,Stockholm,Sweden,SE,2024-09-05,4,false,6,100.47,37.76,19.4,0.0,53.3,54.13
stockholm,Stockholm,Sweden,SE,2024-09-11,3,false,9,198.54,76.90,13.5,13.8,68.2,55.22
stockholm,Stockholm,Sweden,SE,2024-10-25,5,false,3,28.60,10.73,8.9,0.0,52.7,44.37
stockholm,Stockholm,Sweden,SE,2024-10-31,4,false,5,86.51,34.09,7.8,1.5,49.8,38.86
stockholm,Stockholm,Sweden,SE,2024-11-08,5,false,6,100.40,37.98,4.9,0.0,51.5,42.76
stockholm,Stockholm,Sweden,SE,2024-12-04,3,false,8,104.46,39.29,-5.1,0.0,49.4,27.39
stockholm,Stockholm,Sweden,SE,2024-12-18,3,false,10,234.90,88.66,1.0,5.1,67.6,25.55
stockholm,Stockholm,Sweden,SE,2024-12-19,4,false,9,90.97,34.85,4.1,1.6,56.5,27.72
stockholm,Stockholm,Sweden,SE,2025-01-02,4,false,9,209.63,80.15,-6.2,0.0,65.1,31.28
stockholm,Stockholm,Sweden,SE,2025-01-13,1,false,9,166.89,64.13,-1.3,0.0,35.0,33.33
stockholm,Stockholm,Sweden,SE,2025-02-15,6,true,9,202.31,77.26,-7.0,0.1,22.0,28.56
stockholm,Stockholm,Sweden,SE,2025-02-16,7,true,8,218.61,83.88,-8.5,0.0,25.5,26.35
stockholm,Stockholm,Sweden,SE,2025-02-22,6,true,8,103.79,38.89,2.7,0.0,36.8,26.65
stockholm,Stockholm,Sweden,SE,2025-03-30,7,true,4,57.94,21.28,5.1,0.0,36.8,34.86
stockholm,Stockholm,Sweden,SE,2025-04-04,5,false,9,118.11,45.71,6.0,0.1,58.8,39.64
stockholm,Stockholm,Sweden,SE,2025-04-23,3,false,9,127.86,48.87,7.5,1.6,68.9,38.93
stockholm,Stockholm,Sweden,SE,2025-05-12,1,false,8,152.77,57.61,10.6,0.0,41.2,53.00
stockholm,Stockholm,Sweden,SE,2025-05-30,5,false,12,149.09,57.43,13.8,0.3,61.1,62.62
stockholm,Stockholm,Sweden,SE,2025-06-04,3,false,4,92.73,34.87,15.8,0.2,49.2,45.08
stockholm,Stockholm,Sweden,SE,2025-06-09,1,false,14,209.20,80.48,13.5,9.1,59.1,58.18
stockholm,Stockholm,Sweden,SE,2025-07-01,2,false,10,176.34,66.19,19.7,0.0,67.5,66.18
stockholm,Stockholm,Sweden,SE,2025-07-10,4,false,7,104.43,38.83,18.1,0.0,43.4,52.99
stockholm,Stockholm,Sweden,SE,2025-07-11,5,false,2,28.36,10.77,16.7,0.3,50.8,58.97
stockholm,Stockholm,Sweden,SE,2025-07-30,3,false,7,206.25,76.61,19.3,8.3,75.0,53.86
stockholm,Stockholm,Sweden,SE,2025-08-02,6,true,7,108.91,41.07,18.6,3.0,31.1,46.13
stockholm,Stockholm,Sweden,SE,2025-08-03,7,true,4,76.17,27.14,19.2,2.9,35.0,37.55
stockholm,Stockholm,Sweden,SE,2025-08-15,5,false,6,61.12,24.30,20.2,7.0,70.9,55.12
stockholm,Stockholm,Sweden,SE,2025-08-22,5,false,7,71.54,25.48,10.5,27.0,70.4,55.52
stockholm,Stockholm,Sweden,SE,2025-08-27,3,false,6,97.46,37.61,12.4,0.0,57.8,58.12
stockholm,Stockholm,Sweden,SE,2025-10-27,1,false,3,61.41,22.83,6.2,7.7,59.1,45.40
stockholm,Stockholm,Sweden,SE,2025-11-02,7,true,4,68.28,26.10,8.9,5.0,41.5,33.08
stockholm,Stockholm,Sweden,SE,2025-11-28,5,false,8,110.02,40.54,5.9,2.6,63.8,31.28
stockholm,Stockholm,Sweden,SE,2025-12-26,5,false,9,171.30,63.86,1.5,0.0,60.0,30.09
oslo,Oslo,Norway,NO,2024-01-14,7,true,4,103.98,33.49,-4.8,4.5,41.5,23.16
oslo,Oslo,Norway,NO,2024-01-27,6,true,3,54.06,17.56,-1.9,0.0,20.5,23.47
oslo,Oslo,Norway,NO,2024-02-10,6,true,8,137.42,43.46,-8.7,1.0,30.1,21.85
oslo,Oslo,Norway,NO,2024-02-15,4,false,10,206.43,67.14,-0.6,10.5,66.1,31.39
oslo,Oslo,Norway,NO,2024-03-06,3,false,13,256.80,84.91,-0.9,0.0,52.9,29.74
oslo,Oslo,Norway,NO,2024-03-12,2,false,11,210.56,67.09,-0.8,0.0,51.3,34.37
oslo,Oslo,Norway,NO,2024-03-22,5,false,5,126.46,40.86,4.1,0.0,51.6,31.66
oslo,Oslo,Norway,NO,2024-05-09,4,false,10,137.75,44.64,11.0,1.2,65.0,45.03
oslo,Oslo,Norway,NO,2024-05-20,1,false,11,132.46,43.54,16.6,0.0,63.3,43.35
oslo,Oslo,Norway,NO,2024-06-21,5,false,12,226.34,74.02,15.3,0.0,75.1,54.67
oslo,Oslo,Norway,NO,2024-07-20,6,true,10,190.05,60.20,18.6,0.0,30.4,46.04
oslo,Oslo,Norway,NO,2024-07-22,1,false,13,191.79,60.33,16.9,23.8,74.1,47.13
oslo,Oslo,Norway,NO,2024-08-01,4,false,7,66.61,21.74,16.9,0.0,58.6,56.54
oslo,Oslo,Norway,NO,2024-08-29,4,false,9,161.80,52.85,16.5,16.2,64.6,58.59
oslo,Oslo,Norway,NO,2024-09-05,4,false,7,162.41,51.89,18.5,0.0,46.0,44.89
oslo,Oslo,Norway,NO,2024-09-11,3,false,11,128.11,41.09,11.3,0.7,54.0,55.05
oslo,Oslo,Norway,NO,2024-10-25,5,false,7,123.96,40.84,8.8,0.0,64.5,35.46
oslo,Oslo,Norway,NO,2024-10-31,4,false,8,172.95,53.28,9.6,0.1,60.2,34.08
oslo,Oslo,Norway,NO,2024-11-08,5,false,7,142.62,45.98,4.3,0.0,50.3,29.63
oslo,Oslo,Norway,NO,2024-12-04,3,false,10,151.24,48.96,-5.0,0.0,50.2,28.91
oslo,Oslo,Norway,NO,2024-12-18,3,false,6,193.89,61.54,4.0,14.6,68.6,31.74
oslo,Oslo,Norway,NO,2024-12-19,4,false,10,171.49,54.16,2.2,0.1,45.6,23.87
oslo,Oslo,Norway,NO,2025-01-02,4,false,10,225.78,72.61,-10.1,0.0,55.5,24.66
oslo,Oslo,Norway,NO,2025-01-13,1,false,8,153.85,51.68,-2.7,0.0,60.3,26.98
oslo,Oslo,Norway,NO,2025-02-15,6,true,5,49.46,15.98,-7.9,0.0,28.6,21.56
oslo,Oslo,Norway,NO,2025-02-16,7,true,9,192.75,60.59,-11.8,0.0,24.4,23.15
oslo,Oslo,Norway,NO,2025-02-22,6,true,7,141.03,45.83,3.0,4.8,31.2,23.76
oslo,Oslo,Norway,NO,2025-03-30,7,true,5,64.52,21.42,3.1,6.4,31.8,26.96
oslo,Oslo,Norway,NO,2025-04-04,5,false,13,251.16,79.74,5.8,0.0,59.4,38.13
oslo,Oslo,Norway,NO,2025-04-23,3,false,8,116.17,37.56,8.4,0.0,51.6,40.81
oslo,Oslo,Norway,NO,2025-05-12,1,false,7,66.94,21.88,14.2,0.0,57.8,40.94
oslo,Oslo,Norway,NO,2025-05-30,5,false,6,113.71,37.26,14.2,2.3,42.3,60.15
oslo,Oslo,Norway,NO,2025-06-04,3,false,5,105.73,34.90,12.5,3.6,40.8,42.80
oslo,Oslo,Norway,NO,2025-06-09,1,false,9,166.63,54.41,13.1,0.2,53.9,54.25
oslo,Oslo,Norway,NO,2025-07-01,2,false,6,139.50,45.68,18.1,0.2,63.3,56.74
oslo,Oslo,Norway,NO,2025-07-10,4,false,8,120.29,37.59,17.7,0.0,43.0,59.53
oslo,Oslo,Norway,NO,2025-07-11,5,false,8,143.64,45.18,21.0,0.0,33.9,51.61
oslo,Oslo,Norway,NO,2025-07-30,3,false,12,199.34,66.18,17.7,3.8,63.9,64.31
oslo,Oslo,Norway,NO,2025-08-02,6,true,9,191.36,61.41,17.3,24.8,34.6,60.32
oslo,Oslo,Norway,NO,2025-08-03,7,true,4,56.85,18.22,17.5,1.6,28.0,48.59
oslo,Oslo,Norway,NO,2025-08-15,5,false,11,177.11,55.02,18.4,0.3,57.1,42.44
oslo,Oslo,Norway,NO,2025-08-22,5,false,9,134.57,42.14,12.0,0.7,50.5,48.44
oslo,Oslo,Norway,NO,2025-08-27,3,false,18,311.94,100.05,13.3,4.6,69.8,50.49
oslo,Oslo,Norway,NO,2025-10-27,1,false,7,116.28,37.20,5.3,4.3,65.3,40.60
oslo,Oslo,Norway,NO,2025-11-02,7,true,9,150.41,46.91,6.4,0.5,38.7,32.12
oslo,Oslo,Norway,NO,2025-11-28,5,false,13,200.34,65.15,7.1,0.3,49.5,27.69
oslo,Oslo,Norway,NO,2025-12-26,5,false,13,281.25,87.31,-2.1,0.0,57.1,30.72
copenhagen,Copenhagen,Denmark,DK,2024-01-06,6,true,4,91.58,44.71,-5.9,0.0,35.5,41.03
copenhagen,Copenhagen,Denmark,DK,2024-01-13,6,true,7,101.42,48.00,1.9,1.6,46.7,38.23
copenhagen,Copenhagen,Denmark,DK,2024-01-19,5,false,5,35.98,17.25,0.3,3.9,77.5,111.53
copenhagen,Copenhagen,Denmark,DK,2024-02-18,7,true,14,216.05,105.71,3.2,19.0,21.4,34.51
copenhagen,Copenhagen,Denmark,DK,2024-02-21,3,false,4,33.19,15.69,6.5,1.3,56.8,65.13
copenhagen,Copenhagen,Denmark,DK,2024-02-22,4,false,7,109.01,50.33,5.5,1.8,66.8,61.48
copenhagen,Copenhagen,Denmark,DK,2024-02-24,6,true,11,132.78,64.49,4.2,0.8,21.1,41.52
copenhagen,Copenhagen,Denmark,DK,2024-02-28,3,false,14,201.00,99.27,3.3,0.0,38.7,45.94
copenhagen,Copenhagen,Denmark,DK,2024-03-04,1,false,4,60.32,28.82,4.3,0.0,56.8,56.06
copenhagen,Copenhagen,Denmark,DK,2024-03-19,2,false,7,85.53,41.89,3.2,0.0,53.1,64.21
copenhagen,Copenhagen,Denmark,DK,2024-03-27,3,false,13,219.46,105.12,8.0,0.0,57.1,58.39
copenhagen,Copenhagen,Denmark,DK,2024-06-17,1,false,8,127.32,59.53,15.6,0.0,46.8,100.34
copenhagen,Copenhagen,Denmark,DK,2024-07-29,1,false,5,61.72,29.97,17.4,0.0,49.1,104.75
copenhagen,Copenhagen,Denmark,DK,2024-08-04,7,true,3,55.24,24.86,18.0,9.4,42.6,68.97
copenhagen,Copenhagen,Denmark,DK,2024-09-26,4,false,13,171.97,84.38,14.5,14.8,60.0,61.47
copenhagen,Copenhagen,Denmark,DK,2024-10-03,4,false,7,56.43,26.97,10.9,0.0,55.6,88.29
copenhagen,Copenhagen,Denmark,DK,2024-10-10,4,false,3,50.00,26.03,12.4,21.4,63.9,77.06
copenhagen,Copenhagen,Denmark,DK,2024-10-18,5,false,8,142.04,69.56,12.4,0.0,56.2,70.82
copenhagen,Copenhagen,Denmark,DK,2024-10-20,7,true,8,128.81,62.97,13.9,0.3,30.2,57.63
copenhagen,Copenhagen,Denmark,DK,2024-11-21,4,false,3,39.40,18.78,1.1,0.1,49.1,51.00
copenhagen,Copenhagen,Denmark,DK,2024-12-15,7,true,10,243.84,114.39,6.0,2.8,17.9,46.35
copenhagen,Copenhagen,Denmark,DK,2024-12-16,1,false,12,163.86,79.04,9.5,3.2,59.6,48.77
copenhagen,Copenhagen,Denmark,DK,2025-02-27,4,false,7,128.12,62.98,3.3,0.6,47.8,46.11
copenhagen,Copenhagen,Denmark,DK,2025-04-07,1,false,6,75.62,35.00,7.6,0.0,53.5,74.25
copenhagen,Copenhagen,Denmark,DK,2025-04-16,3,false,15,193.46,91.41,12.1,0.0,63.6,50.21
copenhagen,Copenhagen,Denmark,DK,2025-05-19,1,false,8,142.10,68.31,15.2,0.3,47.6,75.48
copenhagen,Copenhagen,Denmark,DK,2025-06-05,4,false,8,118.90,58.28,13.8,0.4,59.4,69.74
copenhagen,Copenhagen,Denmark,DK,2025-06-28,6,true,9,128.40,61.95,19.0,2.5,37.3,80.49
copenhagen,Copenhagen,Denmark,DK,2025-06-29,7,true,11,189.88,92.85,18.2,0.0,31.8,102.11
copenhagen,Copenhagen,Denmark,DK,2025-06-30,1,false,3,32.60,15.31,17.6,0.0,45.6,81.16
copenhagen,Copenhagen,Denmark,DK,2025-07-06,7,true,6,86.25,41.58,18.7,4.0,38.1,80.00
copenhagen,Copenhagen,Denmark,DK,2025-07-23,3,false,8,108.04,51.65,19.1,0.7,58.0,87.11
copenhagen,Copenhagen,Denmark,DK,2025-08-08,5,false,8,125.08,58.78,18.8,0.4,59.4,80.16
copenhagen,Copenhagen,Denmark,DK,2025-08-16,6,true,6,78.95,37.54,18.5,0.0,36.3,87.08
copenhagen,Copenhagen,Denmark,DK,2025-09-05,5,false,7,63.39,30.76,17.3,8.6,73.8,86.62
copenhagen,Copenhagen,Denmark,DK,2025-09-18,4,false,8,117.67,57.21,17.2,0.2,61.1,95.74
copenhagen,Copenhagen,Denmark,DK,2025-12-27,6,true,4,84.49,41.98,5.1,0.0,32.6,39.86
berlin,Berlin,Germany,DE,2024-01-09,2,false,6,90.67,48.18,-7.9,0.0,53.6,52.27
berlin,Berlin,Germany,DE,2024-01-16,2,false,4,117.32,57.64,-1.1,3.1,55.6,106.22
berlin,Berlin,Germany,DE,2024-01-22,1,false,10,174.71,88.80,5.7,3.1,74.7,112.76
berlin,Berlin,Germany,DE,2024-02-08,4,false,10,149.88,77.88,1.0,3.1,61.5,53.63
berlin,Berlin,Germany,DE,2024-02-16,5,false,5,96.89,51.40,11.4,3.1,59.4,52.20
berlin,Berlin,Germany,DE,2024-04-03,3,false,8,88.42,47.54,9.6,5.3,69.5,67.96
berlin,Berlin,Germany,DE,2024-04-15,1,false,9,134.86,70.56,10.0,5.3,73.9,91.62
berlin,Berlin,Germany,DE,2024-04-18,4,false,11,120.41,62.95,6.2,0.8,58.8,83.41
berlin,Berlin,Germany,DE,2024-05-29,3,false,5,107.26,58.30,16.5,1.2,43.4,111.03
berlin,Berlin,Germany,DE,2024-05-30,4,false,8,172.81,90.97,16.8,8.7,72.1,85.83
berlin,Berlin,Germany,DE,2024-06-06,4,false,9,137.18,72.00,15.6,0.0,47.1,97.38
berlin,Berlin,Germany,DE,2024-06-20,4,false,7,90.33,45.96,17.2,0.0,55.2,107.78
berlin,Berlin,Germany,DE,2024-06-22,6,true,6,112.77,60.71,18.7,3.6,36.9,83.65
berlin,Berlin,Germany,DE,2024-06-23,7,true,4,61.67,32.22,18.1,0.0,28.0,81.36
berlin,Berlin,Germany,DE,2024-06-25,2,false,12,258.80,134.62,20.5,0.0,61.6,111.94
berlin,Berlin,Germany,DE,2024-06-27,4,false,10,151.05,75.91,24.1,13.1,68.3,113.93
berlin,Berlin,Germany,DE,2024-08-12,1,false,4,104.14,48.78,20.4,0.0,52.8,88.96
berlin,Berlin,Germany,DE,2024-08-16,5,false,9,158.09,83.45,23.6,0.0,45.1,91.64
berlin,Berlin,Germany,DE,2024-08-28,3,false,9,167.55,87.47,23.6,0.0,34.2,112.89
berlin,Berlin,Germany,DE,2024-10-01,2,false,5,93.35,47.82,10.3,12.9,57.8,105.46
berlin,Berlin,Germany,DE,2024-10-04,5,false,5,80.36,40.35,11.3,0.8,57.3,90.37
berlin,Berlin,Germany,DE,2024-10-24,4,false,5,95.63,51.24,9.0,0.0,58.1,86.41
berlin,Berlin,Germany,DE,2024-11-12,2,false,9,198.17,103.69,3.8,0.1,55.3,80.70
berlin,Berlin,Germany,DE,2024-12-11,3,false,10,136.48,68.50,2.0,0.0,51.5,52.17
berlin,Berlin,Germany,DE,2024-12-12,4,false,11,163.76,84.17,1.4,0.0,62.7,63.21
berlin,Berlin,Germany,DE,2024-12-21,6,true,5,95.13,49.74,4.7,1.7,32.3,35.88
berlin,Berlin,Germany,DE,2025-01-04,6,true,10,129.80,70.81,-1.1,0.0,31.6,59.07
berlin,Berlin,Germany,DE,2025-02-26,3,false,9,102.51,53.89,5.7,3.9,46.3,61.69
berlin,Berlin,Germany,DE,2025-03-06,4,false,12,178.10,91.14,7.7,0.0,43.7,60.65
berlin,Berlin,Germany,DE,2025-03-08,6,true,5,86.61,45.57,8.6,0.0,37.8,53.70
berlin,Berlin,Germany,DE,2025-03-24,1,false,10,96.22,49.64,10.0,0.0,59.4,63.45
berlin,Berlin,Germany,DE,2025-03-25,2,false,8,104.75,56.32,8.7,0.0,54.0,70.49
berlin,Berlin,Germany,DE,2025-04-09,3,false,7,66.05,34.44,9.4,0.1,50.7,74.37
berlin,Berlin,Germany,DE,2025-04-25,5,false,6,72.28,36.49,11.2,0.0,56.5,81.99
berlin,Berlin,Germany,DE,2025-06-01,7,true,6,87.02,42.82,20.5,2.4,42.9,91.25
berlin,Berlin,Germany,DE,2025-06-08,7,true,7,154.63,78.45,15.4,7.6,47.0,92.93
berlin,Berlin,Germany,DE,2025-06-14,6,true,2,25.35,13.60,23.3,0.0,16.9,104.76
berlin,Berlin,Germany,DE,2025-07-04,5,false,9,130.55,66.74,19.8,0.0,68.2,118.29
berlin,Berlin,Germany,DE,2025-07-18,5,false,5,58.44,30.87,19.5,0.7,48.1,120.01
berlin,Berlin,Germany,DE,2025-07-31,4,false,9,188.88,95.80,16.5,3.1,64.3,115.64
berlin,Berlin,Germany,DE,2025-08-01,5,false,10,151.07,81.14,17.1,5.5,59.6,100.04
berlin,Berlin,Germany,DE,2025-09-02,2,false,8,100.57,53.31,17.2,12.2,82.9,104.02
berlin,Berlin,Germany,DE,2025-09-28,7,true,9,175.13,93.06,12.1,0.0,40.5,83.19
berlin,Berlin,Germany,DE,2025-10-03,5,false,6,53.51,28.31,8.4,0.0,62.2,87.56
berlin,Berlin,Germany,DE,2025-11-11,2,false,6,113.82,58.11,6.6,1.3,61.9,66.53
berlin,Berlin,Germany,DE,2025-11-14,5,false,12,178.43,94.51,9.4,5.0,70.2,74.60
berlin,Berlin,Germany,DE,2025-11-23,7,true,8,199.54,103.55,-3.0,0.0,5.0,65.85
berlin,Berlin,Germany,DE,2025-11-30,7,true,5,63.42,31.58,6.0,0.9,23.4,54.96
berlin,Berlin,Germany,DE,2025-12-11,4,false,6,79.94,42.11,8.3,0.0,53.6,55.79
berlin,Berlin,Germany,DE,2025-12-30,2,false,17,338.25,175.09,-0.4,0.6,60.4,54.78
amsterdam,Amsterdam,Netherlands,NL,2024-01-04,4,false,4,35.78,17.61,6.7,7.6,79.0,62.24
amsterdam,Amsterdam,Netherlands,NL,2024-01-20,6,true,7,153.59,75.27,1.0,0.0,32.1,103.09
amsterdam,Amsterdam,Netherlands,NL,2024-01-24,3,false,7,106.59,51.53,9.5,0.6,64.7,57.33
amsterdam,Amsterdam,Netherlands,NL,2024-02-06,2,false,6,70.59,34.84,9.8,14.3,58.3,48.92
amsterdam,Amsterdam,Netherlands,NL,2024-02-13,2,false,6,111.87,55.73,6.4,2.5,53.4,64.03
amsterdam,Amsterdam,Netherlands,NL,2024-03-03,7,true,2,23.86,12.07,9.7,0.3,31.9,55.30
amsterdam,Amsterdam,Netherlands,NL,2024-03-14,4,false,4,59.92,28.27,12.3,1.7,56.3,74.54
amsterdam,Amsterdam,Netherlands,NL,2024-03-25,1,false,3,56.19,26.90,7.2,0.2,49.6,69.61
amsterdam,Amsterdam,Netherlands,NL,2024-04-05,5,false,7,95.85,49.05,13.0,7.7,64.2,92.99
amsterdam,Amsterdam,Netherlands,NL,2024-04-21,7,true,7,105.01,51.95,6.2,1.8,32.5,88.76
amsterdam,Amsterdam,Netherlands,NL,2024-04-26,5,false,9,113.41,58.53,7.0,0.3,49.1,125.25
amsterdam,Amsterdam,Netherlands,NL,2024-05-05,7,true,5,96.66,48.15,12.3,4.8,26.7,84.57
amsterdam,Amsterdam,Netherlands,NL,2024-05-24,5,false,8,96.76,48.26,15.0,3.5,63.7,131.94
amsterdam,Amsterdam,Netherlands,NL,2024-06-19,3,false,5,100.60,50.37,14.7,2.0,66.2,131.41
amsterdam,Amsterdam,Netherlands,NL,2024-07-04,4,false,6,102.91,52.64,15.3,3.5,65.9,121.61
amsterdam,Amsterdam,Netherlands,NL,2024-07-19,5,false,9,157.90,78.91,22.5,0.0,52.4,126.53
amsterdam,Amsterdam,Netherlands,NL,2024-08-03,6,true,2,28.82,14.79,19.9,1.9,31.6,80.72
amsterdam,Amsterdam,Netherlands,NL,2024-08-27,2,false,10,82.55,39.75,17.8,0.0,56.0,124.94
amsterdam,Amsterdam,Netherlands,NL,2024-09-22,7,true,5,60.57,29.85,17.7,0.6,28.6,84.13
amsterdam,Amsterdam,Netherlands,NL,2024-10-07,1,false,8,140.62,68.80,14.5,2.8,55.5,83.35
amsterdam,Amsterdam,Netherlands,NL,2024-10-16,3,false,5,114.41,58.12,15.6,0.0,59.2,81.44
amsterdam,Amsterdam,Netherlands,NL,2024-11-07,4,false,7,89.12,43.35,6.9,0.0,43.8,73.67
amsterdam,Amsterdam,Netherlands,NL,2024-12-13,5,false,10,164.83,82.81,2.1,0.0,69.6,64.40
amsterdam,Amsterdam,Netherlands,NL,2024-12-17,2,false,6,85.21,41.61,8.5,0.0,53.6,60.80
amsterdam,Amsterdam,Netherlands,NL,2024-12-24,2,false,6,89.33,44.24,6.4,1.0,54.1,59.30
amsterdam,Amsterdam,Netherlands,NL,2025-01-10,5,false,8,122.45,59.98,2.6,1.5,46.8,54.23
amsterdam,Amsterdam,Netherlands,NL,2025-01-24,5,false,10,141.79,68.99,7.6,3.4,72.2,56.42
amsterdam,Amsterdam,Netherlands,NL,2025-02-18,2,false,11,202.43,97.78,-1.1,0.0,62.4,69.31
amsterdam,Amsterdam,Netherlands,NL,2025-03-27,4,false,8,134.35,64.47,7.7,0.0,62.9,60.85
amsterdam,Amsterdam,Netherlands,NL,2025-04-05,6,true,4,52.06,24.39,9.0,0.0,35.2,77.50
amsterdam,Amsterdam,Netherlands,NL,2025-04-12,6,true,5,48.51,26.24,14.2,0.0,34.0,64.67
amsterdam,Amsterdam,Netherlands,NL,2025-04-29,2,false,4,67.57,33.96,14.3,0.0,55.1,90.41
amsterdam,Amsterdam,Netherlands,NL,2025-05-09,5,false,6,120.83,64.03,13.1,0.0,67.9,97.08
amsterdam,Amsterdam,Netherlands,NL,2025-05-20,2,false,11,164.86,84.28,14.5,0.0,56.1,101.78
amsterdam,Amsterdam,Netherlands,NL,2025-05-25,7,true,5,96.00,50.35,15.0,6.2,31.6,108.00
amsterdam,Amsterdam,Netherlands,NL,2025-06-18,3,false,6,91.19,45.53,18.5,0.0,59.6,119.23
amsterdam,Amsterdam,Netherlands,NL,2025-06-22,7,true,5,101.24,49.96,21.1,0.6,26.5,97.55
amsterdam,Amsterdam,Netherlands,NL,2025-06-26,4,false,6,100.92,50.11,19.4,4.6,67.2,125.17
amsterdam,Amsterdam,Netherlands,NL,2025-06-27,5,false,4,56.22,26.82,18.1,2.9,76.7,106.64
amsterdam,Amsterdam,Netherlands,NL,2025-07-13,7,true,6,56.91,28.23,19.7,0.8,38.2,121.09
amsterdam,Amsterdam,Netherlands,NL,2025-07-22,2,false,8,131.69,68.35,18.0,11.4,64.5,102.67
amsterdam,Amsterdam,Netherlands,NL,2025-08-04,1,false,9,118.48,61.12,19.0,6.3,64.8,107.06
amsterdam,Amsterdam,Netherlands,NL,2025-08-11,1,false,8,102.37,49.60,19.8,0.0,39.9,96.88
amsterdam,Amsterdam,Netherlands,NL,2025-08-13,3,false,6,81.16,41.09,23.2,0.0,41.9,106.63
amsterdam,Amsterdam,Netherlands,NL,2025-08-23,6,true,8,121.68,61.85,15.0,0.4,24.4,83.80
amsterdam,Amsterdam,Netherlands,NL,2025-09-13,6,true,7,95.82,47.47,13.8,1.9,38.1,80.80
amsterdam,Amsterdam,Netherlands,NL,2025-09-19,5,false,10,135.56,68.72,19.3,0.0,49.8,104.32
amsterdam,Amsterdam,Netherlands,NL,2025-10-02,4,false,4,44.21,22.90,11.5,0.0,59.6,94.68
amsterdam,Amsterdam,Netherlands,NL,2025-10-24,5,false,10,188.48,92.59,9.6,12.0,66.6,68.03
amsterdam,Amsterdam,Netherlands,NL,2025-12-03,3,false,8,110.45,54.59,6.4,0.0,48.9,68.17
amsterdam,Amsterdam,Netherlands,NL,2025-12-06,6,true,4,90.15,45.12,7.8,6.4,22.7,65.95
amsterdam,Amsterdam,Netherlands,NL,2025-12-14,7,true,1,2.96,1.52,6.4,0.0,20.6,54.83
amsterdam,Amsterdam,Netherlands,NL,2025-12-22,1,false,9,134.94,66.60,5.6,0.0,38.5,61.25
paris,Paris,France,FR,2024-01-06,6,true,10,227.88,101.74,4.8,1.6,27.7,41.27
paris,Paris,France,FR,2024-01-13,6,true,13,264.55,117.98,-1.0,0.0,25.9,44.56
paris,Paris,France,FR,2024-01-19,5,false,20,382.48,169.90,-2.2,0.0,43.4,92.39
paris,Paris,France,FR,2024-02-18,7,true,7,98.72,43.52,9.2,7.9,39.3,44.31
paris,Paris,France,FR,2024-02-21,3,false,13,117.03,53.04,8.8,11.3,67.2,48.61
paris,Paris,France,FR,2024-02-22,4,false,12,244.61,106.73,10.8,15.3,57.1,53.89
paris,Paris,France,FR,2024-02-24,6,true,12,303.10,135.66,5.0,4.0,29.8,41.01
paris,Paris,France,FR,2024-02-28,3,false,12,154.74,68.47,6.3,0.0,54.2,64.02
paris,Paris,France,FR,2024-03-04,1,false,13,235.09,104.75,5.5,1.2,57.0,61.60
paris,Paris,France,FR,2024-03-19,2,false,12,205.82,90.43,11.6,0.0,53.1,58.68
paris,Paris,France,FR,2024-03-27,3,false,8,135.95,59.35,8.2,1.2,41.2,55.05
paris,Paris,France,FR,2024-06-17,1,false,11,165.95,72.92,17.5,2.2,61.2,111.79
paris,Paris,France,FR,2024-07-29,1,false,5,80.78,35.83,22.2,0.0,52.1,99.88
paris,Paris,France,FR,2024-08-04,7,true,7,113.99,50.63,19.8,0.0,16.5,79.58
paris,Paris,France,FR,2024-09-26,4,false,14,237.15,102.42,15.7,8.0,78.9,77.72
paris,Paris,France,FR,2024-10-03,4,false,9,163.53,72.71,11.3,0.2,41.6,82.70
paris,Paris,France,FR,2024-10-10,4,false,11,153.48,66.75,12.5,1.9,59.7,63.62
paris,Paris,France,FR,2024-10-18,5,false,14,257.03,109.95,14.3,8.5,72.1,74.19
paris,Paris,France,FR,2024-10-20,7,true,8,110.91,48.21,15.2,0.9,27.6,48.14
paris,Paris,France,FR,2024-11-21,4,false,14,220.41,98.78,0.5,9.5,67.4,66.65
paris,Paris,France,FR,2024-12-15,7,true,1,43.48,19.93,6.5,0.0,31.8,48.66
paris,Paris,France,FR,2024-12-16,1,false,3,64.42,29.14,9.3,0.0,64.7,53.73
paris,Paris,France,FR,2025-02-27,4,false,7,84.11,37.75,5.8,0.4,54.8,63.94
paris,Paris,France,FR,2025-04-07,1,false,12,107.45,47.11,10.6,0.0,56.1,70.20
paris,Paris,France,FR,2025-04-16,3,false,12,117.78,51.21,11.3,0.0,63.2,82.84
paris,Paris,France,FR,2025-05-19,1,false,10,148.52,65.29,16.0,0.0,53.4,77.15
paris,Paris,France,FR,2025-06-05,4,false,15,179.74,78.17,15.7,13.7,77.0,117.71
paris,Paris,France,FR,2025-06-28,6,true,6,120.86,52.18,24.0,0.0,30.3,86.82
paris,Paris,France,FR,2025-06-29,7,true,15,320.42,145.01,24.5,0.0,38.4,92.06
paris,Paris,France,FR,2025-06-30,1,false,7,89.64,39.33,28.0,0.0,49.6,106.75
paris,Paris,France,FR,2025-07-06,7,true,12,169.21,74.20,16.9,26.8,34.1,89.49
paris,Paris,France,FR,2025-07-23,3,false,17,191.73,86.92,18.0,17.6,76.1,111.23
paris,Paris,France,FR,2025-08-08,5,false,14,229.82,104.29,21.6,0.0,64.2,105.94
paris,Paris,France,FR,2025-08-16,6,true,14,157.89,68.96,22.9,0.0,32.5,93.70
paris,Paris,France,FR,2025-09-05,5,false,13,158.83,70.61,16.7,0.9,61.5,76.30
paris,Paris,France,FR,2025-09-18,4,false,11,163.10,69.18,18.2,0.0,48.5,98.68
paris,Paris,France,FR,2025-12-27,6,true,10,155.03,68.45,0.1,0.0,27.7,47.64
madrid,Madrid,Spain,ES,2024-01-08,1,false,18,282.17,112.35,2.2,0.1,68.3,45.84
madrid,Madrid,Spain,ES,2024-01-21,7,true,4,30.05,12.48,5.6,0.0,37.0,73.74
madrid,Madrid,Spain,ES,2024-01-28,7,true,7,170.91,65.09,9.2,0.0,41.3,31.18
madrid,Madrid,Spain,ES,2024-02-11,7,true,10,150.30,62.25,4.7,1.3,34.6,38.87
madrid,Madrid,Spain,ES,2024-03-15,5,false,7,120.39,48.12,11.3,0.3,61.6,46.33
madrid,Madrid,Spain,ES,2024-03-28,4,false,6,84.05,32.40,11.0,6.4,64.5,66.95
madrid,Madrid,Spain,ES,2024-04-02,2,false,7,145.57,58.24,8.9,0.3,57.3,54.97
madrid,Madrid,Spain,ES,2024-04-07,7,true,4,17.78,7.09,16.5,2.1,34.7,38.76
madrid,Madrid,Spain,ES,2024-04-12,5,false,17,287.83,111.59,16.7,0.0,61.3,57.04
madrid,Madrid,Spain,ES,2024-04-25,4,false,14,192.73,77.39,13.3,0.2,74.1,63.49
madrid,Madrid,Spain,ES,2024-05-01,3,false,8,137.77,55.69,9.9,2.9,53.4,70.31
madrid,Madrid,Spain,ES,2024-05-06,1,false,12,135.08,54.47,15.4,0.7,54.2,73.84
madrid,Madrid,Spain,ES,2024-05-08,3,false,10,162.65,62.53,17.0,0.0,46.2,61.81
madrid,Madrid,Spain,ES,2024-05-11,6,true,3,37.87,14.88,21.3,0.0,35.4,65.18
madrid,Madrid,Spain,ES,2024-06-14,5,false,8,136.14,57.32,22.3,0.0,42.0,102.48
madrid,Madrid,Spain,ES,2024-06-26,3,false,8,103.16,42.68,24.8,3.3,54.2,85.74
madrid,Madrid,Spain,ES,2024-07-08,1,false,8,115.34,45.17,25.8,0.0,52.1,95.30
madrid,Madrid,Spain,ES,2024-07-24,3,false,11,223.89,88.87,32.7,0.0,60.6,74.65
madrid,Madrid,Spain,ES,2024-08-07,3,false,9,100.66,39.93,31.0,0.0,61.3,84.30
madrid,Madrid,Spain,ES,2024-09-02,1,false,10,136.04,52.85,24.4,0.0,64.5,86.38
madrid,Madrid,Spain,ES,2024-09-16,1,false,9,120.92,48.73,21.8,0.0,67.6,71.20
madrid,Madrid,Spain,ES,2024-10-15,2,false,10,121.51,49.44,16.7,19.2,77.5,58.75
madrid,Madrid,Spain,ES,2024-10-22,2,false,5,58.73,23.57,16.1,0.4,60.6,59.76
madrid,Madrid,Spain,ES,2024-10-26,6,true,7,132.86,53.96,9.0,1.5,42.3,47.29
madrid,Madrid,Spain,ES,2024-11-19,2,false,12,193.64,77.94,11.0,0.0,73.2,48.24
madrid,Madrid,Spain,ES,2025-01-01,3,false,12,201.43,80.70,2.9,0.0,47.0,49.56
madrid,Madrid,Spain,ES,2025-02-07,5,false,8,115.56,44.56,4.5,3.3,64.3,90.29
madrid,Madrid,Spain,ES,2025-02-13,4,false,18,253.00,104.06,8.3,0.0,50.7,69.54
madrid,Madrid,Spain,ES,2025-03-17,1,false,5,84.03,32.84,5.9,8.7,72.2,68.33
madrid,Madrid,Spain,ES,2025-03-28,5,false,6,116.43,46.12,10.6,0.0,57.8,54.07
madrid,Madrid,Spain,ES,2025-03-31,1,false,3,36.51,13.56,13.5,0.0,67.3,52.43
madrid,Madrid,Spain,ES,2025-04-01,2,false,11,252.06,98.17,13.8,0.0,57.5,39.49
madrid,Madrid,Spain,ES,2025-04-03,4,false,7,125.64,49.39,9.9,33.5,88.1,62.49
madrid,Madrid,Spain,ES,2025-04-06,7,true,5,66.35,26.05,13.0,0.0,38.9,51.92
madrid,Madrid,Spain,ES,2025-04-11,5,false,10,167.80,65.48,12.8,3.3,66.3,73.26
madrid,Madrid,Spain,ES,2025-05-07,3,false,5,76.31,31.69,12.8,0.2,62.6,82.11
madrid,Madrid,Spain,ES,2025-06-07,6,true,6,60.11,24.80,25.3,0.0,29.0,76.92
madrid,Madrid,Spain,ES,2025-07-03,4,false,8,116.22,46.34,29.7,0.7,59.0,75.00
madrid,Madrid,Spain,ES,2025-08-06,3,false,12,172.95,69.49,31.2,0.0,51.6,105.25
madrid,Madrid,Spain,ES,2025-08-20,3,false,4,39.65,16.30,24.5,0.0,42.7,91.33
madrid,Madrid,Spain,ES,2025-08-21,4,false,9,163.62,66.38,24.2,0.0,69.0,91.89
madrid,Madrid,Spain,ES,2025-09-03,3,false,5,74.50,29.62,23.7,0.0,42.9,74.49
madrid,Madrid,Spain,ES,2025-10-06,1,false,6,81.11,32.75,18.3,0.0,56.8,75.61
madrid,Madrid,Spain,ES,2025-10-07,2,false,8,145.08,56.37,21.3,0.0,64.3,62.72
madrid,Madrid,Spain,ES,2025-10-15,3,false,7,106.70,43.93,18.9,0.0,62.2,75.03
madrid,Madrid,Spain,ES,2025-11-15,6,true,3,28.80,11.25,10.9,11.6,41.0,51.99
madrid,Madrid,Spain,ES,2025-11-18,2,false,10,131.44,51.66,8.5,0.0,58.7,53.67
madrid,Madrid,Spain,ES,2025-12-05,5,false,6,97.98,39.81,8.1,0.0,56.7,38.12
madrid,Madrid,Spain,ES,2025-12-13,6,true,10,110.39,44.53,9.0,0.0,36.0,45.70
madrid,Madrid,Spain,ES,2025-12-18,4,false,15,257.87,94.35,8.3,0.0,41.9,53.95
warsaw,Warsaw,Poland,PL,2024-02-02,5,false,13,236.72,85.80,3.6,2.0,64.5,51.91
warsaw,Warsaw,Poland,PL,2024-02-09,5,false,9,157.20,55.83,0.7,6.7,76.6,52.77
warsaw,Warsaw,Poland,PL,2024-03-05,2,false,11,250.49,89.25,4.4,2.3,54.3,48.53
warsaw,Warsaw,Poland,PL,2024-03-16,6,true,5,58.01,20.12,9.9,1.2,34.2,60.44
warsaw,Warsaw,Poland,PL,2024-03-21,4,false,10,188.08,65.94,6.2,1.7,65.2,63.92
warsaw,Warsaw,Poland,PL,2024-04-16,2,false,9,148.68,54.20,8.0,0.5,54.4,87.13
warsaw,Warsaw,Poland,PL,2024-04-17,3,false,12,146.66,53.83,5.5,1.5,54.1,84.26
warsaw,Warsaw,Poland,PL,2024-05-25,6,true,8,158.07,55.81,20.5,0.7,37.8,81.93
warsaw,Warsaw,Poland,PL,2024-05-28,2,false,7,134.45,47.50,22.0,0.0,54.1,99.54
warsaw,Warsaw,Poland,PL,2024-07-03,3,false,8,96.08,35.73,17.5,0.4,60.7,118.76
warsaw,Warsaw,Poland,PL,2024-07-11,4,false,7,109.27,39.09,26.5,0.2,63.6,108.43
warsaw,Warsaw,Poland,PL,2024-07-13,6,true,10,178.85,62.46,24.0,1.9,42.9,82.51
warsaw,Warsaw,Poland,PL,2024-08-31,6,true,8,132.72,49.06,20.7,0.1,34.6,99.08
warsaw,Warsaw,Poland,PL,2024-09-01,7,true,8,98.15,35.06,18.0,0.0,23.5,85.68
warsaw,Warsaw,Poland,PL,2024-09-10,2,false,5,107.57,38.38,16.6,7.9,59.7,81.74
warsaw,Warsaw,Poland,PL,2024-09-15,7,true,4,22.49,8.02,18.4,11.8,29.2,85.42
warsaw,Warsaw,Poland,PL,2024-10-05,6,true,7,147.27,50.66,10.0,1.5,30.7,70.22
warsaw,Warsaw,Poland,PL,2024-10-12,6,true,6,119.46,42.40,7.9,0.0,39.6,67.33
warsaw,Warsaw,Poland,PL,2024-10-13,7,true,9,114.16,41.75,8.5,13.0,44.5,64.88
warsaw,Warsaw,Poland,PL,2024-10-17,4,false,16,268.32,97.32,7.7,0.0,56.2,67.34
warsaw,Warsaw,Poland,PL,2024-11-04,1,false,8,104.63,37.78,6.2,0.0,56.6,75.76
warsaw,Warsaw,Poland,PL,2024-11-28,4,false,10,232.65,84.51,5.1,6.4,68.4,66.64
warsaw,Warsaw,Poland,PL,2024-12-05,4,false,10,225.20,78.12,2.3,0.1,70.3,61.15
warsaw,Warsaw,Poland,PL,2024-12-23,1,false,5,46.88,16.75,3.1,0.1,48.6,61.36
warsaw,Warsaw,Poland,PL,2025-01-16,4,false,11,207.31,78.32,1.3,0.0,50.2,50.20
warsaw,Warsaw,Poland,PL,2025-01-18,6,true,9,193.43,70.26,1.7,0.0,25.5,50.13
warsaw,Warsaw,Poland,PL,2025-01-29,3,false,10,146.19,53.61,8.2,0.5,59.2,45.90
warsaw,Warsaw,Poland,PL,2025-02-25,2,false,11,176.23,58.56,3.6,0.0,53.2,60.72
warsaw,Warsaw,Poland,PL,2025-03-15,6,true,8,138.96,50.52,2.3,0.0,34.4,45.39
warsaw,Warsaw,Poland,PL,2025-04-02,3,false,11,165.64,60.00,11.0,0.0,56.7,68.99
warsaw,Warsaw,Poland,PL,2025-04-22,2,false,8,166.00,61.57,16.7,0.0,65.0,90.87
warsaw,Warsaw,Poland,PL,2025-04-24,4,false,8,77.29,27.72,16.9,2.7,65.1,73.02
warsaw,Warsaw,Poland,PL,2025-05-21,3,false,6,122.52,45.53,16.9,0.0,55.1,94.72
warsaw,Warsaw,Poland,PL,2025-06-11,3,false,11,96.68,35.11,15.6,3.5,52.3,99.83
warsaw,Warsaw,Poland,PL,2025-06-19,4,false,13,193.59,70.99,17.1,0.1,65.5,124.41
warsaw,Warsaw,Poland,PL,2025-07-15,2,false,7,77.19,28.30,20.9,0.3,43.1,110.33
warsaw,Warsaw,Poland,PL,2025-07-29,2,false,13,251.12,90.68,18.1,1.9,58.9,96.29
warsaw,Warsaw,Poland,PL,2025-08-24,7,true,7,117.50,42.95,13.8,0.5,24.5,87.75
warsaw,Warsaw,Poland,PL,2025-09-21,7,true,5,80.38,28.91,22.1,0.0,16.0,86.78
warsaw,Warsaw,Poland,PL,2025-09-30,2,false,11,211.09,74.41,9.3,1.7,49.3,74.27
warsaw,Warsaw,Poland,PL,2025-10-10,5,false,8,130.18,48.94,11.3,2.7,69.1,78.28
warsaw,Warsaw,Poland,PL,2025-10-13,1,false,7,108.07,38.05,7.9,0.2,53.1,67.95
warsaw,Warsaw,Poland,PL,2025-10-26,7,true,7,171.35,62.69,8.2,5.6,16.6,55.29
warsaw,Warsaw,Poland,PL,2025-11-09,7,true,5,113.02,39.84,6.8,0.6,53.7,65.83
warsaw,Warsaw,Poland,PL,2025-11-26,3,false,8,185.12,65.40,0.9,12.2,60.3,63.80
stockholm,Stockholm,Sweden,SE,2024-03-08,5,false,12,232.98,86.05,-0.2,0.0,50.5,34.83
stockholm,Stockholm,Sweden,SE,2024-03-13,3,false,5,54.51,21.03,1.8,0.0,62.9,39.18
stockholm,Stockholm,Sweden,SE,2024-03-23,6,true,2,34.10,13.88,3.3,0.3,44.8,28.84
stockholm,Stockholm,Sweden,SE,2024-03-29,5,false,6,126.92,47.09,6.7,1.2,47.3,35.57
stockholm,Stockholm,Sweden,SE,2024-05-12,7,true,5,65.24,23.56,13.3,0.0,26.1,49.16
stockholm,Stockholm,Sweden,SE,2024-05-14,2,false,3,51.90,21.02,15.1,0.0,68.7,37.67
stockholm,Stockholm,Sweden,SE,2024-06-16,7,true,7,147.13,55.65,15.6,0.1,36.2,46.06
stockholm,Stockholm,Sweden,SE,2024-07-09,2,false,3,31.84,12.49,16.3,1.3,37.2,58.09
stockholm,Stockholm,Sweden,SE,2024-07-21,7,true,8,114.98,44.67,18.8,0.8,34.2,51.71
stockholm,Stockholm,Sweden,SE,2024-07-23,2,false,7,145.26,54.69,19.5,5.4,76.0,62.27
stockholm,Stockholm,Sweden,SE,2024-09-23,1,false,6,81.84,31.66,13.2,0.3,59.4,60.87
stockholm,Stockholm,Sweden,SE,2024-10-02,3,false,6,96.58,36.51,8.6,0.0,55.9,49.16
stockholm,Stockholm,Sweden,SE,2024-10-09,3,false,10,187.07,68.77,11.3,29.3,53.3,43.71
stockholm,Stockholm,Sweden,SE,2024-10-29,2,false,3,37.91,14.72,6.4,0.0,43.4,46.76
stockholm,Stockholm,Sweden,SE,2024-11-02,6,true,8,222.38,84.68,3.3,0.0,28.4,33.54
stockholm,Stockholm,Sweden,SE,2024-11-30,6,true,4,76.61,29.15,4.5,2.2,42.9,21.90
stockholm,Stockholm,Sweden,SE,2024-12-26,4,false,11,182.48,67.55,6.6,0.0,61.3,34.46
stockholm,Stockholm,Sweden,SE,2025-01-12,7,true,6,112.39,42.08,-4.9,0.0,25.2,28.71
stockholm,Stockholm,Sweden,SE,2025-01-27,1,false,7,149.58,57.40,0.0,2.9,57.3,33.80
stockholm,Stockholm,Sweden,SE,2025-03-01,6,true,7,115.32,41.91,0.0,0.0,28.5,28.32
stockholm,Stockholm,Sweden,SE,2025-03-05,3,false,4,65.62,25.07,7.6,0.4,75.7,36.71
stockholm,Stockholm,Sweden,SE,2025-03-07,5,false,11,175.03,65.31,7.9,0.0,54.2,33.91
stockholm,Stockholm,Sweden,SE,2025-03-16,7,true,4,44.22,16.82,1.0,0.4,21.4,25.80
stockholm,Stockholm,Sweden,SE,2025-04-08,2,false,11,203.45,80.11,4.8,0.0,46.3,52.54
stockholm,Stockholm,Sweden,SE,2025-04-17,4,false,8,199.90,75.85,10.4,0.0,46.9,44.91
stockholm,Stockholm,Sweden,SE,2025-04-26,6,true,9,144.21,55.40,5.1,0.0,24.0,39.47
stockholm,Stockholm,Sweden,SE,2025-04-28,1,false,11,166.49,63.88,11.9,0.2,46.4,33.82
stockholm,Stockholm,Sweden,SE,2025-05-04,7,true,10,191.89,72.26,5.7,0.1,39.4,31.49
stockholm,Stockholm,Sweden,SE,2025-05-05,1,false,7,136.87,51.44,7.0,0.0,50.3,55.51
stockholm,Stockholm,Sweden,SE,2025-06-03,2,false,4,60.18,23.56,15.1,0.0,53.8,55.87
stockholm,Stockholm,Sweden,SE,2025-08-12,2,false,2,48.05,19.10,17.3,0.2,47.5,60.71
stockholm,Stockholm,Sweden,SE,2025-08-18,1,false,11,134.16,52.96,17.3,0.0,34.5,65.31
stockholm,Stockholm,Sweden,SE,2025-08-31,7,true,10,124.03,47.62,14.8,0.6,45.4,43.63
stockholm,Stockholm,Sweden,SE,2025-09-15,1,false,8,133.08,50.25,14.9,9.5,68.8,51.17
stockholm,Stockholm,Sweden,SE,2025-09-20,6,true,5,89.60,36.30,17.6,1.2,32.0,42.91
stockholm,Stockholm,Sweden,SE,2025-10-18,6,true,7,122.29,46.36,3.0,0.0,30.0,36.17
stockholm,Stockholm,Sweden,SE,2025-11-04,2,false,5,58.40,22.44,10.3,0.7,63.0,48.13
stockholm,Stockholm,Sweden,SE,2025-11-06,4,false,8,123.83,47.67,10.8,1.5,59.4,35.79
stockholm,Stockholm,Sweden,SE,2025-11-10,1,false,8,120.79,47.85,5.4,0.0,50.3,38.59
stockholm,Stockholm,Sweden,SE,2025-11-12,3,false,8,109.16,41.04,7.8,3.8,82.6,29.09
stockholm,Stockholm,Sweden,SE,2025-11-13,4,false,8,134.74,50.53,6.9,3.4,51.3,35.96
stockholm,Stockholm,Sweden,SE,2025-11-17,1,false,7,145.50,54.17,-2.2,0.0,52.3,37.04
stockholm,Stockholm,Sweden,SE,2025-12-02,2,false,10,186.35,69.28,5.1,0.1,56.8,34.18
stockholm,Stockholm,Sweden,SE,2025-12-20,6,true,7,109.64,40.57,6.0,0.0,45.1,30.87
oslo,Oslo,Norway,NO,2024-03-08,5,false,6,159.57,49.72,-0.9,0.0,53.6,22.31
oslo,Oslo,Norway,NO,2024-03-13,3,false,10,124.95,41.35,1.7,1.9,50.5,34.58
oslo,Oslo,Norway,NO,2024-03-23,6,true,4,52.65,16.64,3.0,0.1,31.5,31.94
oslo,Oslo,Norway,NO,2024-03-29,5,false,17,212.29,69.09,5.2,2.4,75.7,34.58
oslo,Oslo,Norway,NO,2024-05-12,7,true,5,102.55,32.87,13.1,0.0,40.2,42.13
oslo,Oslo,Norway,NO,2024-05-14,2,false,7,127.67,41.12,15.0,0.0,54.6,42.46
oslo,Oslo,Norway,NO,2024-06-16,7,true,5,95.12,26.48,13.7,16.9,38.0,44.43
oslo,Oslo,Norway,NO,2024-07-09,2,false,9,166.15,55.16,14.8,0.0,56.1,59.76
oslo,Oslo,Norway,NO,2024-07-21,7,true,8,170.86,55.08,19.9,0.5,37.2,41.18
oslo,Oslo,Norway,NO,2024-07-23,2,false,13,239.78,74.97,17.1,4.4,68.4,49.02
oslo,Oslo,Norway,NO,2024-09-23,1,false,8,114.17,35.99,12.3,0.2,62.9,45.16
oslo,Oslo,Norway,NO,2024-10-02,3,false,8,92.84,29.99,6.8,0.0,69.7,42.94
oslo,Oslo,Norway,NO,2024-10-09,3,false,9,161.12,46.14,11.2,4.0,69.7,41.93
oslo,Oslo,Norway,NO,2024-10-29,2,false,11,228.84,72.38,4.5,0.0,58.4,41.58
oslo,Oslo,Norway,NO,2024-11-02,6,true,8,130.76,42.34,3.0,0.0,34.0,31.67
oslo,Oslo,Norway,NO,2024-11-30,6,true,3,74.81,23.10,5.3,0.7,29.3,30.95
oslo,Oslo,Norway,NO,2024-12-26,4,false,14,256.37,81.60,1.7,0.0,61.6,22.69
oslo,Oslo,Norway,NO,2025-01-12,7,true,8,107.91,34.96,-13.0,0.0,20.4,25.40
oslo,Oslo,Norway,NO,2025-01-27,1,false,9,146.73,48.42,0.1,5.3,60.5,21.07
oslo,Oslo,Norway,NO,2025-03-01,6,true,1,12.32,3.92,-1.0,0.0,19.0,28.51
oslo,Oslo,Norway,NO,2025-03-05,3,false,10,164.14,52.11,7.8,0.0,49.0,39.62
oslo,Oslo,Norway,NO,2025-03-07,5,false,7,120.00,38.45,4.7,0.1,44.5,32.16
oslo,Oslo,Norway,NO,2025-03-16,7,true,7,99.73,26.06,2.1,0.3,23.4,29.20
oslo,Oslo,Norway,NO,2025-04-08,2,false,6,116.26,38.38,7.1,0.1,59.2,32.04
oslo,Oslo,Norway,NO,2025-04-17,4,false,7,90.29,29.30,11.5,2.6,44.7,39.35
oslo,Oslo,Norway,NO,2025-04-26,6,true,4,77.13,23.32,7.1,0.0,29.4,31.41
oslo,Oslo,Norway,NO,2025-04-28,1,false,10,149.07,50.17,11.7,0.2,57.2,42.09
oslo,Oslo,Norway,NO,2025-05-04,7,true,7,97.78,31.36,6.8,0.0,36.4,34.39
oslo,Oslo,Norway,NO,2025-05-05,1,false,15,255.37,81.99,8.2,0.0,42.6,52.05
oslo,Oslo,Norway,NO,2025-06-03,2,false,11,200.87,65.67,12.5,2.4,62.5,55.01
oslo,Oslo,Norway,NO,2025-08-12,2,false,7,114.39,36.90,16.2,1.5,60.2,48.18
oslo,Oslo,Norway,NO,2025-08-18,1,false,8,158.99,50.80,18.3,0.0,51.2,53.83
oslo,Oslo,Norway,NO,2025-08-31,7,true,11,186.07,58.24,15.7,1.7,38.0,38.56
oslo,Oslo,Norway,NO,2025-09-15,1,false,9,196.72,62.18,12.0,13.5,74.5,50.31
oslo,Oslo,Norway,NO,2025-09-20,6,true,3,37.00,11.58,14.5,3.4,44.6,42.87
oslo,Oslo,Norway,NO,2025-10-18,6,true,5,79.76,25.70,1.6,0.0,41.2,35.03
oslo,Oslo,Norway,NO,2025-11-04,2,false,12,190.91,60.09,11.0,1.5,73.5,40.22
oslo,Oslo,Norway,NO,2025-11-06,4,false,11,203.97,64.26,10.4,3.8,62.2,32.58
oslo,Oslo,Norway,NO,2025-11-10,1,false,5,123.09,33.92,4.9,0.0,44.3,35.33
oslo,Oslo,Norway,NO,2025-11-12,3,false,9,152.83,48.44,9.3,7.5,72.4,22.61
oslo,Oslo,Norway,NO,2025-11-13,4,false,10,201.42,65.09,4.8,0.0,64.8,29.86
oslo,Oslo,Norway,NO,2025-11-17,1,false,11,159.28,51.66,-0.2,0.1,40.2,37.09
oslo,Oslo,Norway,NO,2025-12-02,2,false,5,96.65,32.13,5.4,9.5,64.4,28.89
oslo,Oslo,Norway,NO,2025-12-20,6,true,9,206.54,67.27,2.8,0.0,29.3,20.53
copenhagen,Copenhagen,Denmark,DK,2024-01-10,3,false,10,176.54,83.68,-0.4,0.0,52.6,44.58
copenhagen,Copenhagen,Denmark,DK,2024-01-12,5,false,12,250.57,118.40,-1.7,0.0,51.7,55.21
copenhagen,Copenhagen,Denmark,DK,2024-02-05,1,false,11,183.43,91.18,3.9,9.2,60.1,48.12
copenhagen,Copenhagen,Denmark,DK,2024-03-01,5,false,11,182.05,86.51,4.9,0.1,57.8,42.64
copenhagen,Copenhagen,Denmark,DK,2024-03-10,7,true,6,100.43,46.77,2.8,1.2,35.9,47.26
copenhagen,Copenhagen,Denmark,DK,2024-04-04,4,false,9,142.50,65.85,4.9,7.1,66.1,67.59
copenhagen,Copenhagen,Denmark,DK,2024-04-22,1,false,6,134.80,62.92,1.9,0.2,45.5,67.77
copenhagen,Copenhagen,Denmark,DK,2024-05-13,1,false,5,45.67,21.33,12.5,0.0,53.5,79.56
copenhagen,Copenhagen,Denmark,DK,2024-05-15,3,false,5,53.77,26.22,15.4,0.0,51.5,91.49
copenhagen,Copenhagen,Denmark,DK,2024-06-05,3,false,10,200.72,96.72,14.8,1.5,64.2,104.19
copenhagen,Copenhagen,Denmark,DK,2024-06-07,5,false,12,158.18,74.67,12.7,0.8,74.1,93.28
copenhagen,Copenhagen,Denmark,DK,2024-06-28,5,false,10,181.83,86.62,19.0,3.3,59.6,96.27
copenhagen,Copenhagen,Denmark,DK,2024-07-06,6,true,4,35.32,17.14,17.0,16.0,44.6,85.94
copenhagen,Copenhagen,Denmark,DK,2024-08-15,4,false,12,195.85,93.09,20.8,0.9,66.4,96.04
copenhagen,Copenhagen,Denmark,DK,2024-08-26,1,false,8,144.53,69.49,17.8,0.0,62.2,92.30
copenhagen,Copenhagen,Denmark,DK,2024-09-19,4,false,9,123.43,59.15,15.6,0.0,53.9,82.29
copenhagen,Copenhagen,Denmark,DK,2024-09-25,3,false,8,114.42,54.14,14.3,1.2,74.7,76.69
copenhagen,Copenhagen,Denmark,DK,2024-09-30,1,false,8,148.89,72.02,12.0,0.3,60.8,79.30
copenhagen,Copenhagen,Denmark,DK,2025-01-23,4,false,9,143.38,70.47,3.3,8.4,78.5,47.54
copenhagen,Copenhagen,Denmark,DK,2025-01-28,2,false,8,123.28,59.52,4.9,3.8,70.4,57.16
copenhagen,Copenhagen,Denmark,DK,2025-01-31,5,false,10,181.26,87.18,2.6,0.0,64.7,49.48
copenhagen,Copenhagen,Denmark,DK,2025-02-24,1,false,8,103.19,51.74,5.0,2.0,66.3,45.19
copenhagen,Copenhagen,Denmark,DK,2025-03-29,6,true,8,73.77,35.22,7.3,0.0,28.3,57.69
copenhagen,Copenhagen,Denmark,DK,2025-04-10,4,false,8,107.94,51.23,8.1,0.0,53.4,76.96
copenhagen,Copenhagen,Denmark,DK,2025-05-01,4,false,11,115.65,54.82,12.4,0.0,56.9,86.47
copenhagen,Copenhagen,Denmark,DK,2025-05-13,2,false,4,85.07,39.69,14.5,0.0,59.5,81.62
copenhagen,Copenhagen,Denmark,DK,2025-05-16,5,false,7,161.48,76.01,14.0,0.2,50.5,110.64
copenhagen,Copenhagen,Denmark,DK,2025-05-22,4,false,6,94.79,45.42,9.2,1.0,44.1,91.80
copenhagen,Copenhagen,Denmark,DK,2025-07-05,6,true,6,65.63,30.85,16.9,4.5,33.8,82.06
copenhagen,Copenhagen,Denmark,DK,2025-07-08,2,false,8,103.85,50.40,16.2,1.3,69.0,86.33
copenhagen,Copenhagen,Denmark,DK,2025-07-24,4,false,9,100.00,48.67,19.9,4.2,66.8,101.55
copenhagen,Copenhagen,Denmark,DK,2025-08-05,2,false,8,108.04,51.52,17.0,5.2,60.8,119.70
copenhagen,Copenhagen,Denmark,DK,2025-08-19,2,false,6,118.09,56.14,18.5,0.0,53.5,65.84
copenhagen,Copenhagen,Denmark,DK,2025-09-26,5,false,10,258.04,124.82,13.3,0.0,48.8,86.62
copenhagen,Copenhagen,Denmark,DK,2025-10-08,3,false,14,166.37,79.27,12.9,0.6,65.7,66.49
copenhagen,Copenhagen,Denmark,DK,2025-10-14,2,false,10,140.19,66.10,11.5,2.4,48.8,77.97
copenhagen,Copenhagen,Denmark,DK,2025-10-17,5,false,5,68.60,33.58,8.9,0.9,46.1,65.78
copenhagen,Copenhagen,Denmark,DK,2025-10-20,1,false,8,137.49,64.53,10.4,0.0,61.7,82.27
copenhagen,Copenhagen,Denmark,DK,2025-11-01,6,true,6,128.13,59.79,10.7,5.9,39.7,61.65
copenhagen,Copenhagen,Denmark,DK,2025-11-05,3,false,6,109.34,50.88,11.5,0.5,58.7,69.23
copenhagen,Copenhagen,Denmark,DK,2025-11-16,7,true,4,115.02,55.11,3.9,0.0,45.6,48.66
copenhagen,Copenhagen,Denmark,DK,2025-11-19,3,false,14,253.21,120.42,2.6,10.4,80.4,53.68
copenhagen,Copenhagen,Denmark,DK,2025-11-20,4,false,14,177.43,84.57,1.4,12.6,62.5,56.72
copenhagen,Copenhagen,Denmark,DK,2025-11-22,6,true,9,143.50,67.41,3.1,0.0,32.9,49.80
berlin,Berlin,Germany,DE,2024-01-15,1,false,11,223.93,118.09,0.5,0.9,56.8,123.41
berlin,Berlin,Germany,DE,2024-03-09,6,true,4,42.42,22.75,4.5,0.8,37.0,70.48
berlin,Berlin,Germany,DE,2024-03-17,7,true,7,130.58,67.37,4.6,0.0,31.9,62.29
berlin,Berlin,Germany,DE,2024-03-20,3,false,11,176.98,94.30,8.4,0.0,46.0,54.08
berlin,Berlin,Germany,DE,2024-03-30,6,true,4,50.31,26.20,14.2,0.3,38.1,66.70
berlin,Berlin,Germany,DE,2024-04-28,7,true,6,67.95,35.34,15.9,0.0,37.8,71.01
berlin,Berlin,Germany,DE,2024-05-17,5,false,7,116.26,63.54,19.3,0.0,51.4,89.73
berlin,Berlin,Germany,DE,2024-05-27,1,false,8,132.34,68.74,18.5,9.4,53.0,92.74
berlin,Berlin,Germany,DE,2024-07-27,6,true,5,44.48,23.02,20.3,12.5,46.2,118.27
berlin,Berlin,Germany,DE,2024-07-28,7,true,5,54.24,28.10,18.7,11.1,32.6,77.75
berlin,Berlin,Germany,DE,2024-09-08,7,true,6,84.60,42.37,25.9,0.0,7.4,84.26
berlin,Berlin,Germany,DE,2024-09-12,4,false,8,117.78,60.71,11.9,0.2,56.8,107.32
berlin,Berlin,Germany,DE,2024-09-14,6,true,5,83.27,43.32,13.7,0.6,42.3,92.22
berlin,Berlin,Germany,DE,2024-10-08,2,false,5,72.25,36.69,15.4,8.6,67.0,70.42
berlin,Berlin,Germany,DE,2024-10-14,1,false,8,129.39,67.27,9.1,0.6,66.1,88.27
berlin,Berlin,Germany,DE,2024-11-06,3,false,9,157.46,82.57,4.1,0.0,48.1,66.64
berlin,Berlin,Germany,DE,2024-11-11,1,false,4,58.57,30.58,4.4,0.4,59.6,69.92
berlin,Berlin,Germany,DE,2024-12-03,2,false,7,168.38,87.52,5.3,1.3,67.3,71.26
berlin,Berlin,Germany,DE,2024-12-29,7,true,9,273.83,145.07,-0.6,0.0,19.3,50.91
berlin,Berlin,Germany,DE,2025-01-03,5,false,8,108.57,56.19,0.7,3.1,66.3,49.07
berlin,Berlin,Germany,DE,2025-01-25,6,true,5,121.86,64.38,9.0,0.9,28.0,47.40
berlin,Berlin,Germany,DE,2025-02-02,7,true,3,61.13,32.83,1.6,0.0,29.4,105.40
berlin,Berlin,Germany,DE,2025-02-19,3,false,10,133.91,68.08,-6.2,0.0,39.1,60.76
berlin,Berlin,Germany,DE,2025-03-04,2,false,7,100.52,51.13,4.8,0.0,50.8,66.80
berlin,Berlin,Germany,DE,2025-03-13,4,false,8,144.31,77.32,4.2,0.1,52.2,80.25
berlin,Berlin,Germany,DE,2025-03-19,3,false,6,115.55,61.13,3.7,0.0,50.8,70.07
berlin,Berlin,Germany,DE,2025-03-20,4,false,9,138.77,71.29,6.7,0.0,50.9,81.95
berlin,Berlin,Germany,DE,2025-03-23,7,true,7,96.25,52.24,9.6,0.0,15.2,73.59
berlin,Berlin,Germany,DE,2025-04-20,7,true,9,152.77,80.13,12.7,0.0,47.1,79.76
berlin,Berlin,Germany,DE,2025-05-02,5,false,7,80.50,41.65,20.4,0.6,46.4,81.69
berlin,Berlin,Germany,DE,2025-05-18,7,true,6,93.47,47.89,10.6,2.4,31.5,80.94
berlin,Berlin,Germany,DE,2025-05-24,6,true,11,158.38,81.48,12.2,0.1,43.3,87.92
berlin,Berlin,Germany,DE,2025-06-16,1,false,10,138.17,72.69,18.8,0.2,63.9,129.80
berlin,Berlin,Germany,DE,2025-06-21,6,true,11,145.79,75.84,22.3,0.0,29.6,85.22
berlin,Berlin,Germany,DE,2025-06-25,3,false,8,119.58,64.15,20.2,4.5,64.7,138.17
berlin,Berlin,Germany,DE,2025-07-21,1,false,9,187.11,96.78,19.5,44.9,65.2,120.88
berlin,Berlin,Germany,DE,2025-07-28,1,false,9,100.42,53.36,18.3,4.4,67.9,114.16
berlin,Berlin,Germany,DE,2025-09-09,2,false,7,69.45,37.04,18.6,0.0,45.8,93.67
berlin,Berlin,Germany,DE,2025-10-01,3,false,4,58.02,30.35,8.7,0.1,50.0,99.40
berlin,Berlin,Germany,DE,2025-10-11,6,true,3,31.54,16.70,14.0,0.4,26.2,78.73
amsterdam,Amsterdam,Netherlands,NL,2024-01-30,2,false,9,154.59,77.65,7.9,0.8,50.1,61.63
amsterdam,Amsterdam,Netherlands,NL,2024-02-20,2,false,14,309.01,158.04,8.4,0.8,49.7,55.22
amsterdam,Amsterdam,Netherlands,NL,2024-03-02,6,true,7,79.34,38.97,8.4,3.5,45.9,57.57
amsterdam,Amsterdam,Netherlands,NL,2024-03-07,4,false,12,247.71,127.77,5.4,0.0,56.7,68.65
amsterdam,Amsterdam,Netherlands,NL,2024-04-13,6,true,8,104.33,52.88,15.1,0.0,24.5,55.86
amsterdam,Amsterdam,Netherlands,NL,2024-04-27,6,true,6,89.49,45.42,10.3,5.9,41.3,83.63
amsterdam,Amsterdam,Netherlands,NL,2024-05-21,2,false,8,134.27,68.61,17.4,11.9,77.1,105.26
amsterdam,Amsterdam,Netherlands,NL,2024-06-01,6,true,7,65.52,32.53,15.3,1.1,28.6,94.78
amsterdam,Amsterdam,Netherlands,NL,2024-06-15,6,true,4,33.18,16.51,13.6,10.8,26.5,82.12
amsterdam,Amsterdam,Netherlands,NL,2024-06-30,7,true,7,68.99,34.59,16.6,1.0,24.7,97.19
amsterdam,Amsterdam,Netherlands,NL,2024-08-14,3,false,10,123.21,61.54,20.1,4.0,68.2,121.45
amsterdam,Amsterdam,Netherlands,NL,2024-08-21,3,false,15,231.68,116.21,16.4,0.1,54.7,117.74
amsterdam,Amsterdam,Netherlands,NL,2024-08-30,5,false,7,105.37,52.22,16.9,0.0,49.2,100.09
amsterdam,Amsterdam,Netherlands,NL,2024-09-20,5,false,8,101.44,50.32,17.5,0.0,58.7,110.31
amsterdam,Amsterdam,Netherlands,NL,2024-09-29,7,true,5,58.59,30.16,10.2,0.0,21.0,88.23
amsterdam,Amsterdam,Netherlands,NL,2024-10-21,1,false,5,87.21,42.52,13.9,7.0,72.4,70.65
amsterdam,Amsterdam,Netherlands,NL,2024-11-16,6,true,2,31.93,16.17,10.3,3.5,25.1,70.07
amsterdam,Amsterdam,Netherlands,NL,2024-11-22,5,false,8,151.26,73.73,2.4,12.0,68.4,67.82
amsterdam,Amsterdam,Netherlands,NL,2024-11-26,2,false,2,8.20,3.71,7.4,1.2,50.7,69.53
amsterdam,Amsterdam,Netherlands,NL,2024-11-27,3,false,6,79.11,39.72,7.2,15.8,61.1,56.36
amsterdam,Amsterdam,Netherlands,NL,2024-12-02,1,false,13,197.09,97.41,9.1,3.2,49.2,63.19
amsterdam,Amsterdam,Netherlands,NL,2024-12-31,2,false,8,173.85,88.57,6.2,0.0,52.0,44.64
amsterdam,Amsterdam,Netherlands,NL,2025-01-07,2,false,7,107.47,53.87,3.8,5.0,70.3,53.12
amsterdam,Amsterdam,Netherlands,NL,2025-01-19,7,true,6,73.31,36.39,-1.0,0.0,24.1,37.36
amsterdam,Amsterdam,Netherlands,NL,2025-01-20,1,false,12,126.53,62.92,0.1,0.0,50.0,48.22
amsterdam,Amsterdam,Netherlands,NL,2025-01-21,2,false,6,97.46,50.55,0.7,0.0,55.0,66.19
amsterdam,Amsterdam,Netherlands,NL,2025-02-03,1,false,3,23.42,11.25,0.7,0.0,59.7,113.48
amsterdam,Amsterdam,Netherlands,NL,2025-02-08,6,true,4,57.37,28.47,3.8,0.0,31.2,89.86
amsterdam,Amsterdam,Netherlands,NL,2025-02-10,1,false,11,266.09,132.47,2.0,3.2,74.0,98.24
amsterdam,Amsterdam,Netherlands,NL,2025-02-11,2,false,12,252.91,125.28,2.3,14.1,68.8,97.59
amsterdam,Amsterdam,Netherlands,NL,2025-02-12,3,false,7,123.85,62.44,3.3,5.1,58.7,119.35
amsterdam,Amsterdam,Netherlands,NL,2025-04-27,7,true,4,28.75,14.94,13.6,0.0,21.4,75.03
amsterdam,Amsterdam,Netherlands,NL,2025-05-10,6,true,4,67.63,33.28,14.7,0.0,43.2,88.25
amsterdam,Amsterdam,Netherlands,NL,2025-05-15,4,false,5,54.89,28.32,13.3,0.0,51.3,101.37
amsterdam,Amsterdam,Netherlands,NL,2025-05-17,6,true,8,127.85,62.83,12.9,0.0,27.6,90.81
amsterdam,Amsterdam,Netherlands,NL,2025-06-06,5,false,7,142.51,66.87,14.9,4.7,57.0,98.63
amsterdam,Amsterdam,Netherlands,NL,2025-06-15,7,true,3,37.33,20.51,16.9,0.0,13.9,95.22
amsterdam,Amsterdam,Netherlands,NL,2025-07-02,3,false,13,216.49,108.94,21.8,1.6,63.7,101.58
amsterdam,Amsterdam,Netherlands,NL,2025-07-17,4,false,10,181.74,91.32,17.6,0.0,55.4,104.17
amsterdam,Amsterdam,Netherlands,NL,2025-08-25,1,false,7,102.44,53.38,16.7,0.0,71.2,130.18
amsterdam,Amsterdam,Netherlands,NL,2025-09-16,2,false,4,49.12,25.43,14.4,9.1,67.8,107.52
amsterdam,Amsterdam,Netherlands,NL,2025-10-16,4,false,5,57.54,27.82,12.3,0.2,50.2,93.42
amsterdam,Amsterdam,Netherlands,NL,2025-10-23,4,false,1,19.65,10.52,11.7,23.7,68.7,73.80
amsterdam,Amsterdam,Netherlands,NL,2025-11-08,6,true,3,63.62,32.44,9.6,0.0,28.7,59.86
amsterdam,Amsterdam,Netherlands,NL,2025-12-16,2,false,11,182.19,89.02,7.8,1.9,62.1,49.93
amsterdam,Amsterdam,Netherlands,NL,2025-12-23,2,false,16,240.47,121.96,4.3,0.0,47.8,50.87
amsterdam,Amsterdam,Netherlands,NL,2025-12-24,3,false,5,76.03,38.22,1.2,0.0,67.1,56.14
amsterdam,Amsterdam,Netherlands,NL,2025-12-29,1,false,6,100.43,50.14,3.8,0.0,58.8,73.99
paris,Paris,France,FR,2024-01-10,3,false,14,207.00,88.43,-2.1,0.0,54.0,49.33
paris,Paris,France,FR,2024-01-12,5,false,11,148.19,64.81,1.7,0.0,67.2,50.60
paris,Paris,France,FR,2024-02-05,1,false,10,195.98,85.37,8.1,0.0,47.5,46.79
paris,Paris,France,FR,2024-03-01,5,false,17,334.72,146.82,7.2,4.0,62.9,55.10
paris,Paris,France,FR,2024-03-10,7,true,12,231.01,102.99,7.6,2.1,38.5,60.68
paris,Paris,France,FR,2024-04-04,4,false,11,134.01,59.90,14.2,13.3,78.5,81.97
paris,Paris,France,FR,2024-04-22,1,false,13,263.49,116.57,6.5,0.8,55.7,60.13
paris,Paris,France,FR,2024-05-13,1,false,7,108.90,47.79,17.2,0.0,53.0,86.51
paris,Paris,France,FR,2024-05-15,3,false,16,305.99,132.05,15.0,2.1,60.7,87.04
paris,Paris,France,FR,2024-06-05,3,false,14,216.68,95.61,15.5,0.5,73.5,89.82
paris,Paris,France,FR,2024-06-07,5,false,12,257.73,112.55,14.5,0.0,41.9,91.04
paris,Paris,France,FR,2024-06-28,5,false,8,113.44,50.09,17.8,0.0,49.0,107.72
paris,Paris,France,FR,2024-07-06,6,true,7,72.77,31.57,17.2,0.1,21.4,80.18
paris,Paris,France,FR,2024-08-15,4,false,14,228.48,100.93,21.5,0.7,50.0,87.71
paris,Paris,France,FR,2024-08-26,1,false,12,185.88,80.98,17.8,0.0,44.3,88.78
paris,Paris,France,FR,2024-09-19,4,false,7,100.58,44.44,19.3,0.0,58.6,87.11
paris,Paris,France,FR,2024-09-25,3,false,14,232.85,103.83,14.7,18.4,77.0,73.31
paris,Paris,France,FR,2024-09-30,1,false,16,251.41,110.75,14.9,0.3,48.6,80.15
paris,Paris,France,FR,2025-01-23,4,false,10,164.68,72.25,6.5,1.2,69.3,39.59
paris,Paris,France,FR,2025-01-28,2,false,10,204.46,89.69,8.0,7.2,66.0,55.50
paris,Paris,France,FR,2025-01-31,5,false,10,236.34,104.36,2.4,4.5,64.1,46.25
paris,Paris,France,FR,2025-02-24,1,false,6,67.77,29.61,10.2,3.3,60.6,70.03
paris,Paris,France,FR,2025-03-29,6,true,10,129.40,57.91,8.8,0.4,37.6,56.16
paris,Paris,France,FR,2025-04-10,4,false,8,130.39,55.54,10.8,0.0,41.2,64.45
paris,Paris,France,FR,2025-05-01,4,false,14,202.96,88.94,22.6,0.0,50.1,83.23
paris,Paris,France,FR,2025-05-13,2,false,10,116.46,50.90,15.6,7.4,63.4,77.72
paris,Paris,France,FR,2025-05-16,5,false,14,253.10,110.21,14.1,0.0,56.3,74.56
paris,Paris,France,FR,2025-05-22,4,false,10,140.65,60.69,13.4,0.2,59.8,85.03
paris,Paris,France,FR,2025-07-05,6,true,10,130.20,57.21,21.3,0.0,22.6,78.16
paris,Paris,France,FR,2025-07-08,2,false,13,255.93,113.15,16.4,1.7,73.4,92.85
paris,Paris,France,FR,2025-07-24,4,false,9,112.49,48.73,17.6,16.0,70.7,99.66
paris,Paris,France,FR,2025-08-05,2,false,10,114.70,51.25,19.2,4.2,64.5,91.44
paris,Paris,France,FR,2025-08-19,2,false,7,146.52,61.64,22.6,0.6,50.3,97.50
paris,Paris,France,FR,2025-09-26,5,false,8,105.54,44.93,11.3,0.6,67.4,83.21
paris,Paris,France,FR,2025-10-08,3,false,4,91.09,40.55,12.7,0.0,38.0,61.19
paris,Paris,France,FR,2025-10-14,2,false,7,130.65,57.74,13.8,0.0,49.5,62.65
paris,Paris,France,FR,2025-10-17,5,false,9,98.05,44.56,12.3,0.0,54.1,64.90
paris,Paris,France,FR,2025-10-20,1,false,11,227.62,104.62,14.8,2.3,53.3,77.96
paris,Paris,France,FR,2025-11-01,6,true,13,303.82,135.65,13.7,6.0,33.4,48.32
paris,Paris,France,FR,2025-11-05,3,false,9,202.42,89.39,13.5,0.0,63.1,65.76
paris,Paris,France,FR,2025-11-16,7,true,16,339.33,148.23,9.8,0.3,27.7,54.46
paris,Paris,France,FR,2025-11-19,3,false,7,140.02,62.01,5.5,3.0,59.6,63.35
paris,Paris,France,FR,2025-11-20,4,false,15,311.05,139.81,2.4,0.2,65.8,40.28
paris,Paris,France,FR,2025-11-22,6,true,11,239.21,108.51,-0.4,1.5,31.3,48.57
madrid,Madrid,Spain,ES,2024-01-07,7,true,5,85.58,35.39,3.5,0.0,18.5,34.80
madrid,Madrid,Spain,ES,2024-01-17,3,false,9,122.93,49.68,11.1,16.0,68.9,103.80
madrid,Madrid,Spain,ES,2024-01-26,5,false,9,127.94,51.93,10.3,0.0,56.3,39.78
madrid,Madrid,Spain,ES,2024-02-03,6,true,10,179.53,70.45,7.9,0.0,36.9,29.73
madrid,Madrid,Spain,ES,2024-02-14,3,false,5,99.07,38.96,12.0,0.0,62.6,50.77
madrid,Madrid,Spain,ES,2024-02-25,7,true,6,106.28,41.88,9.8,0.7,36.9,45.74
madrid,Madrid,Spain,ES,2024-02-27,2,false,8,127.83,50.55,6.2,0.0,39.3,47.44
madrid,Madrid,Spain,ES,2024-02-29,4,false,6,77.30,31.10,7.0,0.0,58.5,41.94
madrid,Madrid,Spain,ES,2024-03-18,1,false,7,92.05,37.88,14.5,0.0,63.0,61.72
madrid,Madrid,Spain,ES,2024-03-26,2,false,8,142.14,57.19,6.7,3.9,73.7,54.44
madrid,Madrid,Spain,ES,2024-04-08,1,false,9,147.84,57.85,12.6,0.2,59.7,59.31
madrid,Madrid,Spain,ES,2024-04-19,5,false,10,80.88,31.85,14.5,0.0,54.0,58.27
madrid,Madrid,Spain,ES,2024-05-04,6,true,4,49.87,19.20,15.9,0.0,32.3,59.62
madrid,Madrid,Spain,ES,2024-05-10,5,false,3,54.56,22.65,21.5,0.0,43.0,57.48
madrid,Madrid,Spain,ES,2024-06-10,1,false,3,50.85,20.21,16.8,24.0,67.1,72.46
madrid,Madrid,Spain,ES,2024-07-02,2,false,9,202.44,83.96,22.7,0.0,50.6,82.13
madrid,Madrid,Spain,ES,2024-07-18,4,false,6,62.30,24.73,29.3,0.0,46.5,77.26
madrid,Madrid,Spain,ES,2024-08-17,6,true,8,60.77,24.70,28.5,0.0,32.7,60.60
madrid,Madrid,Spain,ES,2024-08-23,5,false,8,99.26,39.46,29.1,0.0,52.9,86.82
madrid,Madrid,Spain,ES,2024-09-06,5,false,9,190.20,73.96,20.3,0.0,32.0,86.57
madrid,Madrid,Spain,ES,2024-09-07,6,true,6,78.74,31.47,19.4,0.0,35.6,73.99
madrid,Madrid,Spain,ES,2024-09-17,2,false,5,105.45,42.22,20.5,0.0,58.5,88.21
madrid,Madrid,Spain,ES,2024-09-18,3,false,2,43.94,17.51,20.7,0.2,46.1,65.72
madrid,Madrid,Spain,ES,2024-09-27,5,false,10,119.28,48.39,16.2,0.0,49.6,72.45
madrid,Madrid,Spain,ES,2024-10-19,6,true,6,78.17,28.78,15.3,0.1,27.4,55.96
madrid,Madrid,Spain,ES,2024-11-20,3,false,10,122.23,49.81,11.5,0.0,53.1,46.49
madrid,Madrid,Spain,ES,2025-01-08,3,false,8,105.49,43.25,8.9,0.5,70.5,34.85
madrid,Madrid,Spain,ES,2025-01-09,4,false,12,215.38,87.11,10.1,0.0,42.8,42.84
madrid,Madrid,Spain,ES,2025-02-05,3,false,10,143.86,60.24,5.9,0.0,64.4,71.66
madrid,Madrid,Spain,ES,2025-02-20,4,false,8,118.59,46.52,10.3,0.0,49.1,47.25
madrid,Madrid,Spain,ES,2025-02-21,5,false,12,207.50,80.41,11.0,2.6,73.6,45.61
madrid,Madrid,Spain,ES,2025-03-11,2,false,13,152.50,61.29,8.3,8.4,77.7,51.78
madrid,Madrid,Spain,ES,2025-03-26,3,false,9,127.81,49.99,9.3,0.1,72.1,74.39
madrid,Madrid,Spain,ES,2025-04-14,1,false,10,185.83,74.61,11.9,2.3,55.5,66.91
madrid,Madrid,Spain,ES,2025-06-10,2,false,6,100.38,37.88,28.2,0.0,50.8,82.23
madrid,Madrid,Spain,ES,2025-06-20,5,false,7,139.70,55.57,30.0,0.0,42.2,69.70
madrid,Madrid,Spain,ES,2025-07-09,3,false,12,132.04,52.40,29.9,0.0,61.6,97.85
madrid,Madrid,Spain,ES,2025-08-14,4,false,6,95.83,37.13,30.7,0.0,62.8,87.92
madrid,Madrid,Spain,ES,2025-09-22,1,false,7,90.14,36.71,15.8,0.0,55.5,56.04
madrid,Madrid,Spain,ES,2025-09-27,6,true,7,55.38,22.15,19.9,0.0,39.3,54.94
madrid,Madrid,Spain,ES,2025-10-30,4,false,3,14.69,6.03,13.5,0.9,65.7,60.43
madrid,Madrid,Spain,ES,2025-12-08,1,false,7,126.83,48.57,8.0,0.0,60.6,35.24
madrid,Madrid,Spain,ES,2025-12-17,3,false,4,64.19,24.50,9.6,0.0,53.3,52.25
warsaw,Warsaw,Poland,PL,2024-02-12,1,false,10,186.94,69.47,7.8,3.9,54.6,53.69
warsaw,Warsaw,Poland,PL,2024-02-19,1,false,11,196.01,70.40,2.3,3.7,57.7,46.32
warsaw,Warsaw,Poland,PL,2024-02-23,5,false,9,111.61,41.16,8.0,7.6,67.8,52.64
warsaw,Warsaw,Poland,PL,2024-04-06,6,true,8,117.75,40.31,13.4,5.0,44.9,55.84
warsaw,Warsaw,Poland,PL,2024-04-10,3,false,4,62.31,22.53,14.3,0.0,50.4,64.75
warsaw,Warsaw,Poland,PL,2024-04-11,4,false,9,155.08,55.58,11.7,0.0,71.6,77.62
warsaw,Warsaw,Poland,PL,2024-05-07,2,false,7,102.27,36.40,12.0,0.1,58.5,101.20
warsaw,Warsaw,Poland,PL,2024-05-16,4,false,14,157.65,55.85,15.9,0.0,44.0,100.40
warsaw,Warsaw,Poland,PL,2024-05-22,3,false,6,100.90,36.07,21.6,0.4,59.1,98.14
warsaw,Warsaw,Poland,PL,2024-07-14,7,true,6,72.63,25.38,20.4,14.7,42.3,90.85
warsaw,Warsaw,Poland,PL,2024-07-15,1,false,15,225.28,81.17,24.1,0.5,59.0,100.12
warsaw,Warsaw,Poland,PL,2024-08-06,2,false,10,134.57,48.72,18.9,1.7,60.5,97.33
warsaw,Warsaw,Poland,PL,2024-10-06,7,true,7,115.60,40.10,9.5,5.8,28.6,78.40
warsaw,Warsaw,Poland,PL,2024-10-11,5,false,11,161.08,59.51,11.6,1.1,59.4,80.15
warsaw,Warsaw,Poland,PL,2024-11-10,7,true,3,87.72,31.19,2.5,0.0,46.8,61.03
warsaw,Warsaw,Poland,PL,2024-11-18,1,false,14,235.42,76.33,3.9,0.8,63.7,52.79
warsaw,Warsaw,Poland,PL,2024-11-29,5,false,11,200.50,72.92,4.7,0.5,46.2,57.94
warsaw,Warsaw,Poland,PL,2025-01-11,6,true,14,176.42,66.01,-0.2,7.7,17.3,51.36
warsaw,Warsaw,Poland,PL,2025-02-04,2,false,11,150.64,53.90,1.5,0.2,46.6,102.35
warsaw,Warsaw,Poland,PL,2025-04-18,5,false,8,113.45,41.36,20.5,0.1,43.9,86.57
warsaw,Warsaw,Poland,PL,2025-05-06,2,false,8,126.92,45.29,9.5,0.0,56.3,96.51
warsaw,Warsaw,Poland,PL,2025-05-28,3,false,8,100.14,36.03,18.8,0.0,56.3,106.40
warsaw,Warsaw,Poland,PL,2025-06-24,2,false,14,203.89,73.05,17.4,0.1,72.1,91.08
warsaw,Warsaw,Poland,PL,2025-07-07,1,false,14,227.90,83.02,20.5,8.0,87.4,94.34
warsaw,Warsaw,Poland,PL,2025-08-28,4,false,10,189.36,69.82,23.2,0.0,59.5,108.95
warsaw,Warsaw,Poland,PL,2025-09-08,1,false,11,135.83,49.15,18.8,0.6,59.3,80.37
warsaw,Warsaw,Poland,PL,2025-09-29,1,false,11,180.92,64.04,8.7,0.9,59.9,86.16
warsaw,Warsaw,Poland,PL,2025-10-09,4,false,14,236.68,85.81,10.9,0.2,54.5,90.60
warsaw,Warsaw,Poland,PL,2025-11-24,1,false,10,207.09,71.35,-1.0,1.8,62.5,59.98
warsaw,Warsaw,Poland,PL,2025-11-27,4,false,7,136.73,49.76,0.0,0.2,55.1,65.73
warsaw,Warsaw,Poland,PL,2025-12-25,4,false,12,201.49,74.22,-8.5,0.0,58.6,57.44
stockholm,Stockholm,Sweden,SE,2024-01-09,2,false,12,302.64,115.25,-1.3,0.0,64.1,30.83
stockholm,Stockholm,Sweden,SE,2024-01-16,2,false,8,161.95,62.91,-15.0,0.0,51.0,61.98
stockholm,Stockholm,Sweden,SE,2024-01-22,1,false,9,103.01,39.63,3.1,6.9,64.2,55.70
stockholm,Stockholm,Sweden,SE,2024-02-08,4,false,11,163.86,61.68,-5.7,0.0,58.0,26.13
stockholm,Stockholm,Sweden,SE,2024-02-16,5,false,5,67.65,26.49,3.2,18.2,76.5,35.32
stockholm,Stockholm,Sweden,SE,2024-04-03,3,false,6,97.60,36.95,-2.1,0.0,75.5,44.00
stockholm,Stockholm,Sweden,SE,2024-04-15,1,false,6,103.06,38.27,4.6,2.5,51.0,43.75
stockholm,Stockholm,Sweden,SE,2024-04-18,4,false,6,80.48,28.82,1.8,1.1,56.1,48.30
stockholm,Stockholm,Sweden,SE,2024-05-29,3,false,5,102.21,39.48,17.5,0.5,49.2,58.39
stockholm,Stockholm,Sweden,SE,2024-05-30,4,false,8,84.62,32.13,17.1,0.0,60.8,46.35
stockholm,Stockholm,Sweden,SE,2024-06-06,4,false,5,63.04,24.32,14.6,0.4,59.5,57.28
stockholm,Stockholm,Sweden,SE,2024-06-20,4,false,8,138.99,53.40,17.2,0.0,43.9,59.45
stockholm,Stockholm,Sweden,SE,2024-06-22,6,true,4,45.12,18.13,15.1,0.3,37.4,48.56
stockholm,Stockholm,Sweden,SE,2024-06-23,7,true,8,170.93,63.98,16.4,0.2,27.1,47.55
stockholm,Stockholm,Sweden,SE,2024-06-25,2,false,8,148.22,55.87,20.1,0.0,46.0,62.52
stockholm,Stockholm,Sweden,SE,2024-06-27,4,false,7,98.79,37.28,21.8,0.0,69.1,66.06
stockholm,Stockholm,Sweden,SE,2024-08-12,1,false,7,116.77,45.41,16.5,0.0,56.0,60.42
stockholm,Stockholm,Sweden,SE,2024-08-16,5,false,3,31.96,12.43,18.6,0.5,66.7,49.13
stockholm,Stockholm,Sweden,SE,2024-08-28,3,false,8,135.29,50.72,18.1,0.0,56.3,64.25
stockholm,Stockholm,Sweden,SE,2024-10-01,2,false,4,124.90,46.80,8.8,0.6,52.2,50.60
stockholm,Stockholm,Sweden,SE,2024-10-04,5,false,12,184.29,69.69,7.5,0.0,58.2,55.49
stockholm,Stockholm,Sweden,SE,2024-10-24,4,false,9,133.51,49.34,10.9,0.0,36.2,38.59
stockholm,Stockholm,Sweden,SE,2024-11-12,2,false,4,69.69,26.43,2.7,0.0,32.3,36.47
stockholm,Stockholm,Sweden,SE,2024-12-11,3,false,10,213.10,81.84,-1.6,0.0,40.9,35.59
stockholm,Stockholm,Sweden,SE,2024-12-12,4,false,5,113.25,44.05,-4.6,0.0,42.2,37.27
stockholm,Stockholm,Sweden,SE,2024-12-21,6,true,6,102.94,38.22,0.7,6.3,40.1,28.44
stockholm,Stockholm,Sweden,SE,2025-01-04,6,true,5,150.51,61.44,-8.5,0.0,27.8,25.64
stockholm,Stockholm,Sweden,SE,2025-02-26,3,false,10,196.87,77.75,2.7,0.0,58.4,28.39
stockholm,Stockholm,Sweden,SE,2025-03-06,4,false,6,98.51,38.32,8.8,0.0,33.3,31.84
stockholm,Stockholm,Sweden,SE,2025-03-08,6,true,4,59.04,21.32,6.8,0.0,24.5,29.80
stockholm,Stockholm,Sweden,SE,2025-03-24,1,false,9,135.75,51.72,3.3,0.0,59.6,53.81
stockholm,Stockholm,Sweden,SE,2025-03-25,2,false,7,122.85,47.87,5.5,1.6,47.3,28.44
stockholm,Stockholm,Sweden,SE,2025-04-09,3,false,7,80.56,30.58,4.0,0.3,53.5,49.33
stockholm,Stockholm,Sweden,SE,2025-04-25,5,false,13,218.23,81.48,4.4,0.0,56.5,55.86
stockholm,Stockholm,Sweden,SE,2025-06-01,7,true,2,24.16,9.70,14.7,0.0,27.3,53.82
stockholm,Stockholm,Sweden,SE,2025-06-08,7,true,3,28.30,10.98,14.0,0.1,26.8,51.71
stockholm,Stockholm,Sweden,SE,2025-06-14,6,true,9,183.51,70.09,17.6,0.0,27.8,59.22
stockholm,Stockholm,Sweden,SE,2025-07-04,5,false,5,79.31,30.93,15.3,0.1,46.0,57.47
stockholm,Stockholm,Sweden,SE,2025-07-18,5,false,7,87.78,32.47,20.8,0.0,52.2,63.32
stockholm,Stockholm,Sweden,SE,2025-07-31,4,false,6,94.74,35.61,18.8,2.8,59.6,75.11
stockholm,Stockholm,Sweden,SE,2025-08-01,5,false,7,103.54,40.21,17.3,8.4,71.5,49.73
stockholm,Stockholm,Sweden,SE,2025-09-02,2,false,7,117.01,44.08,16.7,1.6,65.3,54.37
stockholm,Stockholm,Sweden,SE,2025-09-28,7,true,6,96.72,34.74,11.5,0.0,18.7,31.73
stockholm,Stockholm,Sweden,SE,2025-10-03,5,false,14,185.37,71.39,8.9,0.0,53.9,59.89
stockholm,Stockholm,Sweden,SE,2025-11-11,2,false,10,157.59,61.07,5.6,0.1,60.8,42.05
stockholm,Stockholm,Sweden,SE,2025-11-14,5,false,8,185.44,70.34,1.0,0.0,48.3,41.99
stockholm,Stockholm,Sweden,SE,2025-11-23,7,true,5,57.59,21.45,1.6,0.0,30.0,29.30
stockholm,Stockholm,Sweden,SE,2025-11-30,7,true,8,219.25,79.80,5.4,3.9,42.7,34.05
stockholm,Stockholm,Sweden,SE,2025-12-11,4,false,8,98.05,37.53,6.3,1.8,55.5,36.72
stockholm,Stockholm,Sweden,SE,2025-12-30,2,false,11,187.48,70.99,-3.4,0.0,68.8,29.90
oslo,Oslo,Norway,NO,2024-01-09,2,false,14,336.35,104.88,-11.0,0.0,66.4,24.30
oslo,Oslo,Norway,NO,2024-01-16,2,false,8,150.43,47.81,-15.8,4.5,83.1,58.35
oslo,Oslo,Norway,NO,2024-01-22,1,false,6,102.38,32.85,3.9,18.7,60.0,56.42
oslo,Oslo,Norway,NO,2024-02-08,4,false,10,194.75,63.27,-12.3,0.0,47.9,25.61
oslo,Oslo,Norway,NO,2024-02-16,5,false,11,220.47,64.00,0.8,17.7,67.3,28.00
oslo,Oslo,Norway,NO,2024-04-03,3,false,11,168.63,53.60,-0.6,0.0,75.9,38.61
oslo,Oslo,Norway,NO,2024-04-15,1,false,6,100.01,31.46,4.8,0.0,54.3,46.73
oslo,Oslo,Norway,NO,2024-04-18,4,false,11,171.28,56.38,2.6,1.6,67.1,50.38
oslo,Oslo,Norway,NO,2024-05-29,3,false,9,136.18,44.60,14.8,1.5,68.5,45.23
oslo,Oslo,Norway,NO,2024-05-30,4,false,14,213.77,67.53,14.8,17.0,70.2,62.40
oslo,Oslo,Norway,NO,2024-06-06,4,false,15,228.85,73.04,11.1,1.2,63.2,52.60
oslo,Oslo,Norway,NO,2024-06-20,4,false,13,235.70,75.37,16.4,0.0,52.2,52.88
oslo,Oslo,Norway,NO,2024-06-22,6,true,9,107.82,34.78,13.7,6.5,31.6,47.92
oslo,Oslo,Norway,NO,2024-06-23,7,true,5,90.79,24.20,14.8,0.1,25.9,44.29
oslo,Oslo,Norway,NO,2024-06-25,2,false,10,141.53,45.14,16.6,0.0,58.4,61.92
oslo,Oslo,Norway,NO,2024-06-27,4,false,6,177.93,58.82,20.6,0.5,63.1,56.34
oslo,Oslo,Norway,NO,2024-08-12,1,false,11,166.27,53.94,15.7,0.0,60.7,57.94
oslo,Oslo,Norway,NO,2024-08-16,5,false,11,190.21,61.67,16.3,0.0,46.4,54.15
oslo,Oslo,Norway,NO,2024-08-28,3,false,10,152.09,45.37,16.7,0.0,55.6,44.50
oslo,Oslo,Norway,NO,2024-10-01,2,false,8,128.27,41.34,7.2,0.0,55.3,44.60
oslo,Oslo,Norway,NO,2024-10-04,5,false,13,219.59,69.19,6.0,0.0,63.8,45.75
oslo,Oslo,Norway,NO,2024-10-24,4,false,13,189.63,60.11,10.0,0.0,55.6,38.51
oslo,Oslo,Norway,NO,2024-11-12,2,false,12,280.26,87.70,0.6,0.1,64.5,30.48
oslo,Oslo,Norway,NO,2024-12-11,3,false,9,135.97,42.60,-6.0,0.0,49.2,30.82
oslo,Oslo,Norway,NO,2024-12-12,4,false,17,326.54,103.08,-5.6,0.0,52.8,26.94
oslo,Oslo,Norway,NO,2024-12-21,6,true,8,111.06,35.32,-0.5,6.3,30.3,19.90
oslo,Oslo,Norway,NO,2025-01-04,6,true,8,188.10,60.20,-14.4,0.0,27.3,22.16
oslo,Oslo,Norway,NO,2025-02-26,3,false,14,232.75,72.86,1.6,0.0,53.7,29.31
oslo,Oslo,Norway,NO,2025-03-06,4,false,10,196.67,60.47,9.4,0.0,58.1,27.84
oslo,Oslo,Norway,NO,2025-03-08,6,true,11,187.04,56.99,2.0,0.0,30.4,24.16
oslo,Oslo,Norway,NO,2025-03-24,1,false,6,102.62,33.29,1.9,0.0,47.7,30.18
oslo,Oslo,Norway,NO,2025-03-25,2,false,16,233.51,74.87,6.5,0.6,52.9,36.54
oslo,Oslo,Norway,NO,2025-04-09,3,false,8,132.07,42.91,6.1,0.0,52.4,41.90
oslo,Oslo,Norway,NO,2025-04-25,5,false,12,157.91,50.44,5.4,0.0,46.1,33.30
oslo,Oslo,Norway,NO,2025-06-01,7,true,5,120.28,38.54,12.0,6.1,45.5,44.25
oslo,Oslo,Norway,NO,2025-06-08,7,true,3,41.42,11.41,11.6,3.4,43.1,42.18
oslo,Oslo,Norway,NO,2025-06-14,6,true,4,50.01,16.59,16.5,0.0,15.5,46.43
oslo,Oslo,Norway,NO,2025-07-04,5,false,7,141.13,45.14,14.5,1.6,60.7,50.72
oslo,Oslo,Norway,NO,2025-07-18,5,false,8,123.23,31.80,23.3,0.0,58.4,57.61
oslo,Oslo,Norway,NO,2025-07-31,4,false,17,290.02,92.37,17.2,0.1,47.5,35.49
oslo,Oslo,Norway,NO,2025-08-01,5,false,4,70.25,23.71,18.8,0.6,53.5,47.07
oslo,Oslo,Norway,NO,2025-09-02,2,false,6,91.65,29.52,16.0,0.7,60.5,48.20
oslo,Oslo,Norway,NO,2025-09-28,7,true,10,144.43,45.67,10.7,0.0,37.7,43.58
oslo,Oslo,Norway,NO,2025-10-03,5,false,4,35.18,11.68,10.3,0.8,52.9,51.44
oslo,Oslo,Norway,NO,2025-11-11,2,false,9,93.14,29.53,6.5,1.2,51.7,34.56
oslo,Oslo,Norway,NO,2025-11-14,5,false,8,148.42,49.05,-0.3,0.0,37.4,33.09
oslo,Oslo,Norway,NO,2025-11-23,7,true,12,158.83,50.03,3.0,8.5,33.4,25.82
oslo,Oslo,Norway,NO,2025-11-30,7,true,9,151.44,47.08,0.7,18.9,32.8,28.18
oslo,Oslo,Norway,NO,2025-12-11,4,false,8,87.29,27.55,4.4,0.0,50.2,22.52
oslo,Oslo,Norway,NO,2025-12-30,2,false,13,269.96,85.12,-4.1,0.0,45.9,21.77
copenhagen,Copenhagen,Denmark,DK,2024-02-02,5,false,4,41.24,20.91,5.7,1.5,57.4,44.51
copenhagen,Copenhagen,Denmark,DK,2024-02-09,5,false,11,111.13,51.83,0.8,7.8,61.0,51.73
copenhagen,Copenhagen,Denmark,DK,2024-03-05,2,false,6,121.93,56.88,3.3,0.8,52.9,56.72
copenhagen,Copenhagen,Denmark,DK,2024-03-16,6,true,3,51.42,23.18,6.8,1.5,32.0,58.16
copenhagen,Copenhagen,Denmark,DK,2024-03-21,4,false,16,214.18,103.74,5.5,4.4,66.4,73.70
copenhagen,Copenhagen,Denmark,DK,2024-04-16,2,false,4,36.67,17.90,6.4,0.8,61.7,81.18
copenhagen,Copenhagen,Denmark,DK,2024-04-17,3,false,9,80.27,39.04,5.8,0.2,63.3,74.20
copenhagen,Copenhagen,Denmark,DK,2024-05-25,6,true,5,85.22,41.70,14.9,0.0,28.4,81.35
copenhagen,Copenhagen,Denmark,DK,2024-05-28,2,false,6,116.39,53.83,15.0,3.1,62.0,81.78
copenhagen,Copenhagen,Denmark,DK,2024-07-03,3,false,6,105.30,49.10,15.0,0.9,51.0,83.04
copenhagen,Copenhagen,Denmark,DK,2024-07-11,4,false,14,156.84,78.37,18.0,3.9,60.8,108.39
copenhagen,Copenhagen,Denmark,DK,2024-07-13,6,true,3,21.83,10.59,16.7,24.7,26.8,76.95
copenhagen,Copenhagen,Denmark,DK,2024-08-31,6,true,3,25.80,12.11,15.7,0.0,33.0,70.40
copenhagen,Copenhagen,Denmark,DK,2024-09-01,7,true,5,61.49,29.74,15.8,0.0,35.0,71.54
copenhagen,Copenhagen,Denmark,DK,2024-09-10,2,false,12,166.25,78.77,15.7,1.5,59.5,96.39
copenhagen,Copenhagen,Denmark,DK,2024-09-15,7,true,7,96.85,48.40,13.3,0.0,30.1,56.32
copenhagen,Copenhagen,Denmark,DK,2024-10-05,6,true,4,40.64,19.62,9.7,0.0,28.1,66.54
copenhagen,Copenhagen,Denmark,DK,2024-10-12,6,true,11,166.22,78.50,10.9,0.0,34.2,69.14
copenhagen,Copenhagen,Denmark,DK,2024-10-13,7,true,5,84.91,40.67,10.3,4.8,29.0,57.85
copenhagen,Copenhagen,Denmark,DK,2024-10-17,4,false,6,68.90,34.05,11.8,0.0,57.9,74.89
copenhagen,Copenhagen,Denmark,DK,2024-11-04,1,false,10,185.78,89.62,9.8,0.3,65.6,72.09
copenhagen,Copenhagen,Denmark,DK,2024-11-28,4,false,8,136.07,66.54,5.2,11.5,76.3,62.83
copenhagen,Copenhagen,Denmark,DK,2024-12-05,4,false,7,87.52,42.91,3.9,0.3,57.5,60.15
copenhagen,Copenhagen,Denmark,DK,2024-12-23,1,false,7,90.30,42.94,4.9,0.9,64.5,47.20
copenhagen,Copenhagen,Denmark,DK,2025-01-16,4,false,11,204.14,92.54,4.9,0.0,48.1,47.27
copenhagen,Copenhagen,Denmark,DK,2025-01-18,6,true,10,123.07,58.43,4.4,0.0,41.6,42.01
copenhagen,Copenhagen,Denmark,DK,2025-01-29,3,false,8,131.87,65.21,4.4,0.4,59.8,46.94
copenhagen,Copenhagen,Denmark,DK,2025-02-25,2,false,12,123.70,59.57,5.6,0.5,52.6,55.96
copenhagen,Copenhagen,Denmark,DK,2025-03-15,6,true,7,89.69,43.13,1.7,0.0,22.6,40.50
copenhagen,Copenhagen,Denmark,DK,2025-04-02,3,false,4,38.21,17.75,8.0,0.0,53.6,66.65
copenhagen,Copenhagen,Denmark,DK,2025-04-22,2,false,11,112.15,53.64,8.8,2.4,55.8,70.88
copenhagen,Copenhagen,Denmark,DK,2025-04-24,4,false,9,86.25,42.23,9.0,0.1,54.5,76.55
copenhagen,Copenhagen,Denmark,DK,2025-05-21,3,false,6,128.88,59.91,13.3,0.3,58.8,84.24
copenhagen,Copenhagen,Denmark,DK,2025-06-11,3,false,3,36.38,16.73,14.0,0.0,50.0,63.96
copenhagen,Copenhagen,Denmark,DK,2025-06-19,4,false,11,123.93,60.65,15.8,0.0,55.8,86.21
copenhagen,Copenhagen,Denmark,DK,2025-07-15,2,false,8,125.98,58.87,17.7,20.0,70.0,105.70
copenhagen,Copenhagen,Denmark,DK,2025-07-29,2,false,6,69.92,32.55,18.2,0.2,60.9,87.92
copenhagen,Copenhagen,Denmark,DK,2025-08-24,7,true,6,59.00,28.78,15.2,0.1,23.4,70.63
copenhagen,Copenhagen,Denmark,DK,2025-09-21,7,true,3,48.77,23.17,16.6,0.5,36.4,73.65
copenhagen,Copenhagen,Denmark,DK,2025-09-30,2,false,12,190.92,92.96,11.3,0.2,73.5,71.43
copenhagen,Copenhagen,Denmark,DK,2025-10-10,5,false,12,140.56,68.48,13.3,0.2,45.7,63.30
copenhagen,Copenhagen,Denmark,DK,2025-10-13,1,false,7,107.90,52.29,9.9,0.0,62.6,60.84
copenhagen,Copenhagen,Denmark,DK,2025-10-26,7,true,7,116.48,56.11,8.3,0.4,47.5,65.72
copenhagen,Copenhagen,Denmark,DK,2025-11-09,7,true,6,55.51,27.43,7.4,0.0,31.3,49.28
copenhagen,Copenhagen,Denmark,DK,2025-11-26,3,false,9,133.57,65.39,3.0,0.0,65.6,41.42
berlin,Berlin,Germany,DE,2024-01-14,7,true,6,121.04,62.74,1.6,3.9,44.0,48.26
berlin,Berlin,Germany,DE,2024-01-27,6,true,8,154.51,77.99,4.0,0.0,26.2,39.05
berlin,Berlin,Germany,DE,2024-02-10,6,true,8,95.33,49.25,8.6,5.5,42.7,44.18
berlin,Berlin,Germany,DE,2024-02-15,4,false,6,101.40,50.10,10.7,0.2,58.8,62.18
berlin,Berlin,Germany,DE,2024-03-06,3,false,5,49.17,25.33,3.6,0.2,57.8,69.02
berlin,Berlin,Germany,DE,2024-03-12,2,false,11,237.01,124.63,8.1,0.0,62.9,69.76
berlin,Berlin,Germany,DE,2024-03-22,5,false,13,189.44,98.13,9.6,5.3,66.4,68.90
berlin,Berlin,Germany,DE,2024-05-09,4,false,8,93.61,46.98,12.9,0.0,65.9,95.79
berlin,Berlin,Germany,DE,2024-05-20,1,false,8,136.45,72.87,15.8,11.9,61.6,118.85
berlin,Berlin,Germany,DE,2024-06-21,5,false,10,207.83,109.33,20.8,5.5,73.1,101.98
berlin,Berlin,Germany,DE,2024-07-20,6,true,3,27.52,13.72,24.7,0.0,25.7,120.83
berlin,Berlin,Germany,DE,2024-07-22,1,false,12,210.41,109.30,21.5,1.4,57.4,103.06
berlin,Berlin,Germany,DE,2024-08-01,4,false,6,105.09,53.15,21.9,0.0,57.0,124.65
berlin,Berlin,Germany,DE,2024-08-29,4,false,7,62.03,32.56,27.4,0.0,53.1,99.68
berlin,Berlin,Germany,DE,2024-09-05,4,false,3,22.01,11.78,25.7,0.0,64.0,98.82
berlin,Berlin,Germany,DE,2024-09-11,3,false,12,208.04,108.68,14.6,0.5,58.1,108.45
berlin,Berlin,Germany,DE,2024-10-25,5,false,12,240.93,124.28,11.2,0.0,52.4,91.87
berlin,Berlin,Germany,DE,2024-10-31,4,false,4,54.97,28.09,11.6,0.0,45.5,72.65
berlin,Berlin,Germany,DE,2024-11-08,5,false,9,156.37,83.16,4.8,0.0,66.9,52.70
berlin,Berlin,Germany,DE,2024-12-04,3,false,8,143.08,72.59,3.6,0.2,50.1,45.34
berlin,Berlin,Germany,DE,2024-12-18,3,false,6,81.66,41.54,8.3,0.7,47.7,63.92
berlin,Berlin,Germany,DE,2024-12-19,4,false,6,74.93,36.19,10.1,4.4,69.5,63.87
berlin,Berlin,Germany,DE,2025-01-02,4,false,12,210.56,110.52,3.8,3.7,73.3,53.98
berlin,Berlin,Germany,DE,2025-01-13,1,false,7,131.07,68.58,-3.6,0.0,52.2,60.18
berlin,Berlin,Germany,DE,2025-02-15,6,true,11,208.50,106.95,-2.2,1.3,33.3,49.73
berlin,Berlin,Germany,DE,2025-02-16,7,true,5,94.42,48.09,-3.8,0.1,27.1,56.76
berlin,Berlin,Germany,DE,2025-02-22,6,true,3,47.89,26.85,4.0,0.0,36.7,54.33
berlin,Berlin,Germany,DE,2025-03-30,7,true,7,102.96,55.78,5.7,7.7,31.4,79.12
berlin,Berlin,Germany,DE,2025-04-04,5,false,9,179.22,92.95,12.5,0.0,58.9,77.86
berlin,Berlin,Germany,DE,2025-04-23,3,false,9,128.40,68.27,12.9,1.3,63.1,87.80
berlin,Berlin,Germany,DE,2025-05-12,1,false,7,92.48,45.88,12.6,0.0,62.2,108.84
berlin,Berlin,Germany,DE,2025-05-30,5,false,4,30.71,16.23,18.5,3.8,45.3,85.91
berlin,Berlin,Germany,DE,2025-06-04,3,false,10,188.78,96.73,20.5,2.9,77.0,99.11
berlin,Berlin,Germany,DE,2025-06-09,1,false,6,140.26,71.97,13.9,3.6,75.3,94.69
berlin,Berlin,Germany,DE,2025-07-01,2,false,9,176.75,90.61,24.8,0.0,54.4,119.80
berlin,Berlin,Germany,DE,2025-07-10,4,false,3,29.16,15.34,17.7,4.3,68.4,117.47
berlin,Berlin,Germany,DE,2025-07-11,5,false,7,137.21,69.68,17.0,9.8,51.5,126.80
berlin,Berlin,Germany,DE,2025-07-30,3,false,6,144.48,74.46,17.2,0.1,46.3,136.08
berlin,Berlin,Germany,DE,2025-08-02,6,true,5,73.14,37.87,17.4,3.1,44.4,95.27
berlin,Berlin,Germany,DE,2025-08-03,7,true,6,113.18,56.65,16.3,1.0,53.6,96.00
berlin,Berlin,Germany,DE,2025-08-15,5,false,5,91.75,47.38,26.1,0.5,56.9,125.75
berlin,Berlin,Germany,DE,2025-08-22,5,false,9,170.73,91.80,15.5,0.1,64.5,118.74
berlin,Berlin,Germany,DE,2025-08-27,3,false,10,149.04,79.34,20.6,0.0,60.5,103.62
berlin,Berlin,Germany,DE,2025-10-27,1,false,11,212.81,112.17,7.0,2.7,52.8,83.54
berlin,Berlin,Germany,DE,2025-11-02,7,true,8,190.28,98.15,10.7,0.4,28.7,76.40
berlin,Berlin,Germany,DE,2025-11-28,5,false,11,235.90,125.46,4.9,1.8,54.8,63.74
berlin,Berlin,Germany,DE,2025-12-26,5,false,6,134.52,71.24,-4.0,0.0,55.8,62.79
amsterdam,Amsterdam,Netherlands,NL,2024-01-02,2,false,8,123.69,61.63,9.9,19.5,82.2,54.88
amsterdam,Amsterdam,Netherlands,NL,2024-01-03,3,false,9,116.10,55.90,8.6,5.3,63.8,54.34
amsterdam,Amsterdam,Netherlands,NL,2024-01-05,5,false,8,112.43,56.65,6.5,3.3,58.2,56.45
amsterdam,Amsterdam,Netherlands,NL,2024-01-23,2,false,7,106.62,52.93,7.9,6.8,65.8,57.62
amsterdam,Amsterdam,Netherlands,NL,2024-01-25,4,false,3,60.73,32.99,6.8,0.4,42.8,44.61
amsterdam,Amsterdam,Netherlands,NL,2024-01-31,3,false,10,159.10,82.21,6.3,2.8,67.2,50.80
amsterdam,Amsterdam,Netherlands,NL,2024-02-07,3,false,6,85.41,43.24,4.5,2.7,62.5,57.92
amsterdam,Amsterdam,Netherlands,NL,2024-03-24,7,true,4,64.41,31.15,6.6,11.2,39.2,51.53
amsterdam,Amsterdam,Netherlands,NL,2024-05-02,4,false,5,122.20,61.72,16.8,0.4,42.6,78.09
amsterdam,Amsterdam,Netherlands,NL,2024-05-03,5,false,8,168.02,83.98,11.5,11.2,67.4,113.60
amsterdam,Amsterdam,Netherlands,NL,2024-05-31,5,false,11,207.89,107.12,15.2,5.2,67.5,119.96
amsterdam,Amsterdam,Netherlands,NL,2024-06-29,6,true,2,17.72,8.37,18.1,0.0,30.9,100.99
amsterdam,Amsterdam,Netherlands,NL,2024-07-25,4,false,10,143.74,73.73,18.3,1.9,83.9,123.47
amsterdam,Amsterdam,Netherlands,NL,2024-07-26,5,false,5,77.03,38.90,18.0,3.9,60.4,113.99
amsterdam,Amsterdam,Netherlands,NL,2024-08-08,4,false,6,86.25,43.08,19.8,1.0,52.3,94.84
amsterdam,Amsterdam,Netherlands,NL,2024-08-20,2,false,4,141.65,69.95,18.2,14.6,71.8,115.68
amsterdam,Amsterdam,Netherlands,NL,2024-08-22,4,false,7,82.44,42.31,18.4,0.5,53.9,110.57
amsterdam,Amsterdam,Netherlands,NL,2024-09-28,6,true,2,36.64,19.49,10.5,2.8,34.4,69.11
amsterdam,Amsterdam,Netherlands,NL,2024-10-27,7,true,7,113.19,56.15,12.8,0.1,27.0,75.96
amsterdam,Amsterdam,Netherlands,NL,2024-10-28,1,false,8,171.92,85.40,12.8,2.5,66.7,80.76
amsterdam,Amsterdam,Netherlands,NL,2024-10-30,3,false,9,139.07,69.31,12.6,0.0,68.0,72.75
amsterdam,Amsterdam,Netherlands,NL,2024-11-01,5,false,3,70.22,34.34,12.2,0.1,57.4,74.69
amsterdam,Amsterdam,Netherlands,NL,2024-11-03,7,true,4,86.07,41.95,6.5,0.0,44.2,73.23
amsterdam,Amsterdam,Netherlands,NL,2024-11-14,4,false,9,126.45,62.01,10.5,0.1,49.9,73.18
amsterdam,Amsterdam,Netherlands,NL,2024-11-15,5,false,8,86.67,42.94,9.4,0.0,52.9,64.28
amsterdam,Amsterdam,Netherlands,NL,2024-11-24,7,true,7,62.69,30.47,14.8,0.6,27.8,56.31
amsterdam,Amsterdam,Netherlands,NL,2024-12-06,5,false,6,156.62,79.05,8.3,2.1,58.8,74.45
amsterdam,Amsterdam,Netherlands,NL,2024-12-09,1,false,8,87.83,44.83,6.0,0.2,47.1,64.94
amsterdam,Amsterdam,Netherlands,NL,2024-12-25,3,false,6,116.39,57.47,9.4,0.0,32.4,51.25
amsterdam,Amsterdam,Netherlands,NL,2024-12-27,5,false,8,121.92,60.07,3.2,0.0,55.8,59.67
amsterdam,Amsterdam,Netherlands,NL,2025-01-06,1,false,8,116.70,57.25,9.0,5.3,64.7,58.12
amsterdam,Amsterdam,Netherlands,NL,2025-02-14,5,false,6,100.72,50.73,0.5,0.1,38.5,116.20
amsterdam,Amsterdam,Netherlands,NL,2025-02-17,1,false,10,163.34,80.62,-1.3,0.0,53.0,67.21
amsterdam,Amsterdam,Netherlands,NL,2025-02-23,7,true,6,142.94,73.93,9.7,0.0,35.6,58.41
amsterdam,Amsterdam,Netherlands,NL,2025-03-02,7,true,9,184.81,92.17,2.1,0.0,36.3,56.88
amsterdam,Amsterdam,Netherlands,NL,2025-03-03,1,false,11,200.04,101.16,1.7,0.0,43.0,63.16
amsterdam,Amsterdam,Netherlands,NL,2025-04-19,6,true,8,110.88,55.29,8.8,0.0,36.1,67.39
amsterdam,Amsterdam,Netherlands,NL,2025-04-30,3,false,8,106.89,52.64,16.5,0.0,52.1,103.43
amsterdam,Amsterdam,Netherlands,NL,2025-06-13,5,false,10,157.35,78.35,23.7,0.0,41.3,111.90
amsterdam,Amsterdam,Netherlands,NL,2025-06-23,1,false,6,109.74,53.55,17.5,2.7,65.6,154.52
amsterdam,Amsterdam,Netherlands,NL,2025-07-27,7,true,6,146.37,76.48,17.6,2.5,52.7,117.54
amsterdam,Amsterdam,Netherlands,NL,2025-08-07,4,false,11,234.63,118.38,18.2,0.1,69.8,83.96
amsterdam,Amsterdam,Netherlands,NL,2025-08-10,7,true,5,70.28,35.04,18.5,0.0,32.0,79.78
amsterdam,Amsterdam,Netherlands,NL,2025-09-10,3,false,11,167.15,86.35,14.5,0.0,53.3,115.89
amsterdam,Amsterdam,Netherlands,NL,2025-09-17,3,false,7,146.29,71.13,15.0,10.2,67.1,116.25
amsterdam,Amsterdam,Netherlands,NL,2025-09-24,3,false,6,145.50,74.38,11.9,0.0,63.0,100.72
amsterdam,Amsterdam,Netherlands,NL,2025-10-04,6,true,5,78.86,40.09,13.0,40.1,42.5,73.15
amsterdam,Amsterdam,Netherlands,NL,2025-10-05,7,true,5,72.16,36.48,12.5,5.3,27.8,102.50
amsterdam,Amsterdam,Netherlands,NL,2025-10-19,7,true,3,43.47,22.66,10.1,0.3,31.6,66.34
amsterdam,Amsterdam,Netherlands,NL,2025-12-07,7,true,8,116.54,59.68,10.1,9.7,38.5,55.48
amsterdam,Amsterdam,Netherlands,NL,2025-12-12,5,false,10,191.06,94.17,8.3,0.0,65.2,62.43
amsterdam,Amsterdam,Netherlands,NL,2025-12-21,7,true,9,172.58,85.59,7.9,0.0,21.9,50.02
paris,Paris,France,FR,2024-02-02,5,false,10,207.12,89.00,6.3,0.0,69.7,42.01
paris,Paris,France,FR,2024-02-09,5,false,11,223.31,91.73,11.3,2.5,59.0,51.09
paris,Paris,France,FR,2024-03-05,2,false,18,331.25,144.80,6.8,7.6,77.1,57.27
paris,Paris,France,FR,2024-03-16,6,true,8,161.55,73.08,11.7,0.0,35.5,60.76
paris,Paris,France,FR,2024-03-21,4,false,11,202.86,87.94,12.0,0.0,52.9,56.64
paris,Paris,France,FR,2024-04-16,2,false,13,204.30,91.08,9.0,1.2,63.9,69.07
paris,Paris,France,FR,2024-04-17,3,false,17,265.69,118.30,7.1,2.4,56.6,62.26
paris,Paris,France,FR,2024-05-25,6,true,7,122.18,53.04,15.3,2.2,38.0,61.63
paris,Paris,France,FR,2024-05-28,2,false,18,275.50,122.38,13.8,4.2,53.6,88.47
paris,Paris,France,FR,2024-07-03,3,false,13,214.96,95.76,16.1,0.2,56.6,81.11
paris,Paris,France,FR,2024-07-11,4,false,12,251.25,112.15,19.4,0.8,58.3,110.51
paris,Paris,France,FR,2024-07-13,6,true,9,172.13,76.31,16.3,3.0,33.0,91.99
paris,Paris,France,FR,2024-08-31,6,true,7,158.30,70.94,19.5,1.2,36.3,64.66
paris,Paris,France,FR,2024-09-01,7,true,17,287.08,121.49,22.6,0.2,29.9,81.89
paris,Paris,France,FR,2024-09-10,2,false,9,193.13,84.55,15.0,0.1,62.8,79.98
paris,Paris,France,FR,2024-09-15,7,true,11,216.38,94.42,12.2,0.0,25.5,73.78
paris,Paris,France,FR,2024-10-05,6,true,6,80.04,33.00,10.6,0.0,22.5,80.31
paris,Paris,France,FR,2024-10-12,6,true,9,167.00,73.94,12.0,1.4,28.8,58.78
paris,Paris,France,FR,2024-10-13,7,true,9,120.80,52.63,11.4,0.0,24.1,88.17
paris,Paris,France,FR,2024-10-17,4,false,13,277.68,124.15,16.4,9.9,65.0,87.66
paris,Paris,France,FR,2024-11-04,1,false,10,164.87,70.77,9.2,0.0,59.2,68.53
paris,Paris,France,FR,2024-11-28,4,false,9,142.00,62.43,6.1,0.0,56.3,60.67
paris,Paris,France,FR,2024-12-05,4,false,9,136.42,60.84,8.4,4.7,68.1,65.16
paris,Paris,France,FR,2024-12-23,1,false,14,239.75,103.31,5.9,1.0,67.1,46.06
paris,Paris,France,FR,2025-01-16,4,false,10,262.15,116.60,3.3,0.0,50.1,49.83
paris,Paris,France,FR,2025-01-18,6,true,11,223.52,93.87,0.5,0.0,26.3,35.15
paris,Paris,France,FR,2025-01-29,3,false,18,410.95,181.37,7.3,9.8,61.8,49.19
paris,Paris,France,FR,2025-02-25,2,false,12,270.59,119.57,8.0,16.3,57.5,60.42
paris,Paris,France,FR,2025-03-15,6,true,8,170.81,78.04,4.1,0.1,40.8,48.04
paris,Paris,France,FR,2025-04-02,3,false,15,181.72,81.32,11.4,0.0,53.6,77.59
paris,Paris,France,FR,2025-04-22,2,false,13,313.92,139.09,12.3,0.1,45.5,73.36
paris,Paris,France,FR,2025-04-24,4,false,9,154.83,66.72,12.2,0.9,57.8,74.30
paris,Paris,France,FR,2025-05-21,3,false,10,156.35,70.87,13.6,9.8,63.1,84.12
paris,Paris,France,FR,2025-06-11,3,false,14,239.60,106.82,20.9,0.0,53.9,95.65
paris,Paris,France,FR,2025-06-19,4,false,16,267.65,117.56,24.8,0.0,46.1,117.41
paris,Paris,France,FR,2025-07-15,2,false,16,257.47,113.83,20.9,1.0,63.5,107.77
paris,Paris,France,FR,2025-07-29,2,false,13,161.65,67.28,17.9,0.6,65.0,105.71
paris,Paris,France,FR,2025-08-24,7,true,14,242.79,106.31,18.5,0.0,41.3,87.50
paris,Paris,France,FR,2025-09-21,7,true,7,91.95,39.18,15.0,0.5,31.6,77.23
paris,Paris,France,FR,2025-09-30,2,false,10,134.70,59.52,13.4,0.0,60.4,86.70
paris,Paris,France,FR,2025-10-10,5,false,17,303.70,131.61,12.7,0.0,66.4,72.16
paris,Paris,France,FR,2025-10-13,1,false,10,173.54,77.64,13.1,0.2,52.3,81.96
paris,Paris,France,FR,2025-10-26,7,true,12,156.12,68.17,9.0,0.1,34.8,53.78
paris,Paris,France,FR,2025-11-09,7,true,6,100.12,45.31,9.3,0.0,25.8,57.02
paris,Paris,France,FR,2025-11-26,3,false,18,286.93,126.09,4.7,0.2,51.1,56.73
madrid,Madrid,Spain,ES,2024-01-01,1,false,7,105.07,43.25,4.9,0.0,67.4,43.07
madrid,Madrid,Spain,ES,2024-02-01,4,false,5,67.25,26.88,9.1,0.0,41.6,52.60
madrid,Madrid,Spain,ES,2024-04-14,7,true,3,55.27,23.08,19.3,0.0,33.6,55.18
madrid,Madrid,Spain,ES,2024-04-20,6,true,7,77.45,29.31,17.2,0.0,21.3,63.00
madrid,Madrid,Spain,ES,2024-04-23,2,false,6,84.04,32.79,10.6,0.0,30.0,63.22
madrid,Madrid,Spain,ES,2024-05-23,4,false,8,135.27,52.69,17.5,0.0,55.9,65.89
madrid,Madrid,Spain,ES,2024-06-02,7,true,8,68.58,28.17,20.3,0.0,35.8,87.83
madrid,Madrid,Spain,ES,2024-06-09,7,true,13,239.97,92.53,19.8,4.9,41.6,70.07
madrid,Madrid,Spain,ES,2024-06-12,3,false,7,78.71,31.28,17.6,0.6,60.7,90.36
madrid,Madrid,Spain,ES,2024-06-24,1,false,5,96.00,38.77,25.4,0.0,55.5,78.02
madrid,Madrid,Spain,ES,2024-07-01,1,false,8,149.67,61.98,22.1,0.2,55.8,89.18
madrid,Madrid,Spain,ES,2024-07-05,5,false,2,40.89,17.42,29.5,0.0,51.2,94.29
madrid,Madrid,Spain,ES,2024-07-10,3,false,11,188.53,74.10,27.5,0.0,56.2,98.12
madrid,Madrid,Spain,ES,2024-07-17,3,false,7,104.39,42.30,27.4,0.0,47.7,73.22
madrid,Madrid,Spain,ES,2024-07-30,2,false,8,99.30,40.51,31.1,0.0,50.3,68.15
madrid,Madrid,Spain,ES,2024-08-02,5,false,5,70.60,27.55,28.8,0.0,47.6,71.68
madrid,Madrid,Spain,ES,2024-08-13,2,false,7,97.91,39.50,26.6,0.0,48.4,70.73
madrid,Madrid,Spain,ES,2024-09-04,3,false,9,121.00,50.85,21.0,0.2,46.7,87.56
madrid,Madrid,Spain,ES,2024-09-09,1,false,12,192.44,77.01,21.6,0.0,50.8,61.22
madrid,Madrid,Spain,ES,2024-09-13,5,false,9,130.56,52.92,17.8,0.0,40.1,70.29
madrid,Madrid,Spain,ES,2024-09-24,2,false,10,157.77,63.55,16.4,0.0,53.1,74.76
madrid,Madrid,Spain,ES,2024-11-05,2,false,13,185.74,73.29,13.2,0.0,51.7,61.04
madrid,Madrid,Spain,ES,2024-12-01,7,true,6,78.28,32.03,9.2,0.1,39.5,42.41
madrid,Madrid,Spain,ES,2024-12-08,7,true,5,44.75,18.14,6.6,0.2,9.5,49.34
madrid,Madrid,Spain,ES,2024-12-22,7,true,7,79.62,31.62,4.8,0.0,43.5,37.85
madrid,Madrid,Spain,ES,2025-01-14,2,false,10,226.55,92.68,2.6,0.0,71.3,43.44
madrid,Madrid,Spain,ES,2025-01-22,3,false,6,86.10,35.44,10.0,12.7,61.7,50.47
madrid,Madrid,Spain,ES,2025-02-01,6,true,12,156.24,63.70,5.0,0.0,28.9,73.60
madrid,Madrid,Spain,ES,2025-03-21,5,false,16,196.72,78.36,9.4,15.1,71.2,62.59
madrid,Madrid,Spain,ES,2025-03-22,6,true,8,173.13,70.15,6.8,11.6,30.9,53.89
madrid,Madrid,Spain,ES,2025-04-15,2,false,8,69.09,28.92,8.4,5.9,78.5,62.26
madrid,Madrid,Spain,ES,2025-05-03,6,true,13,183.40,71.80,14.3,1.0,36.7,57.14
madrid,Madrid,Spain,ES,2025-05-14,3,false,6,107.02,43.02,14.3,9.4,57.4,66.65
madrid,Madrid,Spain,ES,2025-05-26,1,false,13,353.05,141.40,24.0,0.0,48.9,82.44
madrid,Madrid,Spain,ES,2025-05-27,2,false,7,134.63,52.92,24.5,0.0,41.7,91.21
madrid,Madrid,Spain,ES,2025-06-02,1,false,14,122.88,49.40,25.0,0.0,44.0,106.09
madrid,Madrid,Spain,ES,2025-07-12,6,true,5,95.58,37.75,23.6,0.0,30.7,66.78
madrid,Madrid,Spain,ES,2025-07-14,1,false,12,173.46,68.36,28.8,0.0,66.4,90.79
madrid,Madrid,Spain,ES,2025-07-20,7,true,4,48.98,19.54,24.2,0.0,28.1,59.32
madrid,Madrid,Spain,ES,2025-08-17,7,true,6,103.09,40.85,32.8,0.0,47.7,72.44
madrid,Madrid,Spain,ES,2025-08-30,6,true,3,28.73,12.02,25.3,0.0,32.7,62.35
madrid,Madrid,Spain,ES,2025-09-01,1,false,6,149.26,59.86,19.7,0.0,53.4,81.76
madrid,Madrid,Spain,ES,2025-09-07,7,true,8,165.42,64.08,23.9,0.0,27.8,56.66
madrid,Madrid,Spain,ES,2025-09-11,4,false,7,146.65,59.15,23.0,0.0,47.0,70.63
madrid,Madrid,Spain,ES,2025-09-23,2,false,9,162.66,65.79,16.2,0.0,48.5,75.62
madrid,Madrid,Spain,ES,2025-10-21,2,false,10,206.02,81.81,17.4,1.5,65.5,69.97
madrid,Madrid,Spain,ES,2025-10-22,3,false,8,122.24,49.24,18.0,0.1,57.9,74.07
madrid,Madrid,Spain,ES,2025-10-28,2,false,6,76.87,33.20,12.3,0.5,55.0,61.88
madrid,Madrid,Spain,ES,2025-10-31,5,false,11,122.36,49.84,13.1,0.0,59.3,55.01
madrid,Madrid,Spain,ES,2025-11-07,5,false,9,201.31,79.64,9.7,9.9,79.2,55.12
madrid,Madrid,Spain,ES,2025-12-01,1,false,10,156.75,62.74,5.3,0.0,52.4,46.97
madrid,Madrid,Spain,ES,2025-12-04,4,false,7,109.78,43.84,7.3,0.7,47.0,50.88
madrid,Madrid,Spain,ES,2025-12-10,3,false,15,265.01,108.49,9.0,9.9,64.7,44.41
madrid,Madrid,Spain,ES,2025-12-31,3,false,6,51.28,20.19,3.2,0.0,59.3,38.82
warsaw,Warsaw,Poland,PL,2024-01-06,6,true,13,230.18,82.88,-2.7,2.1,24.2,47.09
warsaw,Warsaw,Poland,PL,2024-01-13,6,true,7,177.94,63.74,-0.3,2.9,38.8,38.71
warsaw,Warsaw,Poland,PL,2024-01-19,5,false,5,145.02,52.46,-3.1,0.0,54.4,131.95
warsaw,Warsaw,Poland,PL,2024-02-18,7,true,13,255.22,89.46,1.8,0.0,26.3,50.22
warsaw,Warsaw,Poland,PL,2024-02-21,3,false,8,127.32,45.57,5.7,3.1,55.3,51.52
warsaw,Warsaw,Poland,PL,2024-02-22,4,false,9,216.17,79.11,6.7,1.8,68.6,66.26
warsaw,Warsaw,Poland,PL,2024-02-24,6,true,12,223.09,78.78,6.6,0.8,28.9,52.78
warsaw,Warsaw,Poland,PL,2024-02-28,3,false,13,232.09,82.98,8.3,4.9,60.0,67.11
warsaw,Warsaw,Poland,PL,2024-03-04,1,false,10,227.28,82.69,5.0,1.2,53.8,54.01
warsaw,Warsaw,Poland,PL,2024-03-19,2,false,7,107.61,38.67,2.8,0.0,60.6,59.83
warsaw,Warsaw,Poland,PL,2024-03-27,3,false,11,118.24,43.46,10.9,0.0,65.0,56.94
warsaw,Warsaw,Poland,PL,2024-06-17,1,false,9,176.14,64.52,20.7,0.1,59.9,110.63
warsaw,Warsaw,Poland,PL,2024-07-29,1,false,8,97.70,35.10,19.0,0.5,51.5,111.94
warsaw,Warsaw,Poland,PL,2024-08-04,7,true,7,167.76,61.23,20.5,2.6,38.7,92.36
warsaw,Warsaw,Poland,PL,2024-09-26,4,false,7,72.30,27.54,17.6,0.0,51.5,75.04
warsaw,Warsaw,Poland,PL,2024-10-03,4,false,7,104.86,38.47,10.7,4.4,58.7,92.63
warsaw,Warsaw,Poland,PL,2024-10-10,4,false,12,169.78,62.75,16.5,1.0,46.2,73.27
warsaw,Warsaw,Poland,PL,2024-10-18,5,false,12,129.17,45.91,9.0,0.0,58.4,83.93
warsaw,Warsaw,Poland,PL,2024-10-20,7,true,6,82.64,29.60,7.9,0.0,23.7,62.60
warsaw,Warsaw,Poland,PL,2024-11-21,4,false,8,100.65,36.42,0.7,1.4,57.8,59.88
warsaw,Warsaw,Poland,PL,2024-12-15,7,true,8,109.10,39.53,2.2,4.0,38.1,49.79
warsaw,Warsaw,Poland,PL,2024-12-16,1,false,15,251.48,88.23,8.0,12.9,66.8,55.19
warsaw,Warsaw,Poland,PL,2025-02-27,4,false,10,169.21,59.81,5.8,0.6,51.8,61.79
warsaw,Warsaw,Poland,PL,2025-04-07,1,false,16,302.33,107.69,2.8,3.0,60.1,68.86
warsaw,Warsaw,Poland,PL,2025-04-16,3,false,8,170.06,62.65,17.7,0.5,52.6,71.33
warsaw,Warsaw,Poland,PL,2025-05-19,1,false,8,98.62,36.39,10.3,0.0,56.9,85.21
warsaw,Warsaw,Poland,PL,2025-06-05,4,false,7,80.02,27.09,21.9,2.9,66.7,87.98
warsaw,Warsaw,Poland,PL,2025-06-28,6,true,7,154.04,56.36,18.3,0.1,39.8,88.04
warsaw,Warsaw,Poland,PL,2025-06-29,7,true,7,93.61,33.21,21.2,1.8,26.2,99.83
warsaw,Warsaw,Poland,PL,2025-06-30,1,false,11,143.72,51.11,17.3,0.0,52.9,113.68
warsaw,Warsaw,Poland,PL,2025-07-06,7,true,2,68.24,25.25,25.5,0.0,31.1,82.11
warsaw,Warsaw,Poland,PL,2025-07-23,3,false,9,178.77,64.79,19.7,0.8,50.9,119.41
warsaw,Warsaw,Poland,PL,2025-08-08,5,false,10,145.63,51.25,18.7,0.4,48.2,114.06
warsaw,Warsaw,Poland,PL,2025-08-16,6,true,8,145.16,51.70,23.9,0.0,45.3,83.05
warsaw,Warsaw,Poland,PL,2025-09-05,5,false,8,147.58,54.75,21.6,3.5,75.1,100.03
warsaw,Warsaw,Poland,PL,2025-09-18,4,false,11,200.13,71.21,15.0,0.3,49.3,95.38
warsaw,Warsaw,Poland,PL,2025-12-27,6,true,6,167.99,59.09,0.6,0.4,49.1,41.16
stockholm,Stockholm,Sweden,SE,2024-01-15,1,false,15,302.08,114.75,-6.9,1.5,52.3,58.45
stockholm,Stockholm,Sweden,SE,2024-03-09,6,true,8,149.34,57.68,-1.3,0.0,42.8,30.95
stockholm,Stockholm,Sweden,SE,2024-03-17,7,true,4,69.70,26.96,-1.4,0.8,41.6,29.97
stockholm,Stockholm,Sweden,SE,2024-03-20,3,false,5,77.58,29.21,0.9,0.4,65.9,39.88
stockholm,Stockholm,Sweden,SE,2024-03-30,6,true,5,100.50,38.23,6.9,0.1,28.4,34.82
stockholm,Stockholm,Sweden,SE,2024-04-28,7,true,4,98.63,42.12,5.9,0.2,33.6,43.48
stockholm,Stockholm,Sweden,SE,2024-05-17,5,false,4,53.28,18.76,15.2,0.0,67.9,55.49
stockholm,Stockholm,Sweden,SE,2024-05-27,1,false,11,147.56,56.21,19.1,0.0,54.5,44.77
stockholm,Stockholm,Sweden,SE,2024-07-27,6,true,7,103.43,39.86,18.3,3.3,40.1,46.47
stockholm,Stockholm,Sweden,SE,2024-07-28,7,true,5,79.17,30.91,17.3,1.6,34.0,56.68
stockholm,Stockholm,Sweden,SE,2024-09-08,7,true,1,30.94,12.28,19.4,0.0,44.0,52.39
stockholm,Stockholm,Sweden,SE,2024-09-12,4,false,4,50.62,18.76,12.5,0.0,54.8,48.02
stockholm,Stockholm,Sweden,SE,2024-09-14,6,true,5,52.78,19.76,12.7,0.0,24.1,46.78
stockholm,Stockholm,Sweden,SE,2024-10-08,2,false,7,77.46,28.82,10.6,5.0,67.6,40.22
stockholm,Stockholm,Sweden,SE,2024-10-14,1,false,7,126.39,50.15,8.3,0.1,57.0,41.30
stockholm,Stockholm,Sweden,SE,2024-11-06,3,false,10,157.73,59.51,4.8,0.0,60.4,41.36
stockholm,Stockholm,Sweden,SE,2024-11-11,1,false,16,316.87,121.94,4.7,2.7,75.9,39.17
stockholm,Stockholm,Sweden,SE,2024-12-03,2,false,9,163.97,63.42,-1.4,7.1,58.8,33.09
stockholm,Stockholm,Sweden,SE,2024-12-29,7,true,6,78.68,30.38,6.1,1.9,28.9,23.53
stockholm,Stockholm,Sweden,SE,2025-01-03,5,false,15,237.40,88.75,-9.3,0.3,62.9,36.75
stockholm,Stockholm,Sweden,SE,2025-01-25,6,true,2,17.15,6.69,3.9,0.2,41.9,30.19
stockholm,Stockholm,Sweden,SE,2025-02-02,7,true,5,155.69,59.16,-2.2,0.0,33.0,48.40
stockholm,Stockholm,Sweden,SE,2025-02-19,3,false,7,113.15,41.18,-7.2,0.0,55.8,32.24
stockholm,Stockholm,Sweden,SE,2025-03-04,2,false,6,107.56,42.08,6.0,0.2,71.3,35.03
stockholm,Stockholm,Sweden,SE,2025-03-13,4,false,3,69.16,27.26,-1.2,0.5,49.1,37.30
stockholm,Stockholm,Sweden,SE,2025-03-19,3,false,6,102.16,39.00,5.1,0.0,49.9,43.16
stockholm,Stockholm,Sweden,SE,2025-03-20,4,false,10,137.43,52.63,3.3,0.0,53.9,29.58
stockholm,Stockholm,Sweden,SE,2025-03-23,7,true,3,67.30,26.66,2.6,0.0,44.4,36.94
stockholm,Stockholm,Sweden,SE,2025-04-20,7,true,6,66.82,24.82,7.3,3.1,32.2,37.25
stockholm,Stockholm,Sweden,SE,2025-05-02,5,false,5,73.58,28.29,11.5,2.5,61.5,50.27
stockholm,Stockholm,Sweden,SE,2025-05-18,7,true,5,70.87,26.86,10.2,0.0,35.7,29.00
stockholm,Stockholm,Sweden,SE,2025-05-24,6,true,8,101.40,38.03,10.0,0.1,42.2,37.21
stockholm,Stockholm,Sweden,SE,2025-06-16,1,false,3,58.19,22.96,19.2,0.2,52.7,61.36
stockholm,Stockholm,Sweden,SE,2025-06-21,6,true,5,49.74,19.06,16.7,0.0,19.1,45.48
stockholm,Stockholm,Sweden,SE,2025-06-25,3,false,6,70.59,26.70,15.6,1.0,55.6,50.05
stockholm,Stockholm,Sweden,SE,2025-07-21,1,false,10,89.53,33.84,21.6,0.0,67.2,52.31
stockholm,Stockholm,Sweden,SE,2025-07-28,1,false,9,123.76,46.82,21.6,5.6,77.5,41.64
stockholm,Stockholm,Sweden,SE,2025-09-09,2,false,9,144.32,55.65,17.7,0.0,65.2,51.20
stockholm,Stockholm,Sweden,SE,2025-10-01,3,false,11,259.82,94.66,8.5,0.2,64.8,58.85
stockholm,Stockholm,Sweden,SE,2025-10-11,6,true,4,40.97,16.05,11.1,0.0,28.4,36.35
oslo,Oslo,Norway,NO,2024-01-15,1,false,16,291.11,93.77,-13.8,0.0,59.3,51.05
oslo,Oslo,Norway,NO,2024-03-09,6,true,6,73.96,24.00,-0.7,0.0,43.7,30.99
oslo,Oslo,Norway,NO,2024-03-17,7,true,7,180.88,55.69,-2.2,0.0,19.9,26.19
oslo,Oslo,Norway,NO,2024-03-20,3,false,7,83.86,26.34,2.0,0.6,39.4,31.01
oslo,Oslo,Norway,NO,2024-03-30,6,true,5,120.14,37.92,5.2,0.3,34.9,29.92
oslo,Oslo,Norway,NO,2024-04-28,7,true,7,142.33,45.95,4.5,5.1,46.1,42.45
oslo,Oslo,Norway,NO,2024-05-17,5,false,15,180.67,60.38,16.4,0.0,64.9,49.58
oslo,Oslo,Norway,NO,2024-05-27,1,false,8,109.80,34.24,16.4,24.1,60.9,51.56
oslo,Oslo,Norway,NO,2024-07-27,6,true,8,147.97,48.75,16.5,2.1,32.8,48.42
oslo,Oslo,Norway,NO,2024-07-28,7,true,9,219.48,68.41,17.2,0.1,27.7,42.20
oslo,Oslo,Norway,NO,2024-09-08,7,true,6,162.30,49.72,17.5,3.6,28.1,38.89
oslo,Oslo,Norway,NO,2024-09-12,4,false,6,90.70,29.73,10.7,2.5,61.2,47.94
oslo,Oslo,Norway,NO,2024-09-14,6,true,5,81.65,25.55,9.5,0.0,35.5,38.78
oslo,Oslo,Norway,NO,2024-10-08,2,false,10,198.30,63.23,9.9,3.2,54.8,38.09
oslo,Oslo,Norway,NO,2024-10-14,1,false,8,119.97,35.09,4.3,0.0,47.2,45.27
oslo,Oslo,Norway,NO,2024-11-06,3,false,12,164.38,53.27,3.4,0.0,58.7,36.98
oslo,Oslo,Norway,NO,2024-11-11,1,false,14,230.56,74.59,1.8,0.8,51.3,29.56
oslo,Oslo,Norway,NO,2024-12-03,2,false,17,349.59,113.53,-1.7,0.0,56.3,24.17
oslo,Oslo,Norway,NO,2024-12-29,7,true,6,95.59,30.63,3.3,0.2,35.9,20.71
oslo,Oslo,Norway,NO,2025-01-03,5,false,9,189.87,61.91,-8.9,0.2,75.5,27.07
oslo,Oslo,Norway,NO,2025-01-25,6,true,4,68.40,19.24,2.7,0.2,31.0,18.28
oslo,Oslo,Norway,NO,2025-02-02,7,true,7,117.05,37.07,-6.3,0.4,27.6,44.80
oslo,Oslo,Norway,NO,2025-02-19,3,false,8,247.47,77.80,-8.7,0.0,44.2,30.48
oslo,Oslo,Norway,NO,2025-03-04,2,false,4,52.66,16.98,5.5,0.5,55.5,29.35
oslo,Oslo,Norway,NO,2025-03-13,4,false,11,175.50,55.83,-2.1,0.0,56.5,33.20
oslo,Oslo,Norway,NO,2025-03-19,3,false,11,177.94,57.45,2.9,0.0,39.9,35.18
oslo,Oslo,Norway,NO,2025-03-20,4,false,12,280.43,89.22,2.3,0.0,50.3,34.59
oslo,Oslo,Norway,NO,2025-03-23,7,true,9,172.79,54.75,3.3,0.0,36.7,35.10
oslo,Oslo,Norway,NO,2025-04-20,7,true,9,146.26,48.68,6.7,3.7,29.9,35.14
oslo,Oslo,Norway,NO,2025-05-02,5,false,2,25.85,8.45,12.0,0.3,37.1,42.49
oslo,Oslo,Norway,NO,2025-05-18,7,true,5,82.43,26.42,15.7,0.0,27.0,31.24
oslo,Oslo,Norway,NO,2025-05-24,6,true,4,95.13,28.79,9.0,7.0,32.8,41.86
oslo,Oslo,Norway,NO,2025-06-16,1,false,6,104.37,33.97,18.3,0.0,67.1,62.37
oslo,Oslo,Norway,NO,2025-06-21,6,true,12,249.37,80.05,18.5,0.0,37.7,39.94
oslo,Oslo,Norway,NO,2025-06-25,3,false,11,250.93,83.12,17.5,5.5,70.6,50.79
oslo,Oslo,Norway,NO,2025-07-21,1,false,7,58.05,18.69,22.7,1.4,56.3,47.11
oslo,Oslo,Norway,NO,2025-07-28,1,false,5,84.53,26.37,19.3,1.6,62.0,49.44
oslo,Oslo,Norway,NO,2025-09-09,2,false,18,304.49,96.47,15.4,3.8,74.1,43.28
oslo,Oslo,Norway,NO,2025-10-01,3,false,8,178.86,58.21,7.7,3.2,70.6,38.65
oslo,Oslo,Norway,NO,2025-10-11,6,true,3,72.68,22.70,13.2,0.0,39.7,34.19
copenhagen,Copenhagen,Denmark,DK,2024-02-12,1,false,7,113.54,55.47,1.7,6.5,77.4,56.82
copenhagen,Copenhagen,Denmark,DK,2024-02-19,1,false,12,161.81,78.32,4.6,3.1,67.0,43.92
copenhagen,Copenhagen,Denmark,DK,2024-02-23,5,false,13,239.45,114.85,6.1,3.2,68.8,48.30
copenhagen,Copenhagen,Denmark,DK,2024-04-06,6,true,6,94.38,44.71,10.2,0.1,26.8,52.88
copenhagen,Copenhagen,Denmark,DK,2024-04-10,3,false,7,74.85,36.18,9.1,0.0,64.4,56.56
copenhagen,Copenhagen,Denmark,DK,2024-04-11,4,false,6,133.47,64.79,10.0,1.9,50.7,53.37
copenhagen,Copenhagen,Denmark,DK,2024-05-07,2,false,8,82.56,40.28,8.6,0.0,63.0,94.88
copenhagen,Copenhagen,Denmark,DK,2024-05-16,4,false,6,91.69,43.25,15.3,0.0,71.6,97.33
copenhagen,Copenhagen,Denmark,DK,2024-05-22,3,false,14,199.20,91.47,17.2,0.0,44.5,84.07
copenhagen,Copenhagen,Denmark,DK,2024-07-14,7,true,6,76.87,37.61,17.0,0.9,36.6,68.94
copenhagen,Copenhagen,Denmark,DK,2024-07-15,1,false,7,88.23,42.98,18.0,0.6,56.6,103.62
copenhagen,Copenhagen,Denmark,DK,2024-08-06,2,false,9,121.24,57.43,17.5,0.0,53.7,95.87
copenhagen,Copenhagen,Denmark,DK,2024-10-06,7,true,3,15.21,7.36,10.9,0.3,36.0,48.61
copenhagen,Copenhagen,Denmark,DK,2024-10-11,5,false,9,138.11,66.38,9.8,0.0,61.1,59.54
copenhagen,Copenhagen,Denmark,DK,2024-11-10,7,true,7,131.09,64.30,6.6,0.0,28.8,54.99
copenhagen,Copenhagen,Denmark,DK,2024-11-18,1,false,7,130.37,64.51,4.6,0.0,59.7,36.43
copenhagen,Copenhagen,Denmark,DK,2024-11-29,5,false,4,71.58,35.06,4.1,0.0,62.3,50.91
copenhagen,Copenhagen,Denmark,DK,2025-01-11,6,true,7,100.18,47.69,0.3,0.0,43.3,38.62
copenhagen,Copenhagen,Denmark,DK,2025-02-04,2,false,13,211.16,100.80,2.1,0.0,44.6,86.62
copenhagen,Copenhagen,Denmark,DK,2025-04-18,5,false,9,108.22,53.27,10.3,4.5,58.3,62.35
copenhagen,Copenhagen,Denmark,DK,2025-05-06,2,false,6,83.69,42.16,11.1,0.0,45.3,82.90
copenhagen,Copenhagen,Denmark,DK,2025-05-28,3,false,11,147.07,69.45,12.7,3.6,65.5,89.98
copenhagen,Copenhagen,Denmark,DK,2025-06-24,2,false,9,118.08,57.65,15.8,3.9,64.4,75.24
copenhagen,Copenhagen,Denmark,DK,2025-07-07,1,false,8,185.96,86.67,17.1,5.1,59.7,97.35
copenhagen,Copenhagen,Denmark,DK,2025-08-28,4,false,7,82.89,38.71,18.0,0.1,51.8,99.37
copenhagen,Copenhagen,Denmark,DK,2025-09-08,1,false,12,142.34,70.27,17.0,0.2,45.2,84.56
copenhagen,Copenhagen,Denmark,DK,2025-09-29,1,false,11,152.13,72.53,12.6,0.3,73.8,70.97
copenhagen,Copenhagen,Denmark,DK,2025-10-09,4,false,9,110.45,52.87,12.0,0.4,55.8,67.40
copenhagen,Copenhagen,Denmark,DK,2025-11-24,1,false,6,119.34,58.94,2.9,6.8,81.3,55.01
copenhagen,Copenhagen,Denmark,DK,2025-11-27,4,false,9,152.52,72.27,4.0,1.7,56.8,41.04
copenhagen,Copenhagen,Denmark,DK,2025-12-25,4,false,10,151.80,73.05,-0.7,0.0,63.2,42.03
berlin,Berlin,Germany,DE,2024-03-08,5,false,11,164.98,88.37,2.6,0.0,58.7,69.58
berlin,Berlin,Germany,DE,2024-03-13,3,false,6,121.18,63.81,8.1,0.0,71.1,77.76
berlin,Berlin,Germany,DE,2024-03-23,6,true,4,65.11,32.18,6.0,6.0,26.1,60.18
berlin,Berlin,Germany,DE,2024-03-29,5,false,8,189.05,96.50,9.6,0.4,51.2,73.67
berlin,Berlin,Germany,DE,2024-05-12,7,true,8,89.55,46.04,14.8,0.0,37.6,90.15
berlin,Berlin,Germany,DE,2024-05-14,2,false,7,99.77,50.08,18.5,0.0,51.1,109.77
berlin,Berlin,Germany,DE,2024-06-16,7,true,9,168.23,87.19,17.8,0.3,31.3,100.62
berlin,Berlin,Germany,DE,2024-07-09,2,false,5,62.41,33.15,24.7,0.0,52.4,117.17
berlin,Berlin,Germany,DE,2024-07-21,7,true,4,64.05,34.10,25.8,0.8,22.0,83.67
berlin,Berlin,Germany,DE,2024-07-23,2,false,10,207.97,106.31,20.8,2.8,73.9,117.75
berlin,Berlin,Germany,DE,2024-09-23,1,false,7,127.50,66.75,17.0,0.0,52.6,117.24
berlin,Berlin,Germany,DE,2024-10-02,3,false,11,154.74,79.98,9.7,5.0,57.6,88.01
berlin,Berlin,Germany,DE,2024-10-09,3,false,9,120.01,62.92,16.2,5.4,73.3,70.97
berlin,Berlin,Germany,DE,2024-10-29,2,false,8,172.29,86.46,13.0,0.4,50.8,85.26
berlin,Berlin,Germany,DE,2024-11-02,6,true,3,28.22,13.87,7.2,0.3,30.5,66.95
berlin,Berlin,Germany,DE,2024-11-30,6,true,6,98.45,50.26,2.7,0.0,24.7,51.96
berlin,Berlin,Germany,DE,2024-12-26,4,false,9,113.89,59.52,5.3,0.4,59.5,57.54
berlin,Berlin,Germany,DE,2025-01-12,7,true,7,136.88,68.55,-1.2,0.0,28.7,50.58
berlin,Berlin,Germany,DE,2025-01-27,1,false,6,146.74,73.74,7.8,1.7,49.6,48.55
berlin,Berlin,Germany,DE,2025-03-01,6,true,4,139.51,68.69,3.1,0.2,40.4,55.58
berlin,Berlin,Germany,DE,2025-03-05,3,false,11,218.14,114.70,6.9,0.0,70.5,61.26
berlin,Berlin,Germany,DE,2025-03-07,5,false,5,83.81,42.53,8.4,0.0,45.8,68.45
berlin,Berlin,Germany,DE,2025-03-16,7,true,7,166.28,85.52,3.5,0.6,31.0,46.03
berlin,Berlin,Germany,DE,2025-04-08,2,false,8,181.60,93.46,8.3,0.0,69.1,89.01
berlin,Berlin,Germany,DE,2025-04-17,4,false,7,69.92,35.88,20.0,0.0,65.4,88.80
berlin,Berlin,Germany,DE,2025-04-26,6,true,8,120.26,63.47,10.2,0.0,38.2,84.07
berlin,Berlin,Germany,DE,2025-04-28,1,false,11,145.22,75.62,14.4,0.0,51.0,86.50
berlin,Berlin,Germany,DE,2025-05-04,7,true,5,98.27,48.89,11.0,0.5,39.5,80.43
berlin,Berlin,Germany,DE,2025-05-05,1,false,8,114.85,57.28,8.9,0.0,53.7,72.97
berlin,Berlin,Germany,DE,2025-06-03,2,false,3,33.19,16.28,19.5,0.0,48.0,127.11
berlin,Berlin,Germany,DE,2025-08-12,2,false,8,163.77,83.12,22.0,0.0,66.9,120.01
berlin,Berlin,Germany,DE,2025-08-18,1,false,3,58.69,29.74,18.5,0.0,58.3,116.13
berlin,Berlin,Germany,DE,2025-08-31,7,true,8,125.63,65.71,19.0,0.0,39.7,109.64
berlin,Berlin,Germany,DE,2025-09-15,1,false,6,106.25,55.77,16.3,5.9,72.1,95.59
berlin,Berlin,Germany,DE,2025-09-20,6,true,6,131.73,69.00,20.6,0.0,34.0,78.17
berlin,Berlin,Germany,DE,2025-10-18,6,true,3,82.06,42.37,6.3,0.0,28.1,63.18
berlin,Berlin,Germany,DE,2025-11-04,2,false,6,92.52,45.97,10.4,0.0,51.4,79.14
berlin,Berlin,Germany,DE,2025-11-06,4,false,8,86.37,46.42,8.4,0.0,66.6,78.43
berlin,Berlin,Germany,DE,2025-11-10,1,false,8,154.51,78.96,7.7,0.2,48.9,82.43
berlin,Berlin,Germany,DE,2025-11-12,3,false,4,69.49,34.83,7.8,0.0,59.1,71.13
berlin,Berlin,Germany,DE,2025-11-13,4,false,4,94.56,49.09,11.0,0.0,44.1,62.03
berlin,Berlin,Germany,DE,2025-11-17,1,false,9,188.83,96.31,2.9,7.1,75.4,67.77
berlin,Berlin,Germany,DE,2025-12-02,2,false,8,100.57,54.33,0.8,0.0,50.5,60.35
berlin,Berlin,Germany,DE,2025-12-20,6,true,3,41.60,21.44,6.0,0.1,39.1,52.58
amsterdam,Amsterdam,Netherlands,NL,2024-02-26,1,false,9,114.65,57.70,4.9,0.2,62.5,68.68
amsterdam,Amsterdam,Netherlands,NL,2024-04-01,1,false,10,167.73,84.72,9.2,0.0,53.7,75.72
amsterdam,Amsterdam,Netherlands,NL,2024-04-24,3,false,5,91.14,43.93,6.2,4.8,67.6,104.41
amsterdam,Amsterdam,Netherlands,NL,2024-04-30,2,false,7,118.69,59.85,15.5,0.4,54.7,117.26
amsterdam,Amsterdam,Netherlands,NL,2024-06-04,2,false,10,135.17,67.49,15.4,4.0,59.6,92.80
amsterdam,Amsterdam,Netherlands,NL,2024-06-08,6,true,7,138.50,67.48,13.0,2.5,35.5,73.91
amsterdam,Amsterdam,Netherlands,NL,2024-06-11,2,false,6,130.63,68.04,11.7,5.1,73.8,92.45
amsterdam,Amsterdam,Netherlands,NL,2024-06-18,2,false,12,212.76,103.62,15.3,2.4,75.0,112.30
amsterdam,Amsterdam,Netherlands,NL,2024-07-12,5,false,7,120.33,59.26,14.5,10.8,63.9,137.58
amsterdam,Amsterdam,Netherlands,NL,2024-07-31,3,false,10,171.99,83.11,20.6,0.0,49.5,107.45
amsterdam,Amsterdam,Netherlands,NL,2024-08-05,1,false,8,138.90,72.21,18.5,0.0,56.4,138.93
amsterdam,Amsterdam,Netherlands,NL,2024-08-11,7,true,9,114.94,56.92,20.7,0.0,32.3,96.13
amsterdam,Amsterdam,Netherlands,NL,2024-08-19,1,false,10,264.81,131.80,18.1,0.0,49.4,102.47
amsterdam,Amsterdam,Netherlands,NL,2024-08-25,7,true,3,25.22,12.79,16.4,1.3,39.9,87.52
amsterdam,Amsterdam,Netherlands,NL,2024-09-03,2,false,14,180.71,91.66,19.3,5.2,64.5,120.39
amsterdam,Amsterdam,Netherlands,NL,2024-09-21,6,true,9,160.69,79.61,17.2,0.0,23.6,89.00
amsterdam,Amsterdam,Netherlands,NL,2024-10-23,3,false,7,57.46,28.55,11.0,0.3,72.5,84.45
amsterdam,Amsterdam,Netherlands,NL,2024-11-17,7,true,4,76.80,39.29,7.1,7.8,34.7,65.29
amsterdam,Amsterdam,Netherlands,NL,2024-11-25,1,false,9,119.92,61.28,12.3,5.7,73.0,78.91
amsterdam,Amsterdam,Netherlands,NL,2024-12-07,6,true,7,151.54,75.60,7.5,4.0,51.1,54.42
amsterdam,Amsterdam,Netherlands,NL,2024-12-10,2,false,5,125.44,66.11,4.9,0.0,38.8,69.11
amsterdam,Amsterdam,Netherlands,NL,2024-12-30,1,false,8,97.59,48.27,7.5,0.0,50.4,62.22
amsterdam,Amsterdam,Netherlands,NL,2025-01-05,7,true,8,94.95,46.81,5.0,22.3,37.2,44.97
amsterdam,Amsterdam,Netherlands,NL,2025-01-15,3,false,6,114.31,58.21,6.6,0.0,54.1,75.23
amsterdam,Amsterdam,Netherlands,NL,2025-01-26,7,true,4,60.04,29.05,3.5,2.5,20.9,41.86
amsterdam,Amsterdam,Netherlands,NL,2025-02-06,4,false,14,203.60,104.20,3.4,0.0,51.7,112.92
amsterdam,Amsterdam,Netherlands,NL,2025-02-09,7,true,9,130.78,66.57,3.4,0.0,28.8,92.70
amsterdam,Amsterdam,Netherlands,NL,2025-03-09,7,true,5,47.41,23.39,9.6,0.0,34.3,53.43
amsterdam,Amsterdam,Netherlands,NL,2025-03-12,3,false,8,176.10,91.13,4.5,1.6,63.2,94.08
amsterdam,Amsterdam,Netherlands,NL,2025-03-18,2,false,5,61.71,29.27,4.0,0.0,51.2,70.64
amsterdam,Amsterdam,Netherlands,NL,2025-05-08,4,false,8,128.51,65.30,12.3,0.1,59.7,90.31
amsterdam,Amsterdam,Netherlands,NL,2025-05-11,7,true,5,108.76,53.77,17.9,0.0,36.2,95.68
amsterdam,Amsterdam,Netherlands,NL,2025-06-12,4,false,11,175.16,87.00,19.0,0.0,49.0,121.37
amsterdam,Amsterdam,Netherlands,NL,2025-07-16,3,false,10,143.64,71.83,16.8,8.8,72.4,119.05
amsterdam,Amsterdam,Netherlands,NL,2025-07-25,5,false,8,142.63,68.79,19.0,0.3,65.7,122.69
amsterdam,Amsterdam,Netherlands,NL,2025-07-26,6,true,2,19.91,10.32,18.8,1.6,22.6,94.74
amsterdam,Amsterdam,Netherlands,NL,2025-08-09,6,true,4,93.44,47.30,17.2,0.0,20.6,106.34
amsterdam,Amsterdam,Netherlands,NL,2025-08-26,2,false,8,172.76,87.64,19.0,0.0,59.1,144.13
amsterdam,Amsterdam,Netherlands,NL,2025-09-14,7,true,7,89.28,46.40,14.5,4.7,24.2,77.26
amsterdam,Amsterdam,Netherlands,NL,2025-09-25,4,false,10,166.69,85.30,12.0,0.0,59.6,95.24
amsterdam,Amsterdam,Netherlands,NL,2025-11-03,1,false,8,104.60,51.90,10.6,0.0,43.6,81.67
amsterdam,Amsterdam,Netherlands,NL,2025-11-29,6,true,4,93.49,46.72,9.1,1.6,36.7,54.63
amsterdam,Amsterdam,Netherlands,NL,2025-12-09,2,false,9,132.70,63.71,12.2,4.6,72.7,74.77
amsterdam,Amsterdam,Netherlands,NL,2025-12-15,1,false,6,68.23,34.14,6.6,0.0,48.7,51.53
paris,Paris,France,FR,2024-02-12,1,false,17,321.60,138.40,5.8,0.5,57.4,62.03
paris,Paris,France,FR,2024-02-19,1,false,15,265.81,118.94,10.2,0.4,55.7,62.03
paris,Paris,France,FR,2024-02-23,5,false,17,372.80,160.25,5.9,1.5,63.7,55.03
paris,Paris,France,FR,2024-04-06,6,true,15,199.77,87.31,17.2,0.2,30.6,63.70
paris,Paris,France,FR,2024-04-10,3,false,6,153.61,68.46,10.1,0.0,57.4,77.04
paris,Paris,France,FR,2024-04-11,4,false,15,316.13,138.19,14.1,0.4,61.9,57.51
paris,Paris,France,FR,2024-05-07,2,false,14,236.32,102.44,13.5,1.2,51.8,86.71
paris,Paris,France,FR,2024-05-16,4,false,6,154.38,71.20,14.6,3.9,61.4,76.15
paris,Paris,France,FR,2024-05-22,3,false,18,283.57,121.10,14.8,1.4,63.0,78.70
paris,Paris,France,FR,2024-07-14,7,true,7,114.04,47.79,17.8,0.0,44.6,83.53
paris,Paris,France,FR,2024-07-15,1,false,12,211.65,93.21,20.2,0.2,56.6,99.26
paris,Paris,France,FR,2024-08-06,2,false,6,147.89,64.51,22.3,0.0,39.8,107.56
paris,Paris,France,FR,2024-10-06,7,true,11,176.03,78.12,13.3,4.5,33.3,66.68
paris,Paris,France,FR,2024-10-11,5,false,9,175.63,76.20,9.2,0.0,54.5,82.61
paris,Paris,France,FR,2024-11-10,7,true,8,147.27,61.06,9.9,0.6,39.5,56.81
paris,Paris,France,FR,2024-11-18,1,false,15,276.64,122.71,9.1,6.5,67.4,66.35
paris,Paris,France,FR,2024-11-29,5,false,13,195.25,85.23,3.6,0.0,70.8,53.33
paris,Paris,France,FR,2025-01-11,6,true,9,182.41,82.91,1.1,0.0,18.8,28.96
paris,Paris,France,FR,2025-02-04,2,false,11,191.04,82.78,1.4,0.0,59.0,89.16
paris,Paris,France,FR,2025-04-18,5,false,13,198.65,88.80,13.0,0.0,39.8,84.82
paris,Paris,France,FR,2025-05-06,2,false,12,198.48,88.72,11.3,0.0,62.3,104.58
paris,Paris,France,FR,2025-05-28,3,false,11,205.56,88.64,16.8,3.9,53.2,105.96
paris,Paris,France,FR,2025-06-24,2,false,12,170.97,74.81,22.6,0.0,55.9,97.46
paris,Paris,France,FR,2025-07-07,1,false,13,206.79,92.15,16.0,19.3,73.7,108.98
paris,Paris,France,FR,2025-08-28,4,false,18,286.26,124.71,19.8,0.5,47.1,86.50
paris,Paris,France,FR,2025-09-08,1,false,8,69.54,30.70,19.7,0.0,52.8,78.06
paris,Paris,France,FR,2025-09-29,1,false,10,155.77,67.66,13.9,0.0,58.7,92.61
paris,Paris,France,FR,2025-10-09,4,false,10,197.81,87.80,14.9,0.2,56.6,80.52
paris,Paris,France,FR,2025-11-24,1,false,15,241.69,107.08,7.1,4.6,72.3,66.27
paris,Paris,France,FR,2025-11-27,4,false,10,165.67,73.27,5.8,0.0,67.3,55.01
paris,Paris,France,FR,2025-12-25,4,false,12,152.92,67.58,-0.1,0.1,41.4,62.98
madrid,Madrid,Spain,ES,2024-01-11,4,false,10,175.82,71.14,3.7,0.0,45.5,41.45
madrid,Madrid,Spain,ES,2024-01-18,4,false,5,44.34,18.23,11.1,2.8,56.8,99.70
madrid,Madrid,Spain,ES,2024-01-29,1,false,7,86.41,35.09,9.0,0.0,57.6,37.43
madrid,Madrid,Spain,ES,2024-02-04,7,true,9,124.16,50.23,8.2,0.0,27.3,40.27
madrid,Madrid,Spain,ES,2024-02-17,6,true,8,137.34,54.21,8.7,0.0,30.4,28.87
madrid,Madrid,Spain,ES,2024-03-11,1,false,11,163.10,66.62,8.7,0.0,45.3,48.17
madrid,Madrid,Spain,ES,2024-03-31,7,true,2,47.63,19.07,6.8,9.5,42.2,50.01
madrid,Madrid,Spain,ES,2024-04-09,2,false,8,158.20,61.97,9.8,0.0,58.7,49.01
madrid,Madrid,Spain,ES,2024-04-29,1,false,10,180.12,72.60,11.8,0.5,44.7,74.40
madrid,Madrid,Spain,ES,2024-05-18,6,true,6,128.05,53.10,15.6,0.0,35.7,59.38
madrid,Madrid,Spain,ES,2024-05-19,7,true,8,170.43,68.65,15.0,2.1,42.1,63.55
madrid,Madrid,Spain,ES,2024-05-26,7,true,5,79.86,33.60,21.8,0.0,34.7,69.59
madrid,Madrid,Spain,ES,2024-06-03,1,false,10,167.81,65.17,21.5,1.4,70.8,77.46
madrid,Madrid,Spain,ES,2024-06-13,4,false,8,130.65,51.40,19.2,0.0,66.4,71.47
madrid,Madrid,Spain,ES,2024-07-07,7,true,7,113.78,45.33,24.3,0.0,28.2,75.39
madrid,Madrid,Spain,ES,2024-07-16,2,false,5,73.33,28.42,25.6,0.0,46.6,79.71
madrid,Madrid,Spain,ES,2024-08-09,5,false,7,95.58,40.11,32.2,0.0,49.3,85.45
madrid,Madrid,Spain,ES,2024-08-10,6,true,8,140.40,56.72,32.0,0.0,26.6,77.41
madrid,Madrid,Spain,ES,2024-08-24,6,true,7,102.99,42.25,29.0,0.0,19.8,60.58
madrid,Madrid,Spain,ES,2024-11-09,6,true,6,102.65,40.05,11.6,0.0,36.1,42.96
madrid,Madrid,Spain,ES,2024-11-13,3,false,10,129.66,51.58,6.6,6.2,54.8,58.21
madrid,Madrid,Spain,ES,2024-11-23,6,true,3,32.29,12.59,10.9,1.0,39.7,36.90
madrid,Madrid,Spain,ES,2024-12-14,6,true,9,177.35,70.15,3.5,0.0,28.3,39.44
madrid,Madrid,Spain,ES,2024-12-20,5,false,5,81.64,31.92,5.1,0.0,63.2,41.49
madrid,Madrid,Spain,ES,2024-12-28,6,true,4,93.10,36.63,4.3,0.0,35.2,39.45
madrid,Madrid,Spain,ES,2025-01-17,5,false,10,136.65,52.53,5.1,0.0,55.7,53.35
madrid,Madrid,Spain,ES,2025-01-30,4,false,8,61.89,24.07,6.3,0.0,50.4,38.84
madrid,Madrid,Spain,ES,2025-02-28,5,false,5,118.94,47.79,9.5,0.1,62.9,50.88
madrid,Madrid,Spain,ES,2025-03-10,1,false,6,92.67,35.69,7.4,11.1,70.1,59.00
madrid,Madrid,Spain,ES,2025-03-14,5,false,9,183.96,72.03,6.4,0.4,57.1,55.56
madrid,Madrid,Spain,ES,2025-04-13,7,true,5,75.86,30.91,13.2,8.6,32.6,57.37
madrid,Madrid,Spain,ES,2025-04-21,1,false,11,233.92,92.47,12.5,0.1,51.0,75.98
madrid,Madrid,Spain,ES,2025-05-23,5,false,2,48.26,19.67,17.4,0.0,48.2,67.27
madrid,Madrid,Spain,ES,2025-05-29,4,false,9,181.53,71.51,27.3,0.0,51.7,95.36
madrid,Madrid,Spain,ES,2025-05-31,6,true,5,77.89,31.72,27.4,0.0,27.5,65.79
madrid,Madrid,Spain,ES,2025-06-17,2,false,6,86.04,33.15,30.2,0.0,63.6,83.98
madrid,Madrid,Spain,ES,2025-07-19,6,true,3,22.98,8.70,25.9,0.0,27.9,88.67
madrid,Madrid,Spain,ES,2025-08-29,5,false,4,55.06,21.79,22.8,0.0,72.3,87.01
madrid,Madrid,Spain,ES,2025-09-04,4,false,6,81.17,32.56,24.4,0.0,48.3,62.33
madrid,Madrid,Spain,ES,2025-09-06,6,true,13,196.24,81.53,26.1,0.0,12.1,57.31
madrid,Madrid,Spain,ES,2025-09-12,5,false,14,288.17,114.91,24.5,0.0,40.4,73.44
madrid,Madrid,Spain,ES,2025-10-12,7,true,9,189.47,74.76,18.5,0.0,12.0,55.73
madrid,Madrid,Spain,ES,2025-10-25,6,true,13,210.57,83.66,17.4,0.9,28.5,50.32
madrid,Madrid,Spain,ES,2025-10-29,3,false,8,110.82,44.53,12.4,20.6,59.8,65.72
madrid,Madrid,Spain,ES,2025-11-21,5,false,10,218.18,86.48,5.4,0.2,46.7,46.40
madrid,Madrid,Spain,ES,2025-11-25,2,false,8,64.68,25.78,8.0,0.0,49.9,53.45
madrid,Madrid,Spain,ES,2025-12-19,5,false,8,131.63,51.27,8.2,1.1,50.2,50.79
madrid,Madrid,Spain,ES,2025-12-28,7,true,5,103.11,40.43,6.9,0.3,33.3,37.67
warsaw,Warsaw,Poland,PL,2024-01-10,3,false,9,202.36,74.72,-5.7,0.0,45.3,50.99
warsaw,Warsaw,Poland,PL,2024-01-12,5,false,11,178.49,62.84,-3.1,0.5,51.5,58.21
warsaw,Warsaw,Poland,PL,2024-02-05,1,false,14,219.37,77.45,5.3,10.8,57.8,44.10
warsaw,Warsaw,Poland,PL,2024-03-01,5,false,9,167.76,61.00,8.6,0.2,56.2,49.53
warsaw,Warsaw,Poland,PL,2024-03-10,7,true,4,95.80,36.60,5.7,1.0,32.7,55.28
warsaw,Warsaw,Poland,PL,2024-04-04,4,false,17,229.48,81.82,7.5,4.0,77.1,65.13
warsaw,Warsaw,Poland,PL,2024-04-22,1,false,11,130.25,47.54,4.1,0.3,65.1,75.02
warsaw,Warsaw,Poland,PL,2024-05-13,1,false,11,153.82,48.71,13.4,0.0,58.0,92.50
warsaw,Warsaw,Poland,PL,2024-05-15,3,false,14,227.68,79.53,15.0,0.0,58.6,104.94
warsaw,Warsaw,Poland,PL,2024-06-05,3,false,8,110.69,33.75,19.1,0.0,54.7,113.09
warsaw,Warsaw,Poland,PL,2024-06-07,5,false,3,50.10,17.54,18.4,5.3,75.1,117.35
warsaw,Warsaw,Poland,PL,2024-06-28,5,false,9,115.97,42.06,24.4,8.4,64.9,114.60
warsaw,Warsaw,Poland,PL,2024-07-06,6,true,10,138.34,48.74,23.4,0.0,31.0,66.44
warsaw,Warsaw,Poland,PL,2024-08-15,4,false,7,114.53,41.00,23.2,0.0,59.5,111.18
warsaw,Warsaw,Poland,PL,2024-08-26,1,false,8,106.71,33.55,19.3,0.8,50.9,89.02
warsaw,Warsaw,Poland,PL,2024-09-19,4,false,18,332.09,113.45,17.0,0.0,52.6,103.27
warsaw,Warsaw,Poland,PL,2024-09-25,3,false,8,133.05,47.00,17.2,0.0,57.4,69.90
warsaw,Warsaw,Poland,PL,2024-09-30,1,false,6,98.81,33.52,8.9,0.0,44.4,66.51
warsaw,Warsaw,Poland,PL,2025-01-23,4,false,7,140.18,49.27,1.0,0.1,64.0,47.14
warsaw,Warsaw,Poland,PL,2025-01-28,2,false,9,144.67,51.12,7.4,0.0,56.2,52.47
warsaw,Warsaw,Poland,PL,2025-01-31,5,false,10,213.20,77.56,3.7,1.1,60.4,40.00
warsaw,Warsaw,Poland,PL,2025-02-24,1,false,14,232.88,81.53,1.9,0.0,54.3,57.64
warsaw,Warsaw,Poland,PL,2025-03-29,6,true,8,128.70,48.76,10.4,0.0,25.0,61.89
warsaw,Warsaw,Poland,PL,2025-04-10,4,false,9,168.54,60.96,2.8,1.0,59.3,72.89
warsaw,Warsaw,Poland,PL,2025-05-01,4,false,9,157.45,55.07,14.9,0.0,54.1,89.78
warsaw,Warsaw,Poland,PL,2025-05-13,2,false,8,149.78,52.48,11.5,1.1,46.5,98.11
warsaw,Warsaw,Poland,PL,2025-05-16,5,false,11,176.40,63.43,6.7,9.6,78.3,103.49
warsaw,Warsaw,Poland,PL,2025-05-22,4,false,10,156.95,54.94,14.9,6.8,76.6,88.43
warsaw,Warsaw,Poland,PL,2025-07-05,6,true,6,134.46,47.90,21.1,0.0,39.0,72.73
warsaw,Warsaw,Poland,PL,2025-07-08,2,false,8,195.39,70.20,18.8,8.4,71.3,105.27
warsaw,Warsaw,Poland,PL,2025-07-24,4,false,19,397.90,141.09,20.7,0.5,56.5,107.45
warsaw,Warsaw,Poland,PL,2025-08-05,2,false,11,204.52,75.46,19.9,8.5,63.3,116.15
warsaw,Warsaw,Poland,PL,2025-08-19,2,false,9,114.88,42.77,18.2,0.0,54.9,94.26
warsaw,Warsaw,Poland,PL,2025-09-26,5,false,11,134.67,47.51,10.1,0.0,55.8,89.65
warsaw,Warsaw,Poland,PL,2025-10-08,3,false,13,189.52,67.08,9.1,0.0,57.3,87.72
warsaw,Warsaw,Poland,PL,2025-10-14,2,false,11,165.15,58.78,7.9,0.4,56.6,77.22
warsaw,Warsaw,Poland,PL,2025-10-17,5,false,8,140.40,49.77,10.3,0.4,57.6,71.67
warsaw,Warsaw,Poland,PL,2025-10-20,1,false,12,180.64,64.28,3.7,0.0,62.7,85.28
warsaw,Warsaw,Poland,PL,2025-11-01,6,true,4,56.51,19.99,7.3,0.0,21.3,59.93
warsaw,Warsaw,Poland,PL,2025-11-05,3,false,7,99.62,35.95,7.1,0.0,63.5,78.35
warsaw,Warsaw,Poland,PL,2025-11-16,7,true,12,206.44,74.44,4.4,5.9,21.1,58.21
warsaw,Warsaw,Poland,PL,2025-11-19,3,false,18,288.02,103.66,1.8,0.0,65.0,67.61
warsaw,Warsaw,Poland,PL,2025-11-20,4,false,17,320.37,113.31,0.6,0.1,39.0,69.26
warsaw,Warsaw,Poland,PL,2025-11-22,6,true,7,109.78,40.57,-0.3,0.0,25.7,51.47
stockholm,Stockholm,Sweden,SE,2024-01-30,2,false,13,241.72,90.91,0.9,4.5,71.2,27.20
stockholm,Stockholm,Sweden,SE,2024-02-20,2,false,12,176.74,65.98,0.3,0.0,60.0,31.56
stockholm,Stockholm,Sweden,SE,2024-03-02,6,true,5,67.52,25.38,3.5,3.1,30.5,30.56
stockholm,Stockholm,Sweden,SE,2024-03-07,4,false,10,172.25,66.52,0.1,0.0,62.8,30.03
stockholm,Stockholm,Sweden,SE,2024-04-13,6,true,4,55.27,20.79,9.3,1.2,17.4,37.32
stockholm,Stockholm,Sweden,SE,2024-04-27,6,true,9,115.18,44.08,3.7,2.5,34.1,41.08
stockholm,Stockholm,Sweden,SE,2024-05-21,2,false,4,121.70,48.11,12.4,0.0,56.0,58.56
stockholm,Stockholm,Sweden,SE,2024-06-01,6,true,5,100.50,37.33,20.9,2.6,38.3,51.34
stockholm,Stockholm,Sweden,SE,2024-06-15,6,true,6,102.04,38.38,14.2,1.8,24.7,48.71
stockholm,Stockholm,Sweden,SE,2024-06-30,7,true,3,28.15,11.20,15.3,14.2,35.3,48.83
stockholm,Stockholm,Sweden,SE,2024-08-14,3,false,13,181.40,65.84,18.9,1.7,56.7,54.95
stockholm,Stockholm,Sweden,SE,2024-08-21,3,false,7,126.54,49.39,16.9,8.6,58.9,55.44
stockholm,Stockholm,Sweden,SE,2024-08-30,5,false,2,39.26,16.12,18.6,0.6,42.7,60.60
stockholm,Stockholm,Sweden,SE,2024-09-20,5,false,8,137.70,53.85,14.7,0.0,39.2,49.40
stockholm,Stockholm,Sweden,SE,2024-09-29,7,true,9,200.12,76.33,7.1,0.0,31.6,47.45
stockholm,Stockholm,Sweden,SE,2024-10-21,1,false,13,228.52,86.84,13.0,0.4,63.5,45.40
stockholm,Stockholm,Sweden,SE,2024-11-16,6,true,4,106.32,39.24,7.7,0.1,28.3,26.25
stockholm,Stockholm,Sweden,SE,2024-11-22,5,false,11,265.01,102.31,-5.8,0.0,51.4,46.15
stockholm,Stockholm,Sweden,SE,2024-11-26,2,false,7,188.90,72.77,6.0,0.4,59.8,35.44
stockholm,Stockholm,Sweden,SE,2024-11-27,3,false,9,244.76,91.49,4.4,0.2,51.9,35.21
stockholm,Stockholm,Sweden,SE,2024-12-02,1,false,3,34.82,13.18,4.4,2.8,59.7,30.32
stockholm,Stockholm,Sweden,SE,2024-12-31,2,false,15,273.62,103.70,-2.6,2.9,61.8,28.70
stockholm,Stockholm,Sweden,SE,2025-01-07,2,false,12,298.28,115.07,2.0,2.6,67.9,29.48
stockholm,Stockholm,Sweden,SE,2025-01-19,7,true,4,98.33,37.61,1.6,0.0,30.9,29.54
stockholm,Stockholm,Sweden,SE,2025-01-20,1,false,12,277.34,104.40,0.3,0.4,55.8,30.60
stockholm,Stockholm,Sweden,SE,2025-01-21,2,false,10,143.27,55.61,1.3,1.6,68.2,36.29
stockholm,Stockholm,Sweden,SE,2025-02-03,1,false,11,171.94,65.59,-1.8,0.0,52.1,54.48
stockholm,Stockholm,Sweden,SE,2025-02-08,6,true,8,203.31,74.05,0.0,0.0,27.7,45.43
stockholm,Stockholm,Sweden,SE,2025-02-10,1,false,11,228.98,85.28,-2.4,0.0,61.0,49.68
stockholm,Stockholm,Sweden,SE,2025-02-11,2,false,10,149.82,56.65,-2.5,0.0,60.6,60.44
stockholm,Stockholm,Sweden,SE,2025-02-12,3,false,7,179.35,69.57,-2.1,0.0,59.4,65.04
stockholm,Stockholm,Sweden,SE,2025-04-27,7,true,9,141.82,50.46,8.9,0.0,22.3,44.14
stockholm,Stockholm,Sweden,SE,2025-05-10,6,true,6,104.94,40.14,6.6,0.0,28.5,44.73
stockholm,Stockholm,Sweden,SE,2025-05-15,4,false,10,219.80,84.15,9.7,0.6,54.0,52.13
stockholm,Stockholm,Sweden,SE,2025-05-17,6,true,4,53.66,20.11,8.5,3.9,40.9,48.27
stockholm,Stockholm,Sweden,SE,2025-06-06,5,false,6,55.17,22.30,14.3,6.9,68.2,61.26
stockholm,Stockholm,Sweden,SE,2025-06-15,7,true,3,53.88,20.14,20.2,0.0,41.3,58.29
stockholm,Stockholm,Sweden,SE,2025-07-02,3,false,9,183.23,67.82,19.7,0.6,65.9,59.11
stockholm,Stockholm,Sweden,SE,2025-07-17,4,false,5,62.59,23.62,21.7,0.0,70.4,72.73
stockholm,Stockholm,Sweden,SE,2025-08-25,1,false,8,84.25,31.72,12.4,0.5,59.6,69.25
stockholm,Stockholm,Sweden,SE,2025-09-16,2,false,4,76.75,30.16,14.1,2.4,53.5,43.57
stockholm,Stockholm,Sweden,SE,2025-10-16,4,false,11,141.34,54.56,7.6,0.0,54.0,56.29
stockholm,Stockholm,Sweden,SE,2025-10-23,4,false,11,147.22,54.83,10.7,0.3,63.4,43.47
stockholm,Stockholm,Sweden,SE,2025-11-08,6,true,6,114.38,43.26,5.5,0.0,48.9,22.73
stockholm,Stockholm,Sweden,SE,2025-12-16,2,false,11,158.77,61.15,6.1,0.0,61.1,31.30
stockholm,Stockholm,Sweden,SE,2025-12-23,2,false,9,115.01,44.75,-1.6,0.2,53.9,33.27
stockholm,Stockholm,Sweden,SE,2025-12-24,3,false,10,191.33,71.81,-2.4,0.0,54.7,30.48
stockholm,Stockholm,Sweden,SE,2025-12-29,1,false,8,212.94,80.40,-1.2,0.1,36.4,29.48
oslo,Oslo,Norway,NO,2024-01-30,2,false,10,177.75,56.76,-2.7,4.5,65.2,26.16
oslo,Oslo,Norway,NO,2024-02-20,2,false,6,122.90,38.51,-3.3,3.0,60.1,31.19
oslo,Oslo,Norway,NO,2024-03-02,6,true,10,192.67,62.21,2.6,6.3,38.1,27.53
oslo,Oslo,Norway,NO,2024-03-07,4,false,15,356.86,117.16,-1.2,0.0,59.1,34.15
oslo,Oslo,Norway,NO,2024-04-13,6,true,3,36.99,12.48,8.8,0.5,38.5,34.67
oslo,Oslo,Norway,NO,2024-04-27,6,true,6,113.56,36.98,5.4,0.1,40.2,37.95
oslo,Oslo,Norway,NO,2024-05-21,2,false,7,95.06,30.61,16.9,0.0,53.5,55.01
oslo,Oslo,Norway,NO,2024-06-01,6,true,12,154.46,49.27,19.6,0.3,29.8,46.76
oslo,Oslo,Norway,NO,2024-06-15,6,true,11,209.48,66.53,14.1,12.5,33.5,42.92
oslo,Oslo,Norway,NO,2024-06-30,7,true,7,121.25,40.05,14.7,0.4,29.2,54.33
oslo,Oslo,Norway,NO,2024-08-14,3,false,11,154.72,49.46,17.4,0.8,52.6,49.26
oslo,Oslo,Norway,NO,2024-08-21,3,false,8,195.37,62.84,15.0,18.8,64.2,53.78
oslo,Oslo,Norway,NO,2024-08-30,5,false,9,183.42,56.85,14.9,0.9,51.0,34.73
oslo,Oslo,Norway,NO,2024-09-20,5,false,10,178.32,58.66,11.5,0.0,44.9,41.85
oslo,Oslo,Norway,NO,2024-09-29,7,true,7,100.76,31.16,6.3,0.0,39.6,37.39
oslo,Oslo,Norway,NO,2024-10-21,1,false,12,166.10,52.18,11.1,1.4,53.1,43.27
oslo,Oslo,Norway,NO,2024-11-16,6,true,6,63.82,20.18,6.0,0.0,30.6,34.28
oslo,Oslo,Norway,NO,2024-11-22,5,false,7,180.34,55.21,-4.8,0.0,63.4,35.13
oslo,Oslo,Norway,NO,2024-11-26,2,false,10,138.58,45.18,4.1,2.7,65.5,33.45
oslo,Oslo,Norway,NO,2024-11-27,3,false,9,242.07,77.58,1.9,0.1,48.4,24.85
oslo,Oslo,Norway,NO,2024-12-02,1,false,9,231.48,72.27,5.1,7.6,69.3,21.85
oslo,Oslo,Norway,NO,2024-12-31,2,false,11,186.30,59.10,-2.4,7.3,60.5,26.16
oslo,Oslo,Norway,NO,2025-01-07,2,false,9,158.80,45.32,0.5,25.4,79.4,25.71
oslo,Oslo,Norway,NO,2025-01-19,7,true,10,232.62,72.98,-0.1,0.0,27.5,20.28
oslo,Oslo,Norway,NO,2025-01-20,1,false,17,417.67,132.21,-0.8,0.2,59.8,22.91
oslo,Oslo,Norway,NO,2025-01-21,2,false,13,180.77,57.83,-2.2,1.6,64.4,28.35
oslo,Oslo,Norway,NO,2025-02-03,1,false,5,59.33,19.42,-1.7,2.8,59.0,40.06
oslo,Oslo,Norway,NO,2025-02-08,6,true,8,175.59,54.05,-2.7,2.4,37.6,36.49
oslo,Oslo,Norway,NO,2025-02-10,1,false,10,235.70,76.69,-7.5,0.0,60.2,42.91
oslo,Oslo,Norway,NO,2025-02-11,2,false,13,265.44,84.97,-6.9,0.0,60.5,51.99
oslo,Oslo,Norway,NO,2025-02-12,3,false,6,191.88,59.17,-9.0,0.0,59.8,49.78
oslo,Oslo,Norway,NO,2025-04-27,7,true,11,195.38,62.70,9.2,0.1,39.1,37.56
oslo,Oslo,Norway,NO,2025-05-10,6,true,8,124.27,39.71,14.0,0.0,25.1,38.68
oslo,Oslo,Norway,NO,2025-05-15,4,false,9,127.29,39.70,13.3,0.0,48.6,50.50
oslo,Oslo,Norway,NO,2025-05-17,6,true,4,76.45,23.94,14.9,0.0,33.8,41.30
oslo,Oslo,Norway,NO,2025-06-06,5,false,9,86.06,28.74,12.1,19.9,71.5,46.25
oslo,Oslo,Norway,NO,2025-06-15,7,true,8,103.26,32.94,15.9,0.7,22.6,43.64
oslo,Oslo,Norway,NO,2025-07-02,3,false,9,147.10,47.17,18.0,5.9,59.0,63.21
oslo,Oslo,Norway,NO,2025-07-17,4,false,8,162.69,48.68,24.0,0.0,51.3,53.65
oslo,Oslo,Norway,NO,2025-08-25,1,false,11,267.12,84.57,14.0,0.0,43.3,47.16
oslo,Oslo,Norway,NO,2025-09-16,2,false,4,62.52,19.83,12.7,8.4,61.0,42.99
oslo,Oslo,Norway,NO,2025-10-16,4,false,8,124.22,39.64,7.2,0.2,62.2,36.42
oslo,Oslo,Norway,NO,2025-10-23,4,false,9,133.74,43.11,9.2,1.3,51.9,41.95
oslo,Oslo,Norway,NO,2025-11-08,6,true,7,166.91,52.31,7.7,0.2,27.7,32.47
oslo,Oslo,Norway,NO,2025-12-16,2,false,8,108.95,36.28,7.4,2.8,59.5,33.82
oslo,Oslo,Norway,NO,2025-12-23,2,false,10,210.25,68.42,-1.6,0.0,42.8,36.40
oslo,Oslo,Norway,NO,2025-12-24,3,false,14,283.03,89.25,-5.2,0.0,57.0,27.99
oslo,Oslo,Norway,NO,2025-12-29,1,false,9,205.30,66.48,-3.8,0.0,51.2,30.00
copenhagen,Copenhagen,Denmark,DK,2024-01-11,4,false,9,123.03,59.78,0.1,0.0,55.7,44.08
copenhagen,Copenhagen,Denmark,DK,2024-01-18,4,false,12,205.71,99.93,-2.0,0.1,63.5,87.75
copenhagen,Copenhagen,Denmark,DK,2024-01-29,1,false,4,32.92,14.85,3.7,0.0,59.4,43.20
copenhagen,Copenhagen,Denmark,DK,2024-02-04,7,true,5,102.90,48.55,5.8,2.1,38.6,44.83
copenhagen,Copenhagen,Denmark,DK,2024-02-17,6,true,3,74.94,35.63,3.7,0.0,34.8,40.66
copenhagen,Copenhagen,Denmark,DK,2024-03-11,1,false,7,144.01,69.43,3.9,0.6,68.0,46.76
copenhagen,Copenhagen,Denmark,DK,2024-03-31,7,true,5,42.48,20.38,7.9,0.2,21.6,49.70
copenhagen,Copenhagen,Denmark,DK,2024-04-09,2,false,8,121.34,56.67,9.7,4.0,62.7,45.92
copenhagen,Copenhagen,Denmark,DK,2024-04-29,1,false,9,137.81,64.62,10.4,0.0,60.7,78.69
copenhagen,Copenhagen,Denmark,DK,2024-05-18,6,true,6,81.85,37.80,15.9,0.0,32.5,73.16
copenhagen,Copenhagen,Denmark,DK,2024-05-19,7,true,6,77.20,36.80,15.1,0.1,34.8,64.73
copenhagen,Copenhagen,Denmark,DK,2024-05-26,7,true,6,80.46,38.73,16.5,1.6,32.8,73.77
copenhagen,Copenhagen,Denmark,DK,2024-06-03,1,false,4,48.86,22.72,15.9,0.3,43.8,94.49
copenhagen,Copenhagen,Denmark,DK,2024-06-13,4,false,10,129.44,63.27,11.7,1.0,55.9,88.37
copenhagen,Copenhagen,Denmark,DK,2024-07-07,7,true,5,96.34,45.67,15.9,1.5,33.0,87.34
copenhagen,Copenhagen,Denmark,DK,2024-07-16,2,false,10,89.76,42.24,17.3,1.3,54.7,86.84
copenhagen,Copenhagen,Denmark,DK,2024-08-09,5,false,12,217.05,102.99,18.2,11.2,64.9,97.57
copenhagen,Copenhagen,Denmark,DK,2024-08-10,6,true,8,110.98,54.06,18.1,0.2,25.2,84.56
copenhagen,Copenhagen,Denmark,DK,2024-08-24,6,true,3,31.83,15.24,18.7,0.0,25.9,80.84
copenhagen,Copenhagen,Denmark,DK,2024-11-09,6,true,5,53.22,25.60,7.3,0.0,23.9,54.79
copenhagen,Copenhagen,Denmark,DK,2024-11-13,3,false,9,173.00,83.73,7.1,0.2,42.0,52.19
copenhagen,Copenhagen,Denmark,DK,2024-11-23,6,true,8,97.50,46.98,2.8,2.2,21.9,38.77
copenhagen,Copenhagen,Denmark,DK,2024-12-14,6,true,3,60.27,27.61,2.9,0.9,37.7,43.91
copenhagen,Copenhagen,Denmark,DK,2024-12-20,5,false,12,198.67,97.78,5.0,0.0,63.8,37.64
copenhagen,Copenhagen,Denmark,DK,2024-12-28,6,true,4,88.58,42.87,4.3,0.0,25.2,32.66
copenhagen,Copenhagen,Denmark,DK,2025-01-17,5,false,10,162.70,78.26,4.1,0.0,54.5,39.23
copenhagen,Copenhagen,Denmark,DK,2025-01-30,4,false,10,179.24,85.45,5.3,0.0,51.8,46.69
copenhagen,Copenhagen,Denmark,DK,2025-02-28,5,false,8,113.54,54.62,3.5,1.7,48.9,61.69
copenhagen,Copenhagen,Denmark,DK,2025-03-10,1,false,13,138.61,67.51,6.3,0.0,61.9,57.96
copenhagen,Copenhagen,Denmark,DK,2025-03-14,5,false,10,240.75,112.18,1.7,0.3,45.5,54.23
copenhagen,Copenhagen,Denmark,DK,2025-04-13,7,true,7,112.84,53.05,10.2,0.5,21.8,53.39
copenhagen,Copenhagen,Denmark,DK,2025-04-21,1,false,10,132.36,64.63,8.5,0.0,49.5,59.80
copenhagen,Copenhagen,Denmark,DK,2025-05-23,5,false,7,177.03,86.32,9.2,2.0,64.5,96.37
copenhagen,Copenhagen,Denmark,DK,2025-05-29,4,false,7,71.15,34.64,12.9,0.1,47.9,97.59
copenhagen,Copenhagen,Denmark,DK,2025-05-31,6,true,8,148.67,69.65,15.2,0.1,30.4,66.60
copenhagen,Copenhagen,Denmark,DK,2025-06-17,2,false,12,144.04,69.85,18.4,0.0,44.2,89.43
copenhagen,Copenhagen,Denmark,DK,2025-07-19,6,true,8,130.64,63.13,19.9,0.0,32.4,65.85
copenhagen,Copenhagen,Denmark,DK,2025-08-29,5,false,7,101.01,47.17,18.3,0.7,65.8,73.23
copenhagen,Copenhagen,Denmark,DK,2025-09-04,4,false,7,86.09,39.84,20.1,0.1,44.0,80.71
copenhagen,Copenhagen,Denmark,DK,2025-09-06,6,true,9,143.71,70.60,16.1,0.0,26.2,73.04
copenhagen,Copenhagen,Denmark,DK,2025-09-12,5,false,4,44.20,21.06,15.8,1.4,54.0,92.67
copenhagen,Copenhagen,Denmark,DK,2025-10-12,7,true,7,122.52,58.28,13.0,0.1,15.8,59.85
copenhagen,Copenhagen,Denmark,DK,2025-10-25,6,true,3,50.63,26.56,9.8,3.2,49.5,48.69
copenhagen,Copenhagen,Denmark,DK,2025-10-29,3,false,8,80.05,36.89,10.5,4.0,63.6,45.67
copenhagen,Copenhagen,Denmark,DK,2025-11-21,5,false,8,241.68,115.77,1.2,0.0,53.3,42.90
copenhagen,Copenhagen,Denmark,DK,2025-11-25,2,false,3,64.00,30.64,4.1,0.9,61.1,60.69
copenhagen,Copenhagen,Denmark,DK,2025-12-19,5,false,7,111.00,52.91,8.5,0.1,49.1,50.54
copenhagen,Copenhagen,Denmark,DK,2025-12-28,7,true,5,58.19,27.26,3.0,0.0,27.3,43.88
berlin,Berlin,Germany,DE,2024-02-26,1,false,11,172.76,88.83,4.9,0.0,55.8,61.26
berlin,Berlin,Germany,DE,2024-04-01,1,false,7,77.68,41.61,12.8,0.1,39.4,74.58
berlin,Berlin,Germany,DE,2024-04-24,3,false,10,166.69,84.60,5.7,0.5,58.8,68.07
berlin,Berlin,Germany,DE,2024-04-30,2,false,8,79.44,39.92,18.9,0.0,48.8,59.55
berlin,Berlin,Germany,DE,2024-06-04,2,false,3,52.40,28.87,16.2,0.3,41.4,97.30
berlin,Berlin,Germany,DE,2024-06-08,6,true,9,120.73,61.19,17.5,0.0,29.3,90.44
berlin,Berlin,Germany,DE,2024-06-11,2,false,8,133.82,72.06,13.3,2.2,55.3,112.30
berlin,Berlin,Germany,DE,2024-06-18,2,false,5,90.84,45.23,19.7,5.8,67.6,138.67
berlin,Berlin,Germany,DE,2024-07-12,5,false,6,73.76,38.07,21.5,2.6,62.6,131.87
berlin,Berlin,Germany,DE,2024-07-31,3,false,12,175.52,91.84,22.5,0.0,60.3,106.61
berlin,Berlin,Germany,DE,2024-08-05,1,false,7,134.53,70.14,18.5,0.1,50.6,105.11
berlin,Berlin,Germany,DE,2024-08-11,7,true,9,132.27,67.58,20.6,0.0,26.6,100.09
berlin,Berlin,Germany,DE,2024-08-18,7,true,3,80.07,41.68,20.5,0.1,31.5,84.43
berlin,Berlin,Germany,DE,2024-08-19,1,false,9,119.60,61.60,19.3,0.0,46.0,92.81
berlin,Berlin,Germany,DE,2024-08-25,7,true,2,20.61,10.24,20.9,0.0,31.8,92.03
berlin,Berlin,Germany,DE,2024-09-03,2,false,9,163.85,84.31,24.8,0.1,55.9,124.88
berlin,Berlin,Germany,DE,2024-09-21,6,true,5,71.71,37.38,16.4,0.0,35.0,84.00
berlin,Berlin,Germany,DE,2024-10-23,3,false,3,24.99,13.17,9.9,0.0,73.3,88.82
berlin,Berlin,Germany,DE,2024-11-17,7,true,10,185.69,94.57,5.9,3.7,47.1,51.76
berlin,Berlin,Germany,DE,2024-11-25,1,false,9,109.82,55.24,12.4,0.1,62.2,65.59
berlin,Berlin,Germany,DE,2024-12-07,6,true,8,110.63,56.74,5.2,3.4,38.9,61.40
berlin,Berlin,Germany,DE,2024-12-10,2,false,7,202.62,107.81,2.8,0.1,55.3,52.27
berlin,Berlin,Germany,DE,2024-12-30,1,false,5,120.60,64.05,2.4,0.0,52.2,53.76
berlin,Berlin,Germany,DE,2025-01-05,7,true,6,103.28,54.31,-0.9,10.1,48.9,57.48
berlin,Berlin,Germany,DE,2025-01-15,3,false,8,139.34,70.57,2.7,0.1,68.6,57.51
berlin,Berlin,Germany,DE,2025-01-26,7,true,4,75.99,39.42,6.5,7.9,37.1,48.57
berlin,Berlin,Germany,DE,2025-02-06,4,false,8,140.14,72.73,3.2,0.0,60.6,103.79
berlin,Berlin,Germany,DE,2025-02-09,7,true,6,119.08,61.02,0.0,0.0,16.9,87.07
berlin,Berlin,Germany,DE,2025-03-09,7,true,9,181.98,96.40,8.1,0.0,26.8,58.43
berlin,Berlin,Germany,DE,2025-03-12,3,false,9,184.90,96.30,5.2,2.1,64.5,64.09
berlin,Berlin,Germany,DE,2025-03-18,2,false,9,152.44,81.65,1.7,0.0,62.1,70.89
berlin,Berlin,Germany,DE,2025-05-08,4,false,7,81.33,43.30,11.5,0.0,53.3,93.30
berlin,Berlin,Germany,DE,2025-05-11,7,true,5,54.44,27.87,12.4,0.0,35.2,84.91
berlin,Berlin,Germany,DE,2025-06-12,4,false,14,212.23,109.10,16.7,0.0,61.9,116.94
berlin,Berlin,Germany,DE,2025-07-16,3,false,6,99.96,50.96,17.3,5.6,50.8,119.37
berlin,Berlin,Germany,DE,2025-07-25,5,false,9,136.05,69.97,19.8,7.8,55.6,133.26
berlin,Berlin,Germany,DE,2025-07-26,6,true,9,131.71,66.32,18.8,0.6,18.3,91.56
berlin,Berlin,Germany,DE,2025-08-09,6,true,4,47.18,24.34,22.0,0.0,22.0,92.28
berlin,Berlin,Germany,DE,2025-08-26,2,false,5,61.40,32.49,15.7,0.0,58.2,112.14
berlin,Berlin,Germany,DE,2025-09-14,7,true,6,127.09,66.88,15.1,0.9,59.1,92.33
berlin,Berlin,Germany,DE,2025-09-25,4,false,8,125.82,65.31,11.3,0.3,54.9,92.35
berlin,Berlin,Germany,DE,2025-11-03,1,false,11,209.09,106.92,9.7,0.5,65.0,77.27
berlin,Berlin,Germany,DE,2025-11-29,6,true,6,92.73,47.58,6.2,0.6,34.9,57.71
berlin,Berlin,Germany,DE,2025-12-09,2,false,5,162.87,83.99,10.8,5.1,73.8,66.99
berlin,Berlin,Germany,DE,2025-12-15,1,false,4,120.01,63.81,4.2,0.0,40.2,66.39
amsterdam,Amsterdam,Netherlands,NL,2024-03-08,5,false,9,151.42,77.64,5.0,0.0,47.6,64.09
amsterdam,Amsterdam,Netherlands,NL,2024-03-13,3,false,8,140.17,69.30,10.7,1.2,49.1,73.23
amsterdam,Amsterdam,Netherlands,NL,2024-03-23,6,true,8,175.02,88.43,6.2,3.4,34.1,56.26
amsterdam,Amsterdam,Netherlands,NL,2024-03-29,5,false,14,220.39,108.58,10.5,0.8,57.0,70.40
amsterdam,Amsterdam,Netherlands,NL,2024-05-12,7,true,8,143.43,71.12,18.3,0.0,36.4,106.95
amsterdam,Amsterdam,Netherlands,NL,2024-05-14,2,false,4,62.47,31.86,19.4,0.4,50.6,103.38
amsterdam,Amsterdam,Netherlands,NL,2024-06-16,7,true,6,67.22,33.71,14.1,6.7,33.7,104.81
amsterdam,Amsterdam,Netherlands,NL,2024-07-09,2,false,8,134.61,68.27,20.0,5.4,62.6,115.31
amsterdam,Amsterdam,Netherlands,NL,2024-07-21,7,true,7,122.83,62.39,19.3,15.8,40.9,107.05
amsterdam,Amsterdam,Netherlands,NL,2024-07-23,2,false,7,95.59,47.70,18.3,3.4,61.5,109.65
amsterdam,Amsterdam,Netherlands,NL,2024-09-23,1,false,6,65.66,31.37,16.5,2.3,59.5,92.10
amsterdam,Amsterdam,Netherlands,NL,2024-10-02,3,false,9,180.13,90.78,11.9,2.1,53.0,94.10
amsterdam,Amsterdam,Netherlands,NL,2024-10-09,3,false,7,106.16,52.73,13.4,1.6,67.3,90.60
amsterdam,Amsterdam,Netherlands,NL,2024-10-29,2,false,8,145.94,70.52,13.9,2.2,58.3,86.86
amsterdam,Amsterdam,Netherlands,NL,2024-11-02,6,true,5,121.69,62.28,10.6,0.0,31.3,51.95
amsterdam,Amsterdam,Netherlands,NL,2024-11-30,6,true,4,75.84,37.63,3.9,0.0,36.1,55.55
amsterdam,Amsterdam,Netherlands,NL,2024-12-26,4,false,9,198.35,99.17,7.8,0.1,60.4,46.62
amsterdam,Amsterdam,Netherlands,NL,2025-01-12,7,true,4,61.49,31.08,2.3,0.0,14.1,50.22
amsterdam,Amsterdam,Netherlands,NL,2025-01-27,1,false,7,97.24,48.90,8.5,5.8,62.2,57.50
amsterdam,Amsterdam,Netherlands,NL,2025-03-01,6,true,9,124.17,59.71,3.5,0.0,21.6,53.56
amsterdam,Amsterdam,Netherlands,NL,2025-03-05,3,false,6,83.49,41.03,6.2,0.0,55.8,80.02
amsterdam,Amsterdam,Netherlands,NL,2025-03-07,5,false,4,85.78,44.34,10.3,0.0,54.5,64.43
amsterdam,Amsterdam,Netherlands,NL,2025-03-16,7,true,8,146.04,72.13,3.3,0.0,43.0,56.02
amsterdam,Amsterdam,Netherlands,NL,2025-04-08,2,false,6,119.37,61.22,7.6,0.0,57.5,70.13
amsterdam,Amsterdam,Netherlands,NL,2025-04-17,4,false,6,67.30,33.86,9.8,0.4,65.7,92.34
amsterdam,Amsterdam,Netherlands,NL,2025-04-26,6,true,7,117.10,57.08,11.6,0.1,26.3,74.46
amsterdam,Amsterdam,Netherlands,NL,2025-04-28,1,false,5,91.84,46.05,14.0,0.0,59.2,111.65
amsterdam,Amsterdam,Netherlands,NL,2025-05-04,7,true,3,23.39,11.97,9.7,0.7,22.3,72.18
amsterdam,Amsterdam,Netherlands,NL,2025-05-05,1,false,7,128.23,61.32,9.0,0.1,45.0,107.57
amsterdam,Amsterdam,Netherlands,NL,2025-06-03,2,false,6,61.47,31.59,15.6,3.6,60.5,113.59
amsterdam,Amsterdam,Netherlands,NL,2025-08-12,2,false,7,97.32,48.74,22.6,0.0,62.2,140.55
amsterdam,Amsterdam,Netherlands,NL,2025-08-18,1,false,6,90.02,44.72,18.5,0.0,67.2,110.98
amsterdam,Amsterdam,Netherlands,NL,2025-08-31,7,true,10,145.39,73.96,18.9,4.1,43.8,89.86
amsterdam,Amsterdam,Netherlands,NL,2025-09-15,1,false,5,121.40,60.05,16.2,16.7,54.1,113.02
amsterdam,Amsterdam,Netherlands,NL,2025-09-20,6,true,8,110.66,56.27,19.3,1.2,47.2,98.49
amsterdam,Amsterdam,Netherlands,NL,2025-10-18,6,true,6,190.79,96.49,9.8,0.0,16.7,71.75
amsterdam,Amsterdam,Netherlands,NL,2025-11-04,2,false,8,124.33,61.37,13.6,0.2,52.4,75.68
amsterdam,Amsterdam,Netherlands,NL,2025-11-06,4,false,10,166.41,81.91,10.8,0.0,61.8,64.43
amsterdam,Amsterdam,Netherlands,NL,2025-11-10,1,false,6,96.95,49.31,8.6,3.8,54.2,79.09
amsterdam,Amsterdam,Netherlands,NL,2025-11-12,3,false,5,66.04,32.87,12.2,0.4,53.0,66.09
amsterdam,Amsterdam,Netherlands,NL,2025-11-13,4,false,6,83.66,41.76,13.0,3.9,66.3,76.21
amsterdam,Amsterdam,Netherlands,NL,2025-11-17,1,false,6,101.43,51.74,5.7,0.4,42.3,77.05
amsterdam,Amsterdam,Netherlands,NL,2025-12-02,2,false,10,163.87,79.35,7.2,0.0,58.7,74.90
amsterdam,Amsterdam,Netherlands,NL,2025-12-20,6,true,10,173.54,88.06,5.0,0.0,15.9,55.15
paris,Paris,France,FR,2024-01-11,4,false,9,174.74,75.27,-1.4,0.0,54.7,57.07
paris,Paris,France,FR,2024-01-18,4,false,13,145.69,64.76,-0.7,5.9,68.0,82.68
paris,Paris,France,FR,2024-01-29,1,false,14,141.36,62.29,7.9,0.0,47.2,44.18
paris,Paris,France,FR,2024-02-04,7,true,7,148.49,65.05,9.8,0.0,46.2,46.97
paris,Paris,France,FR,2024-02-17,6,true,6,112.29,49.80,9.8,0.0,32.1,41.96
paris,Paris,France,FR,2024-03-11,1,false,13,219.09,96.51,7.5,2.0,80.2,56.32
paris,Paris,France,FR,2024-03-31,7,true,13,174.04,75.04,9.8,4.3,31.4,56.05
paris,Paris,France,FR,2024-04-09,2,false,14,225.47,99.78,9.5,3.0,69.6,85.71
paris,Paris,France,FR,2024-04-29,1,false,10,167.10,73.44,12.5,0.3,67.6,85.95
paris,Paris,France,FR,2024-05-18,6,true,11,138.83,60.94,15.2,2.9,30.3,76.26
paris,Paris,France,FR,2024-05-19,7,true,9,108.24,49.61,15.0,1.0,29.4,77.02
paris,Paris,France,FR,2024-05-26,7,true,5,95.47,42.75,16.5,3.2,51.8,79.81
paris,Paris,France,FR,2024-06-03,1,false,7,75.67,33.89,14.6,0.1,67.6,79.74
paris,Paris,France,FR,2024-06-13,4,false,9,157.66,69.82,15.0,1.0,56.2,104.78
paris,Paris,France,FR,2024-07-07,7,true,6,80.81,35.42,15.9,0.1,10.3,78.67
paris,Paris,France,FR,2024-07-16,2,false,4,42.36,18.92,18.9,0.4,51.6,96.05
paris,Paris,France,FR,2024-08-09,5,false,8,104.35,45.80,21.6,0.2,52.5,105.79
paris,Paris,France,FR,2024-08-10,6,true,8,134.56,58.13,21.7,0.0,35.1,77.49
paris,Paris,France,FR,2024-08-24,6,true,9,154.07,70.35,21.0,4.2,43.0,75.94
paris,Paris,France,FR,2024-11-09,6,true,6,177.78,77.97,10.5,0.0,21.1,49.09
paris,Paris,France,FR,2024-11-13,3,false,12,197.73,86.67,7.4,0.0,69.1,57.46
paris,Paris,France,FR,2024-11-23,6,true,11,217.96,92.21,5.8,0.0,32.7,47.41
paris,Paris,France,FR,2024-12-14,6,true,13,211.69,93.01,2.0,0.0,23.7,49.39
paris,Paris,France,FR,2024-12-20,5,false,14,342.33,150.25,5.2,0.3,54.2,56.53
paris,Paris,France,FR,2024-12-28,6,true,15,228.30,103.91,0.7,0.0,35.6,38.59
paris,Paris,France,FR,2025-01-17,5,false,11,224.58,101.80,0.9,0.0,60.1,60.18
paris,Paris,France,FR,2025-01-30,4,false,15,298.04,130.44,5.7,2.3,56.6,49.44
paris,Paris,France,FR,2025-02-28,5,false,11,151.92,67.27,5.0,0.4,50.9,60.53
paris,Paris,France,FR,2025-03-10,1,false,10,119.81,51.38,10.4,3.5,61.8,56.77
paris,Paris,France,FR,2025-03-14,5,false,9,150.06,67.18,3.3,1.0,48.3,56.63
paris,Paris,France,FR,2025-04-13,7,true,5,83.45,39.17,14.2,1.2,30.3,59.68
paris,Paris,France,FR,2025-04-21,1,false,17,287.34,123.55,12.0,1.1,59.2,76.41
paris,Paris,France,FR,2025-05-23,5,false,7,82.24,36.61,13.4,0.0,50.9,98.52
paris,Paris,France,FR,2025-05-29,4,false,12,189.40,83.28,18.7,0.0,46.5,85.20
paris,Paris,France,FR,2025-05-31,6,true,10,128.43,52.86,21.8,4.5,25.5,71.80
paris,Paris,France,FR,2025-06-17,2,false,7,107.50,46.87,22.4,0.0,59.8,100.68
paris,Paris,France,FR,2025-07-19,6,true,7,115.98,50.28,23.7,2.0,35.4,83.69
paris,Paris,France,FR,2025-08-29,5,false,11,206.96,92.68,17.2,3.3,62.6,100.67
paris,Paris,France,FR,2025-09-04,4,false,18,310.29,137.62,17.3,1.1,43.4,77.24
paris,Paris,France,FR,2025-09-06,6,true,8,86.07,37.85,17.9,0.0,28.2,70.22
paris,Paris,France,FR,2025-09-12,5,false,8,120.97,54.07,15.6,0.5,65.1,87.25
paris,Paris,France,FR,2025-10-12,7,true,13,155.25,69.35,12.8,0.0,29.0,64.77
paris,Paris,France,FR,2025-10-25,6,true,14,191.34,84.87,10.5,0.3,23.1,68.34
paris,Paris,France,FR,2025-10-29,3,false,6,87.40,37.90,11.9,9.0,66.1,73.18
paris,Paris,France,FR,2025-11-21,5,false,9,135.67,59.74,1.7,0.3,60.0,59.46
paris,Paris,France,FR,2025-11-25,2,false,10,177.28,78.92,5.8,1.4,65.0,56.02
paris,Paris,France,FR,2025-12-19,5,false,14,200.85,87.32,10.0,5.5,75.7,55.42
paris,Paris,France,FR,2025-12-28,7,true,8,182.35,77.62,0.4,0.0,34.3,58.29
madrid,Madrid,Spain,ES,2024-02-12,1,false,9,134.15,52.73,9.8,0.2,57.5,36.44
madrid,Madrid,Spain,ES,2024-02-19,1,false,15,227.75,88.48,10.7,0.0,51.4,43.02
madrid,Madrid,Spain,ES,2024-02-23,5,false,9,139.51,57.85,5.9,1.3,54.8,41.09
madrid,Madrid,Spain,ES,2024-04-06,6,true,10,206.96,82.68,17.4,0.0,34.9,44.48
madrid,Madrid,Spain,ES,2024-04-10,3,false,17,219.03,88.79,12.3,0.0,47.6,57.24
madrid,Madrid,Spain,ES,2024-04-11,4,false,8,75.54,31.04,16.5,0.0,58.0,56.41
madrid,Madrid,Spain,ES,2024-05-07,2,false,11,191.03,77.28,15.4,0.0,55.3,88.21
madrid,Madrid,Spain,ES,2024-05-16,4,false,6,96.58,38.75,13.3,0.0,68.3,76.74
madrid,Madrid,Spain,ES,2024-05-22,3,false,10,85.98,33.45,15.6,0.0,59.4,70.84
madrid,Madrid,Spain,ES,2024-07-14,7,true,7,102.78,42.40,26.4,0.0,47.5,80.49
madrid,Madrid,Spain,ES,2024-07-15,1,false,9,145.13,59.35,25.4,0.0,72.0,107.93
madrid,Madrid,Spain,ES,2024-08-06,2,false,4,79.10,32.87,31.0,0.0,50.9,83.03
madrid,Madrid,Spain,ES,2024-10-06,7,true,4,54.11,17.10,20.3,0.0,28.2,59.56
madrid,Madrid,Spain,ES,2024-10-11,5,false,11,210.91,85.16,13.5,2.3,54.9,67.32
madrid,Madrid,Spain,ES,2024-11-10,7,true,5,40.32,15.30,11.5,0.0,24.0,43.93
madrid,Madrid,Spain,ES,2024-11-18,1,false,10,160.66,63.64,12.4,0.0,39.4,47.77
madrid,Madrid,Spain,ES,2024-11-29,5,false,9,129.93,50.18,8.6,0.0,53.1,46.88
madrid,Madrid,Spain,ES,2025-01-11,6,true,5,109.92,43.02,12.3,0.0,34.6,36.33
madrid,Madrid,Spain,ES,2025-02-04,2,false,9,105.77,40.54,5.6,0.0,64.1,63.56
madrid,Madrid,Spain,ES,2025-04-18,5,false,15,191.14,76.24,12.6,8.6,65.8,63.53
madrid,Madrid,Spain,ES,2025-05-06,2,false,8,87.75,34.69,11.8,0.0,65.1,79.82
madrid,Madrid,Spain,ES,2025-05-28,3,false,11,195.18,76.48,26.3,0.0,42.7,95.03
madrid,Madrid,Spain,ES,2025-06-24,2,false,8,126.03,50.06,28.9,0.5,74.1,69.44
madrid,Madrid,Spain,ES,2025-07-07,1,false,6,88.52,35.98,28.1,0.0,50.5,93.62
madrid,Madrid,Spain,ES,2025-08-28,4,false,7,79.54,32.36,22.8,0.0,39.3,78.00
madrid,Madrid,Spain,ES,2025-09-08,1,false,4,65.00,24.77,23.3,0.1,52.4,77.35
madrid,Madrid,Spain,ES,2025-09-29,1,false,8,94.92,37.95,19.3,0.0,58.2,71.23
madrid,Madrid,Spain,ES,2025-10-09,4,false,9,113.91,48.17,20.4,0.0,61.6,61.52
madrid,Madrid,Spain,ES,2025-11-24,1,false,4,78.87,31.92,10.1,0.5,60.4,54.69
madrid,Madrid,Spain,ES,2025-11-27,4,false,12,151.20,59.83,5.4,0.0,44.3,48.02
madrid,Madrid,Spain,ES,2025-12-25,4,false,6,61.36,24.57,3.7,0.0,44.0,55.69
warsaw,Warsaw,Poland,PL,2024-01-07,7,true,7,115.03,41.17,-7.6,0.0,35.5,38.90
warsaw,Warsaw,Poland,PL,2024-01-17,3,false,12,218.75,76.89,-3.8,2.3,59.5,89.65
warsaw,Warsaw,Poland,PL,2024-01-26,5,false,9,163.90,60.45,1.1,5.0,65.9,45.78
warsaw,Warsaw,Poland,PL,2024-02-03,6,true,6,70.20,24.47,7.5,1.1,40.2,49.50
warsaw,Warsaw,Poland,PL,2024-02-14,3,false,10,192.51,71.10,3.8,0.0,48.0,55.39
warsaw,Warsaw,Poland,PL,2024-02-25,7,true,10,149.57,54.55,7.0,0.2,34.2,44.84
warsaw,Warsaw,Poland,PL,2024-02-27,2,false,7,136.28,50.41,10.0,0.1,42.0,56.13
warsaw,Warsaw,Poland,PL,2024-02-29,4,false,8,134.98,51.71,7.3,0.0,63.5,45.22
warsaw,Warsaw,Poland,PL,2024-03-18,1,false,9,130.08,46.31,1.4,2.2,54.0,70.16
warsaw,Warsaw,Poland,PL,2024-03-26,2,false,7,88.76,30.81,6.2,0.0,54.6,78.64
warsaw,Warsaw,Poland,PL,2024-04-08,1,false,9,99.86,36.40,18.8,0.0,49.2,93.85
warsaw,Warsaw,Poland,PL,2024-04-19,5,false,6,78.85,28.82,5.2,2.7,67.1,69.22
warsaw,Warsaw,Poland,PL,2024-05-04,6,true,8,102.17,37.45,19.3,0.0,28.9,66.08
warsaw,Warsaw,Poland,PL,2024-05-10,5,false,9,127.37,45.24,13.0,0.3,78.0,66.95
warsaw,Warsaw,Poland,PL,2024-06-10,1,false,8,68.94,22.25,17.1,10.5,71.2,89.36
warsaw,Warsaw,Poland,PL,2024-07-02,2,false,16,229.45,83.08,17.3,4.8,78.9,81.69
warsaw,Warsaw,Poland,PL,2024-07-18,4,false,7,101.76,35.54,21.9,0.0,49.1,109.57
warsaw,Warsaw,Poland,PL,2024-08-17,6,true,6,103.77,36.21,25.4,0.0,30.3,76.79
warsaw,Warsaw,Poland,PL,2024-08-23,5,false,8,79.28,28.23,19.2,0.0,61.3,80.56
warsaw,Warsaw,Poland,PL,2024-09-06,5,false,14,172.01,62.40,22.7,0.0,62.8,105.01
warsaw,Warsaw,Poland,PL,2024-09-07,6,true,14,179.20,64.89,23.3,0.0,29.8,72.90
warsaw,Warsaw,Poland,PL,2024-09-17,2,false,10,156.76,55.32,18.9,0.0,60.3,103.26
warsaw,Warsaw,Poland,PL,2024-09-18,3,false,7,87.69,32.08,17.7,0.4,45.8,99.09
warsaw,Warsaw,Poland,PL,2024-09-27,5,false,13,165.05,60.07,18.6,5.2,69.3,86.35
warsaw,Warsaw,Poland,PL,2024-10-19,6,true,6,113.31,40.64,8.2,0.0,45.7,57.10
warsaw,Warsaw,Poland,PL,2024-11-20,3,false,18,280.60,98.94,4.0,7.4,80.0,65.93
warsaw,Warsaw,Poland,PL,2025-01-08,3,false,12,167.35,60.15,1.1,2.2,55.9,57.49
warsaw,Warsaw,Poland,PL,2025-01-09,4,false,15,227.84,82.08,2.3,5.2,60.9,40.58
warsaw,Warsaw,Poland,PL,2025-02-05,3,false,16,278.54,98.95,0.9,0.0,54.9,93.39
warsaw,Warsaw,Poland,PL,2025-02-20,4,false,11,257.28,93.18,-2.7,0.8,46.0,59.90
warsaw,Warsaw,Poland,PL,2025-02-21,5,false,11,234.67,83.79,-3.2,0.0,53.9,56.04
warsaw,Warsaw,Poland,PL,2025-03-11,2,false,14,256.82,91.54,9.7,0.0,51.3,60.29
warsaw,Warsaw,Poland,PL,2025-03-26,3,false,10,166.90,61.36,8.4,0.6,60.1,75.79
warsaw,Warsaw,Poland,PL,2025-04-14,1,false,8,122.26,44.40,16.8,0.0,45.7,75.20
warsaw,Warsaw,Poland,PL,2025-06-10,2,false,12,171.19,62.08,15.2,2.1,73.1,91.17
warsaw,Warsaw,Poland,PL,2025-06-20,5,false,14,283.77,103.04,16.3,0.2,64.2,104.14
warsaw,Warsaw,Poland,PL,2025-07-09,3,false,12,204.83,73.04,15.3,39.4,68.0,125.59
warsaw,Warsaw,Poland,PL,2025-08-14,4,false,9,126.23,45.56,25.5,0.0,61.0,103.80
warsaw,Warsaw,Poland,PL,2025-09-22,1,false,6,57.13,19.77,17.4,0.1,41.0,85.60
warsaw,Warsaw,Poland,PL,2025-09-27,6,true,7,86.86,33.34,10.2,0.0,27.1,83.95
warsaw,Warsaw,Poland,PL,2025-10-30,4,false,8,127.20,45.29,9.6,0.5,42.1,74.23
warsaw,Warsaw,Poland,PL,2025-12-08,1,false,12,231.01,83.71,5.8,0.0,62.5,60.70
warsaw,Warsaw,Poland,PL,2025-12-17,3,false,3,49.54,17.38,1.8,0.0,64.0,66.47
stockholm,Stockholm,Sweden,SE,2024-02-02,5,false,6,80.80,31.37,0.5,1.2,58.7,30.60
stockholm,Stockholm,Sweden,SE,2024-02-09,5,false,3,69.49,28.12,-5.0,1.7,43.4,31.17
stockholm,Stockholm,Sweden,SE,2024-03-05,2,false,10,152.38,58.68,0.2,0.0,45.0,36.85
stockholm,Stockholm,Sweden,SE,2024-03-16,6,true,7,88.77,34.62,4.9,9.7,35.0,33.12
stockholm,Stockholm,Sweden,SE,2024-03-21,4,false,11,180.35,68.79,2.5,1.0,58.4,40.61
stockholm,Stockholm,Sweden,SE,2024-04-16,2,false,9,183.30,69.46,2.7,0.7,67.0,45.74
stockholm,Stockholm,Sweden,SE,2024-04-17,3,false,5,130.43,50.66,3.1,0.0,55.2,46.71
stockholm,Stockholm,Sweden,SE,2024-05-25,6,true,5,40.05,14.80,17.3,0.0,35.7,38.21
stockholm,Stockholm,Sweden,SE,2024-05-28,2,false,7,92.90,35.52,19.2,0.0,51.9,55.85
stockholm,Stockholm,Sweden,SE,2024-07-03,3,false,7,111.97,43.36,16.0,9.7,79.6,47.82
stockholm,Stockholm,Sweden,SE,2024-07-11,4,false,7,102.87,38.55,18.6,11.5,68.4,71.17
stockholm,Stockholm,Sweden,SE,2024-07-13,6,true,10,185.93,67.58,18.1,1.0,39.5,65.26
stockholm,Stockholm,Sweden,SE,2024-08-31,6,true,4,50.05,19.46,15.0,0.5,24.0,50.57
stockholm,Stockholm,Sweden,SE,2024-09-01,7,true,6,68.27,26.46,13.2,3.3,34.9,52.38
stockholm,Stockholm,Sweden,SE,2024-09-10,2,false,6,74.96,28.62,16.4,6.3,64.3,48.26
stockholm,Stockholm,Sweden,SE,2024-09-15,7,true,6,115.82,43.57,11.9,0.0,38.3,26.50
stockholm,Stockholm,Sweden,SE,2024-10-05,6,true,4,43.03,16.31,8.7,0.0,25.0,37.61
stockholm,Stockholm,Sweden,SE,2024-10-12,6,true,5,48.09,18.15,7.9,0.1,23.3,41.43
stockholm,Stockholm,Sweden,SE,2024-10-13,7,true,9,128.07,48.99,9.2,0.9,34.9,34.46
stockholm,Stockholm,Sweden,SE,2024-10-17,4,false,5,64.17,22.71,9.8,0.0,63.6,44.59
stockholm,Stockholm,Sweden,SE,2024-11-04,1,false,10,174.66,66.61,3.8,0.0,42.5,34.86
stockholm,Stockholm,Sweden,SE,2024-11-28,4,false,12,242.21,91.75,1.0,0.0,65.1,30.85
stockholm,Stockholm,Sweden,SE,2024-12-05,4,false,13,241.49,90.21,-1.3,0.2,65.6,30.58
stockholm,Stockholm,Sweden,SE,2024-12-23,1,false,8,197.00,75.39,0.9,0.1,55.6,34.54
stockholm,Stockholm,Sweden,SE,2025-01-16,4,false,5,85.88,32.95,3.0,0.0,55.5,29.07
stockholm,Stockholm,Sweden,SE,2025-01-18,6,true,10,152.76,56.85,2.3,0.0,34.9,27.22
stockholm,Stockholm,Sweden,SE,2025-01-29,3,false,13,278.48,105.18,2.8,13.8,72.8,28.93
stockholm,Stockholm,Sweden,SE,2025-02-25,2,false,7,102.32,39.27,3.9,1.0,49.0,43.74
stockholm,Stockholm,Sweden,SE,2025-03-15,6,true,9,181.28,69.62,1.8,0.0,34.4,24.30
stockholm,Stockholm,Sweden,SE,2025-04-02,3,false,6,132.34,50.22,9.8,0.0,69.6,34.01
stockholm,Stockholm,Sweden,SE,2025-04-22,2,false,5,40.73,15.78,7.0,1.4,70.8,43.45
stockholm,Stockholm,Sweden,SE,2025-04-24,4,false,11,240.08,91.08,5.5,0.3,52.6,42.84
stockholm,Stockholm,Sweden,SE,2025-05-21,3,false,9,140.01,52.57,7.9,4.3,62.1,44.66
stockholm,Stockholm,Sweden,SE,2025-06-11,3,false,7,128.52,51.02,11.9,12.6,81.1,63.82
stockholm,Stockholm,Sweden,SE,2025-06-19,4,false,8,120.24,45.02,15.3,1.3,58.2,56.86
stockholm,Stockholm,Sweden,SE,2025-07-15,2,false,11,211.73,81.95,18.7,5.9,63.0,61.88
stockholm,Stockholm,Sweden,SE,2025-07-29,2,false,9,134.23,48.92,20.3,21.3,62.7,75.29
stockholm,Stockholm,Sweden,SE,2025-08-24,7,true,6,82.11,30.60,13.2,1.5,23.4,45.54
stockholm,Stockholm,Sweden,SE,2025-09-21,7,true,10,136.69,52.66,16.6,1.2,21.7,43.07
stockholm,Stockholm,Sweden,SE,2025-09-30,2,false,8,89.35,33.37,9.6,0.0,54.2,57.82
stockholm,Stockholm,Sweden,SE,2025-10-10,5,false,8,147.90,57.20,9.2,0.0,41.4,53.80
stockholm,Stockholm,Sweden,SE,2025-10-13,1,false,10,130.86,49.88,5.6,0.0,52.0,39.31
stockholm,Stockholm,Sweden,SE,2025-10-26,7,true,6,107.99,40.66,7.0,0.5,31.7,38.30
stockholm,Stockholm,Sweden,SE,2025-11-09,7,true,12,271.64,103.68,5.8,0.6,36.2,28.59
stockholm,Stockholm,Sweden,SE,2025-11-26,3,false,7,128.72,47.81,-3.2,0.0,53.2,38.32
oslo,Oslo,Norway,NO,2024-02-02,5,false,10,163.82,51.73,0.0,2.9,71.6,26.16
oslo,Oslo,Norway,NO,2024-02-09,5,false,14,263.29,84.40,-11.9,0.0,49.2,25.98
oslo,Oslo,Norway,NO,2024-03-05,2,false,10,237.31,74.58,1.3,0.0,56.6,37.72
oslo,Oslo,Norway,NO,2024-03-16,6,true,12,223.61,72.21,0.8,12.7,46.6,25.35
oslo,Oslo,Norway,NO,2024-03-21,4,false,8,138.02,44.21,2.4,3.3,80.2,31.09
oslo,Oslo,Norway,NO,2024-04-16,2,false,8,94.39,30.72,4.8,0.0,58.3,31.29
oslo,Oslo,Norway,NO,2024-04-17,3,false,13,239.57,75.47,4.2,0.3,57.6,40.86
oslo,Oslo,Norway,NO,2024-05-25,6,true,5,68.57,22.17,19.3,2.8,39.1,41.36
oslo,Oslo,Norway,NO,2024-05-28,2,false,9,123.54,38.85,16.9,13.7,76.7,47.20
oslo,Oslo,Norway,NO,2024-07-03,3,false,8,106.67,34.23,15.5,2.7,67.0,45.99
oslo,Oslo,Norway,NO,2024-07-11,4,false,10,186.10,60.51,16.4,0.4,62.9,58.52
oslo,Oslo,Norway,NO,2024-07-13,6,true,4,26.01,8.37,18.9,0.3,32.7,53.64
oslo,Oslo,Norway,NO,2024-08-31,6,true,10,185.27,58.10,14.6,0.0,40.6,46.36
oslo,Oslo,Norway,NO,2024-09-01,7,true,3,40.90,13.08,14.2,0.0,36.4,39.82
oslo,Oslo,Norway,NO,2024-09-10,2,false,9,114.91,37.65,13.8,15.8,56.2,42.94
oslo,Oslo,Norway,NO,2024-09-15,7,true,7,115.65,36.32,11.2,0.5,30.5,36.71
oslo,Oslo,Norway,NO,2024-10-05,6,true,9,171.43,52.56,8.1,0.3,23.2,33.68
oslo,Oslo,Norway,NO,2024-10-12,6,true,8,130.22,41.88,4.8,5.8,45.1,30.73
oslo,Oslo,Norway,NO,2024-10-13,7,true,3,68.32,21.62,6.3,1.0,27.8,32.57
oslo,Oslo,Norway,NO,2024-10-17,4,false,8,124.27,41.55,7.2,0.5,55.6,31.11
oslo,Oslo,Norway,NO,2024-11-04,1,false,9,226.69,72.79,5.2,0.0,60.4,25.72
oslo,Oslo,Norway,NO,2024-11-28,4,false,15,343.15,110.20,-1.9,0.0,57.2,28.23
oslo,Oslo,Norway,NO,2024-12-05,4,false,6,111.37,36.00,-0.9,1.0,53.3,27.57
oslo,Oslo,Norway,NO,2024-12-23,1,false,8,241.15,77.06,-0.4,0.0,34.5,27.23
oslo,Oslo,Norway,NO,2025-01-16,4,false,9,144.13,44.73,0.5,0.0,59.4,29.61
oslo,Oslo,Norway,NO,2025-01-18,6,true,10,138.95,44.94,-0.1,0.0,40.5,18.34
oslo,Oslo,Norway,NO,2025-01-29,3,false,16,314.94,101.85,1.4,3.6,62.0,27.60
oslo,Oslo,Norway,NO,2025-02-25,2,false,7,113.59,35.84,2.8,1.1,66.7,30.68
oslo,Oslo,Norway,NO,2025-03-15,6,true,7,160.54,49.44,1.1,0.0,18.4,30.24
oslo,Oslo,Norway,NO,2025-04-02,3,false,10,167.68,53.21,6.1,0.0,56.7,34.49
oslo,Oslo,Norway,NO,2025-04-22,2,false,10,170.25,54.51,6.0,2.6,55.3,45.38
oslo,Oslo,Norway,NO,2025-04-24,4,false,12,213.64,68.88,7.7,0.4,60.3,40.40
oslo,Oslo,Norway,NO,2025-05-21,3,false,11,185.41,59.65,10.2,0.1,61.6,47.99
oslo,Oslo,Norway,NO,2025-06-11,3,false,6,83.07,26.13,13.3,0.0,44.3,32.48
oslo,Oslo,Norway,NO,2025-06-19,4,false,7,180.71,53.84,15.7,0.0,50.9,59.02
oslo,Oslo,Norway,NO,2025-07-15,2,false,10,130.63,41.31,20.5,4.3,62.6,58.81
oslo,Oslo,Norway,NO,2025-07-29,2,false,9,162.86,51.86,16.9,26.4,58.3,50.14
oslo,Oslo,Norway,NO,2025-08-24,7,true,6,106.24,34.35,14.8,0.0,26.3,51.31
oslo,Oslo,Norway,NO,2025-09-21,7,true,11,156.00,49.02,12.4,1.3,33.2,47.61
oslo,Oslo,Norway,NO,2025-09-30,2,false,4,51.11,16.62,9.0,0.2,43.7,47.99
oslo,Oslo,Norway,NO,2025-10-10,5,false,14,218.53,71.16,11.1,0.0,51.8,33.97
oslo,Oslo,Norway,NO,2025-10-13,1,false,6,89.26,28.76,7.1,1.1,45.7,46.12
oslo,Oslo,Norway,NO,2025-10-26,7,true,5,78.73,25.07,5.0,0.0,16.8,32.98
oslo,Oslo,Norway,NO,2025-11-09,7,true,5,57.91,17.61,5.2,0.0,37.1,27.96
oslo,Oslo,Norway,NO,2025-11-26,3,false,14,310.09,98.80,-2.8,0.0,55.3,29.47
copenhagen,Copenhagen,Denmark,DK,2024-01-09,2,false,9,127.95,60.52,-1.9,0.0,35.6,44.34
copenhagen,Copenhagen,Denmark,DK,2024-01-16,2,false,8,102.40,48.35,-3.3,0.7,49.7,85.30
copenhagen,Copenhagen,Denmark,DK,2024-01-22,1,false,7,163.25,79.84,5.3,6.9,59.5,96.63
copenhagen,Copenhagen,Denmark,DK,2024-02-08,4,false,10,189.76,91.28,0.8,1.3,51.0,44.35
copenhagen,Copenhagen,Denmark,DK,2024-02-16,5,false,9,122.57,59.83,7.4,4.2,61.8,46.98
copenhagen,Copenhagen,Denmark,DK,2024-04-03,3,false,15,207.59,101.95,2.1,0.0,59.8,82.61
copenhagen,Copenhagen,Denmark,DK,2024-04-15,1,false,4,90.93,42.68,6.6,0.2,48.6,69.50
copenhagen,Copenhagen,Denmark,DK,2024-04-18,4,false,12,232.11,114.32,5.5,2.3,60.2,77.81
copenhagen,Copenhagen,Denmark,DK,2024-05-29,3,false,15,243.77,116.92,14.7,3.9,59.7,86.21
copenhagen,Copenhagen,Denmark,DK,2024-05-30,4,false,10,145.88,72.06,15.3,1.2,65.6,85.83
copenhagen,Copenhagen,Denmark,DK,2024-06-06,4,false,9,148.81,72.15,12.4,1.6,69.4,85.02
copenhagen,Copenhagen,Denmark,DK,2024-06-20,4,false,12,187.38,90.61,14.9,0.0,54.6,77.49
copenhagen,Copenhagen,Denmark,DK,2024-06-22,6,true,3,62.68,30.54,16.3,1.3,25.9,97.53
copenhagen,Copenhagen,Denmark,DK,2024-06-23,7,true,9,91.91,44.84,16.0,0.5,38.0,86.56
copenhagen,Copenhagen,Denmark,DK,2024-06-25,2,false,5,86.17,40.48,16.3,0.0,63.5,88.08
copenhagen,Copenhagen,Denmark,DK,2024-06-27,4,false,8,101.46,48.73,20.8,0.0,54.8,69.43
copenhagen,Copenhagen,Denmark,DK,2024-08-12,1,false,5,57.54,27.05,16.4,0.0,59.7,89.48
copenhagen,Copenhagen,Denmark,DK,2024-08-16,5,false,9,115.98,53.41,18.7,5.9,62.1,85.26
copenhagen,Copenhagen,Denmark,DK,2024-08-28,3,false,10,104.18,51.61,19.9,0.0,63.7,92.91
copenhagen,Copenhagen,Denmark,DK,2024-10-01,2,false,12,251.95,123.14,12.0,0.0,48.4,67.49
copenhagen,Copenhagen,Denmark,DK,2024-10-04,5,false,10,101.57,48.15,9.7,0.0,58.7,69.73
copenhagen,Copenhagen,Denmark,DK,2024-10-24,4,false,5,85.79,42.48,10.4,0.0,49.8,53.74
copenhagen,Copenhagen,Denmark,DK,2024-11-12,2,false,3,22.81,10.87,6.4,0.0,58.2,52.09
copenhagen,Copenhagen,Denmark,DK,2024-12-11,3,false,16,189.05,92.26,1.9,0.0,68.1,55.37
copenhagen,Copenhagen,Denmark,DK,2024-12-12,4,false,9,163.83,79.05,1.5,0.0,51.2,45.10
copenhagen,Copenhagen,Denmark,DK,2024-12-21,6,true,2,27.93,13.26,6.5,3.8,44.0,40.99
copenhagen,Copenhagen,Denmark,DK,2025-01-04,6,true,4,44.52,21.68,-0.5,0.0,34.6,42.69
copenhagen,Copenhagen,Denmark,DK,2025-02-26,3,false,9,99.64,47.78,3.1,2.7,66.8,41.17
copenhagen,Copenhagen,Denmark,DK,2025-03-06,4,false,10,120.15,58.58,7.6,0.0,65.9,52.48
copenhagen,Copenhagen,Denmark,DK,2025-03-08,6,true,8,108.12,51.49,6.9,0.0,40.3,41.99
copenhagen,Copenhagen,Denmark,DK,2025-03-24,1,false,9,135.18,63.90,5.3,0.0,58.8,52.12
copenhagen,Copenhagen,Denmark,DK,2025-03-25,2,false,10,137.12,63.30,6.1,1.9,68.1,53.96
copenhagen,Copenhagen,Denmark,DK,2025-04-09,3,false,10,166.28,76.52,7.7,0.0,55.3,69.70
copenhagen,Copenhagen,Denmark,DK,2025-04-25,5,false,9,131.86,61.47,7.9,0.1,59.2,77.65
copenhagen,Copenhagen,Denmark,DK,2025-06-01,7,true,7,72.57,34.37,15.0,1.6,31.5,75.53
copenhagen,Copenhagen,Denmark,DK,2025-06-08,7,true,8,123.52,59.72,12.6,7.1,44.5,74.04
copenhagen,Copenhagen,Denmark,DK,2025-06-14,6,true,5,87.69,41.88,16.3,0.0,37.5,77.63
copenhagen,Copenhagen,Denmark,DK,2025-07-04,5,false,13,131.07,61.22,16.2,2.1,62.0,86.08
copenhagen,Copenhagen,Denmark,DK,2025-07-18,5,false,2,41.81,20.04,19.1,0.0,56.5,91.31
copenhagen,Copenhagen,Denmark,DK,2025-07-31,4,false,8,118.37,57.60,17.2,3.4,68.0,78.21
copenhagen,Copenhagen,Denmark,DK,2025-08-01,5,false,14,240.19,114.72,17.8,0.5,78.4,87.67
copenhagen,Copenhagen,Denmark,DK,2025-09-02,2,false,10,175.14,84.66,17.6,0.4,44.9,87.82
copenhagen,Copenhagen,Denmark,DK,2025-09-28,7,true,9,105.49,52.10,13.7,0.3,21.2,60.94
copenhagen,Copenhagen,Denmark,DK,2025-10-03,5,false,13,215.60,104.17,11.9,0.2,54.9,90.88
copenhagen,Copenhagen,Denmark,DK,2025-11-11,2,false,10,125.15,60.69,8.8,1.9,58.9,57.06
copenhagen,Copenhagen,Denmark,DK,2025-11-14,5,false,15,220.56,107.34,6.0,0.0,51.2,54.32
copenhagen,Copenhagen,Denmark,DK,2025-11-23,7,true,9,131.01,62.85,3.5,0.0,31.7,46.81
copenhagen,Copenhagen,Denmark,DK,2025-11-30,7,true,6,116.48,54.65,7.3,2.6,24.9,45.84
copenhagen,Copenhagen,Denmark,DK,2025-12-11,4,false,12,176.42,82.50,8.8,0.7,58.4,53.90
copenhagen,Copenhagen,Denmark,DK,2025-12-30,2,false,7,129.99,59.73,0.6,0.0,64.5,39.15
berlin,Berlin,Germany,DE,2024-01-06,6,true,9,172.96,89.41,-0.6,1.3,32.9,39.25
berlin,Berlin,Germany,DE,2024-01-13,6,true,7,72.07,38.36,1.6,2.8,25.6,51.26
berlin,Berlin,Germany,DE,2024-01-19,5,false,6,100.64,51.26,-1.2,0.0,57.1,127.61
berlin,Berlin,Germany,DE,2024-02-18,7,true,4,93.94,49.67,6.1,1.6,44.7,50.36
berlin,Berlin,Germany,DE,2024-02-21,3,false,5,91.65,50.04,8.0,2.0,62.1,56.64
berlin,Berlin,Germany,DE,2024-02-22,4,false,8,124.04,63.60,9.7,5.2,85.1,57.45
berlin,Berlin,Germany,DE,2024-02-24,6,true,2,31.92,15.24,5.1,0.0,30.5,48.58
berlin,Berlin,Germany,DE,2024-02-28,3,false,16,267.35,139.46,3.0,0.0,64.1,66.13
berlin,Berlin,Germany,DE,2024-03-04,1,false,6,97.99,50.59,9.1,0.1,49.9,62.61
berlin,Berlin,Germany,DE,2024-03-19,2,false,9,152.55,80.14,3.2,0.0,43.4,57.89
berlin,Berlin,Germany,DE,2024-03-27,3,false,13,209.78,107.40,11.0,0.0,52.0,78.44
berlin,Berlin,Germany,DE,2024-06-17,1,false,6,78.30,39.29,19.2,1.8,58.3,115.17
berlin,Berlin,Germany,DE,2024-07-29,1,false,8,158.47,85.04,17.9,0.0,56.8,96.45
berlin,Berlin,Germany,DE,2024-08-04,7,true,3,55.11,28.22,19.4,7.5,51.7,102.09
berlin,Berlin,Germany,DE,2024-09-26,4,false,10,220.50,114.60,16.5,5.3,75.2,82.00
berlin,Berlin,Germany,DE,2024-10-03,4,false,8,145.07,76.21,11.1,4.4,57.4,72.58
berlin,Berlin,Germany,DE,2024-10-10,4,false,8,145.23,75.89,14.9,2.7,58.6,92.59
berlin,Berlin,Germany,DE,2024-10-18,5,false,2,35.15,18.74,12.7,0.0,50.3,86.93
berlin,Berlin,Germany,DE,2024-10-20,7,true,5,89.28,43.65,13.1,0.0,41.5,73.58
berlin,Berlin,Germany,DE,2024-11-21,4,false,6,120.25,63.60,0.8,0.4,41.5,72.52
berlin,Berlin,Germany,DE,2024-12-15,7,true,4,48.47,25.14,5.3,3.0,21.4,49.18
berlin,Berlin,Germany,DE,2024-12-16,1,false,6,109.38,54.63,9.6,1.2,44.5,60.90
berlin,Berlin,Germany,DE,2025-02-27,4,false,4,84.09,44.10,5.9,1.4,62.0,53.61
berlin,Berlin,Germany,DE,2025-04-07,1,false,11,139.56,72.50,7.3,0.0,50.6,110.87
berlin,Berlin,Germany,DE,2025-04-16,3,false,10,131.82,67.66,19.0,0.0,62.1,84.98
berlin,Berlin,Germany,DE,2025-05-19,1,false,6,101.65,51.40,12.5,0.7,51.4,70.58
berlin,Berlin,Germany,DE,2025-06-05,4,false,8,154.99,79.96,19.2,1.5,41.3,134.01
berlin,Berlin,Germany,DE,2025-06-28,6,true,2,18.79,9.45,21.8,0.0,21.2,93.57
berlin,Berlin,Germany,DE,2025-06-29,7,true,4,40.35,21.03,23.3,1.0,34.3,97.26
berlin,Berlin,Germany,DE,2025-06-30,1,false,9,190.49,98.82,20.6,0.0,44.4,113.62
berlin,Berlin,Germany,DE,2025-07-06,7,true,3,72.55,36.45,23.5,0.0,31.9,83.70
berlin,Berlin,Germany,DE,2025-07-23,3,false,11,180.59,92.26,17.8,24.9,68.8,98.59
berlin,Berlin,Germany,DE,2025-08-08,5,false,5,127.95,66.39,20.7,0.0,67.4,113.04
berlin,Berlin,Germany,DE,2025-08-16,6,true,4,73.45,39.40,20.4,0.0,25.2,89.50
berlin,Berlin,Germany,DE,2025-09-05,5,false,5,65.59,34.69,17.6,5.3,60.8,105.78
berlin,Berlin,Germany,DE,2025-09-18,4,false,7,87.52,46.13,17.3,0.5,53.8,84.12
berlin,Berlin,Germany,DE,2025-12-27,6,true,11,178.75,90.45,0.4,0.0,28.8,56.96
amsterdam,Amsterdam,Netherlands,NL,2024-01-08,1,false,14,275.47,135.23,-1.2,0.2,53.2,63.37
amsterdam,Amsterdam,Netherlands,NL,2024-01-21,7,true,9,84.16,40.89,4.1,0.3,30.2,94.11
amsterdam,Amsterdam,Netherlands,NL,2024-01-28,7,true,14,220.55,110.77,4.2,0.0,42.8,47.61
amsterdam,Amsterdam,Netherlands,NL,2024-02-11,7,true,5,80.46,42.20,8.1,6.6,50.9,45.74
amsterdam,Amsterdam,Netherlands,NL,2024-03-15,5,false,6,104.28,52.06,11.8,2.5,65.3,88.47
amsterdam,Amsterdam,Netherlands,NL,2024-03-28,4,false,7,58.64,30.12,8.2,1.7,65.9,84.12
amsterdam,Amsterdam,Netherlands,NL,2024-04-02,2,false,10,162.91,82.99,9.5,0.7,67.3,84.89
amsterdam,Amsterdam,Netherlands,NL,2024-04-07,7,true,5,79.05,40.11,14.7,2.0,38.7,60.43
amsterdam,Amsterdam,Netherlands,NL,2024-04-12,5,false,7,132.44,66.52,14.1,0.0,42.1,63.53
amsterdam,Amsterdam,Netherlands,NL,2024-04-25,4,false,12,186.86,92.32,6.0,3.7,63.6,82.18
amsterdam,Amsterdam,Netherlands,NL,2024-05-01,3,false,6,106.46,55.09,18.4,2.1,53.1,105.36
amsterdam,Amsterdam,Netherlands,NL,2024-05-06,1,false,13,216.09,105.85,13.7,0.0,59.2,83.57
amsterdam,Amsterdam,Netherlands,NL,2024-05-08,3,false,5,131.97,63.10,12.1,1.2,69.6,91.92
amsterdam,Amsterdam,Netherlands,NL,2024-05-11,6,true,12,132.94,66.67,15.3,0.0,22.0,105.86
amsterdam,Amsterdam,Netherlands,NL,2024-06-14,5,false,10,130.40,65.11,14.7,3.1,48.5,121.91
amsterdam,Amsterdam,Netherlands,NL,2024-06-26,3,false,16,210.05,107.11,22.9,0.0,51.2,132.25
amsterdam,Amsterdam,Netherlands,NL,2024-07-08,1,false,8,119.80,59.58,15.7,0.6,55.4,133.89
amsterdam,Amsterdam,Netherlands,NL,2024-07-24,3,false,3,62.63,31.48,16.9,0.0,50.5,133.78
amsterdam,Amsterdam,Netherlands,NL,2024-08-07,3,false,8,141.55,69.95,19.0,0.7,60.1,98.04
amsterdam,Amsterdam,Netherlands,NL,2024-09-02,1,false,11,236.10,118.91,21.8,1.3,65.6,86.50
amsterdam,Amsterdam,Netherlands,NL,2024-09-16,1,false,8,108.23,54.23,14.8,0.5,48.4,88.04
amsterdam,Amsterdam,Netherlands,NL,2024-10-15,2,false,2,66.90,34.35,9.6,0.0,65.5,83.45
amsterdam,Amsterdam,Netherlands,NL,2024-10-22,2,false,6,118.97,60.38,12.2,3.0,60.9,99.01
amsterdam,Amsterdam,Netherlands,NL,2024-10-26,6,true,9,152.41,75.24,13.5,0.0,35.6,82.15
amsterdam,Amsterdam,Netherlands,NL,2024-11-19,2,false,9,216.91,106.16,3.6,12.2,75.0,80.61
amsterdam,Amsterdam,Netherlands,NL,2025-01-01,3,false,7,104.48,49.48,8.4,17.2,72.5,48.60
amsterdam,Amsterdam,Netherlands,NL,2025-02-07,5,false,5,69.77,32.13,2.6,0.0,34.0,115.84
amsterdam,Amsterdam,Netherlands,NL,2025-02-13,4,false,11,169.85,84.42,0.9,0.4,54.0,115.57
amsterdam,Amsterdam,Netherlands,NL,2025-03-17,1,false,8,73.64,36.92,4.4,0.0,51.5,83.99
amsterdam,Amsterdam,Netherlands,NL,2025-03-28,5,false,8,108.12,56.07,7.8,0.4,68.7,73.80
amsterdam,Amsterdam,Netherlands,NL,2025-03-31,1,false,7,111.52,57.04,7.7,0.0,60.3,85.10
amsterdam,Amsterdam,Netherlands,NL,2025-04-01,2,false,6,99.31,49.58,8.2,0.0,61.2,79.36
amsterdam,Amsterdam,Netherlands,NL,2025-04-03,4,false,11,186.14,90.19,13.2,0.0,65.3,90.00
amsterdam,Amsterdam,Netherlands,NL,2025-04-06,7,true,8,140.85,69.49,7.3,0.0,32.1,76.50
amsterdam,Amsterdam,Netherlands,NL,2025-04-11,5,false,6,95.10,46.44,9.8,0.0,55.4,96.34
amsterdam,Amsterdam,Netherlands,NL,2025-05-07,3,false,10,237.43,118.23,10.4,0.0,44.0,94.95
amsterdam,Amsterdam,Netherlands,NL,2025-06-07,6,true,4,63.70,33.31,13.2,10.6,48.8,119.60
amsterdam,Amsterdam,Netherlands,NL,2025-07-03,4,false,9,126.15,62.87,17.2,0.4,58.2,118.10
amsterdam,Amsterdam,Netherlands,NL,2025-08-06,3,false,9,117.73,57.48,16.9,0.0,62.8,97.09
amsterdam,Amsterdam,Netherlands,NL,2025-08-20,3,false,11,134.78,69.45,18.0,0.1,60.4,146.91
amsterdam,Amsterdam,Netherlands,NL,2025-08-21,4,false,10,122.30,59.59,16.1,0.2,45.7,91.59
amsterdam,Amsterdam,Netherlands,NL,2025-09-03,3,false,5,57.45,29.07,18.4,7.0,48.5,113.89
amsterdam,Amsterdam,Netherlands,NL,2025-10-06,1,false,8,63.65,31.07,14.3,0.9,57.4,92.50
amsterdam,Amsterdam,Netherlands,NL,2025-10-07,2,false,3,83.42,41.97,15.3,0.6,45.9,88.18
amsterdam,Amsterdam,Netherlands,NL,2025-10-15,3,false,4,51.37,26.09,13.0,1.5,46.0,102.73
amsterdam,Amsterdam,Netherlands,NL,2025-11-15,6,true,5,100.06,53.29,7.7,7.5,35.9,59.59
amsterdam,Amsterdam,Netherlands,NL,2025-11-18,2,false,13,224.16,111.50,4.6,6.1,73.1,65.59
amsterdam,Amsterdam,Netherlands,NL,2025-12-05,5,false,12,243.06,122.46,4.0,0.0,56.2,69.96
amsterdam,Amsterdam,Netherlands,NL,2025-12-13,6,true,3,51.50,24.35,7.7,0.2,33.8,54.02
amsterdam,Amsterdam,Netherlands,NL,2025-12-18,4,false,6,83.21,38.01,9.7,0.8,53.3,53.73
paris,Paris,France,FR,2024-01-09,2,false,15,311.61,139.78,-2.1,0.5,72.1,54.72
paris,Paris,France,FR,2024-01-16,2,false,10,189.28,81.72,-1.4,0.0,63.6,108.16
paris,Paris,France,FR,2024-01-22,1,false,19,281.19,120.83,10.0,3.6,55.0,79.17
paris,Paris,France,FR,2024-02-08,4,false,13,188.12,81.31,11.9,9.2,74.8,46.80
paris,Paris,France,FR,2024-02-16,5,false,9,102.15,46.25,11.4,3.6,68.6,53.96
paris,Paris,France,FR,2024-04-03,3,false,11,151.35,63.63,12.7,6.8,58.5,75.24
paris,Paris,France,FR,2024-04-15,1,false,13,298.45,127.40,9.5,2.9,58.7,83.80
paris,Paris,France,FR,2024-04-18,4,false,12,198.92,88.17,7.5,1.0,70.7,77.50
paris,Paris,France,FR,2024-05-29,3,false,6,136.05,59.01,15.1,22.8,60.3,82.83
paris,Paris,France,FR,2024-05-30,4,false,7,68.42,31.12,13.4,3.5,59.0,91.35
paris,Paris,France,FR,2024-06-06,4,false,18,359.64,155.89,14.1,0.0,52.1,95.09
paris,Paris,France,FR,2024-06-20,4,false,8,152.21,68.65,18.2,1.8,53.5,96.76
paris,Paris,France,FR,2024-06-22,6,true,7,132.94,59.27,16.0,5.3,40.6,88.20
paris,Paris,France,FR,2024-06-23,7,true,10,186.79,82.78,16.8,0.0,23.8,80.41
paris,Paris,France,FR,2024-06-25,2,false,11,165.55,73.77,22.6,0.0,58.4,100.98
paris,Paris,France,FR,2024-06-27,4,false,11,201.63,89.62,22.6,0.2,61.1,85.56
paris,Paris,France,FR,2024-08-12,1,false,16,230.63,100.93,28.2,0.0,46.4,109.84
paris,Paris,France,FR,2024-08-16,5,false,8,114.83,51.63,21.4,0.7,51.2,98.79
paris,Paris,France,FR,2024-08-28,3,false,11,145.89,64.26,21.9,0.0,60.5,103.10
paris,Paris,France,FR,2024-10-01,2,false,8,138.36,60.40,13.7,0.0,49.3,95.18
paris,Paris,France,FR,2024-10-04,5,false,11,160.56,68.84,9.8,0.0,61.6,72.03
paris,Paris,France,FR,2024-10-24,4,false,4,55.95,24.89,11.9,0.0,45.5,71.92
paris,Paris,France,FR,2024-11-12,2,false,15,239.57,101.33,8.7,1.2,39.0,57.82
paris,Paris,France,FR,2024-12-11,3,false,14,241.18,106.75,5.0,0.3,62.3,45.05
paris,Paris,France,FR,2024-12-12,4,false,18,297.65,127.28,3.9,0.0,63.1,48.84
paris,Paris,France,FR,2024-12-21,6,true,10,221.02,96.42,8.9,3.3,34.3,49.48
paris,Paris,France,FR,2025-01-04,6,true,12,183.03,79.40,-0.4,8.6,36.5,49.87
paris,Paris,France,FR,2025-02-26,3,false,15,191.93,84.09,7.1,3.6,68.8,53.09
paris,Paris,France,FR,2025-03-06,4,false,12,174.48,76.87,9.4,0.0,55.6,65.24
paris,Paris,France,FR,2025-03-08,6,true,7,116.79,51.78,11.8,0.0,33.5,54.20
paris,Paris,France,FR,2025-03-24,1,false,11,163.53,71.79,11.2,0.6,52.1,64.86
paris,Paris,France,FR,2025-03-25,2,false,10,175.01,76.49,10.2,0.0,49.3,70.92
paris,Paris,France,FR,2025-04-09,3,false,12,133.62,58.01,12.2,0.0,40.4,70.68
paris,Paris,France,FR,2025-04-25,5,false,10,95.22,40.27,11.7,0.5,55.4,74.42
paris,Paris,France,FR,2025-06-01,7,true,6,110.57,48.73,18.6,0.7,28.1,96.97
paris,Paris,France,FR,2025-06-08,7,true,3,44.95,21.07,15.1,5.3,38.9,76.22
paris,Paris,France,FR,2025-06-14,6,true,4,98.09,42.63,22.6,10.8,35.2,83.95
paris,Paris,France,FR,2025-07-04,5,false,9,120.08,54.12,21.3,0.0,49.9,105.62
paris,Paris,France,FR,2025-07-18,5,false,12,178.73,80.25,25.3,0.0,48.5,138.08
paris,Paris,France,FR,2025-07-31,4,false,10,143.95,61.10,19.6,1.0,78.6,93.12
paris,Paris,France,FR,2025-08-01,5,false,20,367.85,166.83,18.6,1.6,61.9,90.99
paris,Paris,France,FR,2025-09-02,2,false,10,201.46,89.34,15.8,3.6,63.5,84.93
paris,Paris,France,FR,2025-09-28,7,true,12,202.60,90.71,13.2,0.0,21.7,61.85
paris,Paris,France,FR,2025-10-03,5,false,10,140.52,62.63,13.5,4.1,67.1,102.45
paris,Paris,France,FR,2025-11-11,2,false,18,320.92,142.66,11.4,0.0,68.9,76.17
paris,Paris,France,FR,2025-11-14,5,false,12,191.62,84.13,15.5,3.7,73.6,63.22
paris,Paris,France,FR,2025-11-23,7,true,13,291.54,127.17,3.8,13.8,38.7,45.24
paris,Paris,France,FR,2025-11-30,7,true,10,171.66,73.62,6.1,0.1,23.7,53.69
paris,Paris,France,FR,2025-12-11,4,false,5,60.75,26.61,7.8,0.1,54.0,60.31
paris,Paris,France,FR,2025-12-30,2,false,11,148.62,63.69,2.3,0.0,45.0,52.66
madrid,Madrid,Spain,ES,2024-01-04,4,false,8,98.96,38.81,9.3,9.6,67.7,46.04
madrid,Madrid,Spain,ES,2024-01-20,6,true,4,69.29,27.93,5.7,0.0,44.4,76.99
madrid,Madrid,Spain,ES,2024-01-24,3,false,10,130.66,54.67,9.2,0.0,65.0,43.72
madrid,Madrid,Spain,ES,2024-02-06,2,false,13,346.29,137.00,8.7,0.0,61.6,41.46
madrid,Madrid,Spain,ES,2024-02-13,2,false,11,158.50,63.30,11.1,0.1,45.0,47.96
madrid,Madrid,Spain,ES,2024-03-03,7,true,10,234.15,94.59,5.3,1.5,29.5,39.76
madrid,Madrid,Spain,ES,2024-03-14,4,false,7,91.45,38.92,11.0,0.0,50.1,43.67
madrid,Madrid,Spain,ES,2024-03-25,1,false,6,120.74,49.54,12.4,13.3,60.6,45.12
madrid,Madrid,Spain,ES,2024-04-05,5,false,8,110.64,43.50,14.8,0.0,57.7,61.68
madrid,Madrid,Spain,ES,2024-04-21,7,true,5,105.75,42.53,16.4,0.0,21.2,48.89
madrid,Madrid,Spain,ES,2024-04-26,5,false,8,193.43,78.03,12.7,0.1,69.6,66.91
madrid,Madrid,Spain,ES,2024-05-05,7,true,5,64.66,22.98,15.7,0.3,36.0,59.40
madrid,Madrid,Spain,ES,2024-05-24,5,false,5,126.62,47.97,19.7,0.0,57.9,82.75
madrid,Madrid,Spain,ES,2024-06-19,3,false,6,135.49,53.29,18.5,1.8,57.3,85.12
madrid,Madrid,Spain,ES,2024-07-04,4,false,10,142.45,58.70,28.6,0.0,50.5,82.13
madrid,Madrid,Spain,ES,2024-07-19,5,false,9,209.14,78.42,30.7,0.0,63.5,94.66
madrid,Madrid,Spain,ES,2024-08-03,6,true,5,80.80,32.50,29.2,0.0,26.8,88.85
madrid,Madrid,Spain,ES,2024-08-27,2,false,4,46.00,18.29,28.5,0.0,60.2,89.61
madrid,Madrid,Spain,ES,2024-09-22,7,true,2,14.14,5.42,18.5,0.1,23.1,66.42
madrid,Madrid,Spain,ES,2024-10-07,1,false,7,109.92,45.24,17.0,6.2,68.9,86.13
madrid,Madrid,Spain,ES,2024-10-16,3,false,10,130.71,51.26,17.2,6.7,69.3,61.86
madrid,Madrid,Spain,ES,2024-11-07,4,false,9,124.19,51.33,12.7,0.0,56.3,50.75
madrid,Madrid,Spain,ES,2024-12-13,5,false,6,115.97,46.09,4.9,2.7,69.2,45.86
madrid,Madrid,Spain,ES,2024-12-17,2,false,10,139.01,55.72,3.2,0.0,70.5,44.96
madrid,Madrid,Spain,ES,2024-12-24,2,false,5,78.17,29.41,7.3,0.0,64.6,49.43
madrid,Madrid,Spain,ES,2025-01-10,5,false,9,99.50,41.14,9.0,0.0,58.7,38.43
madrid,Madrid,Spain,ES,2025-01-24,5,false,3,31.95,12.28,10.5,0.2,51.9,37.20
madrid,Madrid,Spain,ES,2025-02-18,2,false,9,146.50,59.41,10.2,0.0,61.3,32.90
madrid,Madrid,Spain,ES,2025-03-27,4,false,6,106.90,43.25,9.0,0.0,63.5,52.06
madrid,Madrid,Spain,ES,2025-04-05,6,true,7,128.96,51.55,11.5,0.3,33.5,63.47
madrid,Madrid,Spain,ES,2025-04-12,6,true,4,69.76,27.47,13.1,5.8,49.3,54.18
madrid,Madrid,Spain,ES,2025-04-29,2,false,6,88.51,34.87,16.0,0.0,50.0,62.36
madrid,Madrid,Spain,ES,2025-05-09,5,false,13,139.58,54.66,13.1,1.2,51.6,86.73
madrid,Madrid,Spain,ES,2025-05-20,2,false,13,197.62,78.29,18.6,0.0,49.2,83.24
madrid,Madrid,Spain,ES,2025-05-25,7,true,6,81.03,32.12,22.4,0.0,34.0,68.40
madrid,Madrid,Spain,ES,2025-06-18,3,false,2,29.30,11.77,30.2,0.0,50.9,82.25
madrid,Madrid,Spain,ES,2025-06-22,7,true,7,69.90,27.71,29.3,0.2,20.9,78.86
madrid,Madrid,Spain,ES,2025-06-26,4,false,6,110.81,44.71,26.1,0.0,54.0,97.97
madrid,Madrid,Spain,ES,2025-06-27,5,false,5,91.78,35.69,29.4,0.0,80.6,86.00
madrid,Madrid,Spain,ES,2025-07-13,7,true,5,79.71,32.72,26.1,0.0,35.3,59.81
madrid,Madrid,Spain,ES,2025-07-22,2,false,12,167.95,67.71,26.9,0.0,59.4,99.33
madrid,Madrid,Spain,ES,2025-08-04,1,false,6,79.66,31.90,30.6,0.0,55.8,80.63
madrid,Madrid,Spain,ES,2025-08-11,1,false,9,92.91,37.11,32.3,0.0,43.6,83.12
madrid,Madrid,Spain,ES,2025-08-13,3,false,7,98.18,37.77,30.6,0.0,61.1,75.21
madrid,Madrid,Spain,ES,2025-08-23,6,true,7,138.18,55.15,26.5,0.0,22.9,67.53
madrid,Madrid,Spain,ES,2025-09-13,6,true,7,88.76,35.30,24.5,0.0,31.4,76.05
madrid,Madrid,Spain,ES,2025-09-19,5,false,7,94.24,37.16,27.1,0.3,38.6,80.44
madrid,Madrid,Spain,ES,2025-10-02,4,false,4,93.68,36.70,21.4,0.0,53.2,71.31
madrid,Madrid,Spain,ES,2025-10-24,5,false,11,147.43,60.71,17.8,0.7,54.9,68.57
madrid,Madrid,Spain,ES,2025-12-03,3,false,12,235.32,94.75,5.7,3.0,48.8,38.21
madrid,Madrid,Spain,ES,2025-12-06,6,true,6,101.88,41.76,11.9,0.0,44.4,39.84
madrid,Madrid,Spain,ES,2025-12-14,7,true,5,58.16,22.78,7.4,0.0,17.4,45.75
madrid,Madrid,Spain,ES,2025-12-22,1,false,7,70.71,28.48,2.4,0.1,57.5,46.53
warsaw,Warsaw,Poland,PL,2024-01-14,7,true,18,377.99,135.83,0.7,2.1,24.8,44.72
warsaw,Warsaw,Poland,PL,2024-01-27,6,true,5,76.72,27.85,2.6,1.1,14.3,45.42
warsaw,Warsaw,Poland,PL,2024-02-10,6,true,10,249.55,87.80,4.5,0.0,26.8,45.74
warsaw,Warsaw,Poland,PL,2024-02-15,4,false,8,117.26,44.31,6.0,0.0,56.8,39.08
warsaw,Warsaw,Poland,PL,2024-03-06,3,false,8,161.00,56.68,5.1,0.3,46.7,55.22
warsaw,Warsaw,Poland,PL,2024-03-12,2,false,8,111.68,40.16,5.7,2.1,65.2,55.25
warsaw,Warsaw,Poland,PL,2024-03-22,5,false,7,80.60,30.11,8.2,2.1,46.1,65.30
warsaw,Warsaw,Poland,PL,2024-05-09,4,false,9,189.59,65.87,12.5,0.0,56.0,84.07
warsaw,Warsaw,Poland,PL,2024-05-20,1,false,12,266.96,98.32,18.5,0.2,59.6,84.66
warsaw,Warsaw,Poland,PL,2024-06-21,5,false,10,144.18,53.52,21.1,0.0,51.7,99.62
warsaw,Warsaw,Poland,PL,2024-07-20,6,true,7,119.46,43.15,21.9,0.0,41.9,74.27
warsaw,Warsaw,Poland,PL,2024-07-22,1,false,10,146.27,53.30,25.1,0.1,52.8,70.58
warsaw,Warsaw,Poland,PL,2024-08-01,4,false,7,105.64,39.28,21.5,0.0,53.1,127.99
warsaw,Warsaw,Poland,PL,2024-08-29,4,false,8,138.64,51.35,24.3,0.0,64.6,82.82
warsaw,Warsaw,Poland,PL,2024-09-05,4,false,7,110.59,37.70,22.3,0.0,44.8,81.70
warsaw,Warsaw,Poland,PL,2024-09-11,3,false,12,183.01,65.92,16.9,0.0,49.6,88.29
warsaw,Warsaw,Poland,PL,2024-10-25,5,false,11,195.72,72.08,6.8,0.0,45.3,67.34
warsaw,Warsaw,Poland,PL,2024-10-31,4,false,7,70.94,20.31,10.5,0.0,50.0,81.04
warsaw,Warsaw,Poland,PL,2024-11-08,5,false,10,100.16,35.21,4.3,0.0,49.2,67.82
warsaw,Warsaw,Poland,PL,2024-12-04,3,false,11,218.83,75.50,4.2,0.5,58.7,55.50
warsaw,Warsaw,Poland,PL,2024-12-18,3,false,10,189.55,68.35,7.6,0.5,69.3,51.53
warsaw,Warsaw,Poland,PL,2024-12-19,4,false,5,120.51,43.17,9.3,1.6,50.6,52.90
warsaw,Warsaw,Poland,PL,2025-01-02,4,false,9,179.64,65.72,4.6,2.4,56.4,54.22
warsaw,Warsaw,Poland,PL,2025-01-13,1,false,16,265.37,93.66,-1.9,0.0,54.3,50.73
warsaw,Warsaw,Poland,PL,2025-02-15,6,true,5,79.78,28.93,-4.1,1.3,40.0,45.87
warsaw,Warsaw,Poland,PL,2025-02-16,7,true,3,34.73,12.54,-5.4,0.5,24.6,46.19
warsaw,Warsaw,Poland,PL,2025-02-22,6,true,14,222.17,80.67,-0.7,0.0,35.3,48.51
warsaw,Warsaw,Poland,PL,2025-03-30,7,true,10,160.75,58.06,9.7,2.0,30.9,66.71
warsaw,Warsaw,Poland,PL,2025-04-04,5,false,10,173.66,61.90,12.8,0.3,61.1,69.56
warsaw,Warsaw,Poland,PL,2025-04-23,3,false,8,102.48,37.25,15.7,0.0,51.0,84.30
warsaw,Warsaw,Poland,PL,2025-05-12,1,false,8,115.03,40.19,9.6,0.0,46.1,68.12
warsaw,Warsaw,Poland,PL,2025-05-30,5,false,13,161.00,57.33,14.3,0.0,59.8,101.04
warsaw,Warsaw,Poland,PL,2025-06-04,3,false,6,94.78,35.04,20.8,1.4,56.4,103.95
warsaw,Warsaw,Poland,PL,2025-06-09,1,false,8,112.07,40.14,14.0,1.6,66.4,117.28
warsaw,Warsaw,Poland,PL,2025-07-01,2,false,12,236.11,82.12,19.0,0.0,51.0,120.97
warsaw,Warsaw,Poland,PL,2025-07-10,4,false,8,192.85,68.12,16.3,1.3,63.2,130.64
warsaw,Warsaw,Poland,PL,2025-07-11,5,false,12,158.65,58.32,15.0,2.3,58.6,94.90
warsaw,Warsaw,Poland,PL,2025-07-30,3,false,18,210.52,76.45,18.0,0.0,74.4,89.69
warsaw,Warsaw,Poland,PL,2025-08-02,6,true,7,125.33,45.47,19.7,1.3,28.8,88.27
warsaw,Warsaw,Poland,PL,2025-08-03,7,true,7,120.91,43.90,20.0,10.5,30.0,82.48
warsaw,Warsaw,Poland,PL,2025-08-15,5,false,4,107.98,39.36,25.9,0.0,59.2,125.41
warsaw,Warsaw,Poland,PL,2025-08-22,5,false,3,49.02,19.15,16.5,0.0,49.8,121.54
warsaw,Warsaw,Poland,PL,2025-08-27,3,false,19,347.00,125.16,16.7,0.0,53.5,99.57
warsaw,Warsaw,Poland,PL,2025-10-27,1,false,10,170.75,59.93,7.4,2.0,51.4,66.94
warsaw,Warsaw,Poland,PL,2025-11-02,7,true,4,97.55,35.30,11.8,0.6,33.0,50.08
warsaw,Warsaw,Poland,PL,2025-11-28,5,false,18,275.90,99.81,-1.2,0.0,53.6,70.13
warsaw,Warsaw,Poland,PL,2025-12-26,5,false,11,236.53,86.92,-2.1,0.0,61.3,54.55
amsterdam,Amsterdam,Netherlands,NL,2024-08-18,7,true,0,0.00,0.00,17.3,0.0,32.4,106.81
stockholm,Stockholm,Sweden,SE,2024-01-08,1,false,10,193.21,75.77,-8.5,0.0,50.8,29.97
stockholm,Stockholm,Sweden,SE,2024-01-21,7,true,7,124.26,47.62,-0.1,3.1,43.0,56.38
stockholm,Stockholm,Sweden,SE,2024-01-28,7,true,8,104.20,38.95,2.8,0.0,22.4,24.51
stockholm,Stockholm,Sweden,SE,2024-02-11,7,true,9,185.00,70.83,-3.1,0.2,55.4,28.18
stockholm,Stockholm,Sweden,SE,2024-03-15,5,false,5,93.69,35.88,7.8,0.5,42.3,36.55
stockholm,Stockholm,Sweden,SE,2024-03-28,4,false,9,173.84,67.49,5.6,3.7,73.0,39.22
stockholm,Stockholm,Sweden,SE,2024-04-02,2,false,8,162.85,63.02,-0.2,6.4,71.0,43.38
stockholm,Stockholm,Sweden,SE,2024-04-07,7,true,9,103.52,38.77,8.7,1.4,34.3,37.60
stockholm,Stockholm,Sweden,SE,2024-04-12,5,false,5,101.67,40.57,9.9,0.0,42.0,46.11
stockholm,Stockholm,Sweden,SE,2024-04-25,4,false,7,117.66,42.53,1.6,7.3,66.9,47.00
stockholm,Stockholm,Sweden,SE,2024-05-01,3,false,7,101.34,39.42,8.8,0.0,50.4,53.11
stockholm,Stockholm,Sweden,SE,2024-05-06,1,false,4,64.74,24.80,7.5,0.0,64.2,23.90
stockholm,Stockholm,Sweden,SE,2024-05-08,3,false,7,91.69,34.33,3.4,7.8,77.4,62.73
stockholm,Stockholm,Sweden,SE,2024-05-11,6,true,6,122.18,46.06,9.2,0.0,30.5,29.35
stockholm,Stockholm,Sweden,SE,2024-06-14,5,false,8,148.39,55.32,12.8,1.4,48.7,60.70
stockholm,Stockholm,Sweden,SE,2024-06-26,3,false,9,121.13,47.78,21.6,0.0,49.8,61.52
stockholm,Stockholm,Sweden,SE,2024-07-08,1,false,8,149.07,58.61,15.6,1.2,63.4,73.79
stockholm,Stockholm,Sweden,SE,2024-07-24,3,false,6,89.45,34.20,19.7,0.6,65.4,67.95
stockholm,Stockholm,Sweden,SE,2024-08-07,3,false,8,126.50,49.13,19.7,0.2,58.1,60.69
stockholm,Stockholm,Sweden,SE,2024-09-02,1,false,8,119.29,44.77,13.2,6.5,51.9,43.47
stockholm,Stockholm,Sweden,SE,2024-09-16,1,false,12,217.02,85.48,12.8,1.8,56.6,67.72
stockholm,Stockholm,Sweden,SE,2024-10-15,2,false,7,157.52,58.78,4.2,0.0,63.5,52.40
stockholm,Stockholm,Sweden,SE,2024-10-22,2,false,5,80.24,29.52,10.4,0.0,58.0,54.84
stockholm,Stockholm,Sweden,SE,2024-10-26,6,true,1,28.65,10.59,8.2,0.5,28.6,33.70
stockholm,Stockholm,Sweden,SE,2024-11-19,2,false,11,126.59,48.84,-1.4,0.0,55.5,27.88
stockholm,Stockholm,Sweden,SE,2025-01-01,3,false,16,249.26,92.51,-0.9,6.0,60.7,34.43
stockholm,Stockholm,Sweden,SE,2025-02-07,5,false,11,183.86,69.34,-0.4,0.0,53.6,66.15
stockholm,Stockholm,Sweden,SE,2025-02-13,4,false,4,73.04,27.32,-2.3,0.1,53.3,67.04
stockholm,Stockholm,Sweden,SE,2025-03-17,1,false,8,185.35,67.10,0.9,0.2,42.4,40.11
stockholm,Stockholm,Sweden,SE,2025-03-28,5,false,9,101.97,38.29,9.3,0.0,52.9,41.90
stockholm,Stockholm,Sweden,SE,2025-03-31,1,false,8,74.77,26.25,6.0,0.0,46.3,36.19
stockholm,Stockholm,Sweden,SE,2025-04-01,2,false,6,84.14,32.02,6.5,0.0,66.9,44.73
stockholm,Stockholm,Sweden,SE,2025-04-03,4,false,6,129.05,50.17,10.5,0.0,53.0,47.60
stockholm,Stockholm,Sweden,SE,2025-04-06,7,true,4,65.91,24.52,3.6,0.0,35.2,42.76
stockholm,Stockholm,Sweden,SE,2025-04-11,5,false,8,129.95,48.95,5.5,0.0,52.4,43.12
stockholm,Stockholm,Sweden,SE,2025-05-07,3,false,5,83.05,30.84,5.6,0.5,60.1,48.59
stockholm,Stockholm,Sweden,SE,2025-06-07,6,true,9,110.15,42.10,14.2,0.0,34.2,40.84
stockholm,Stockholm,Sweden,SE,2025-07-03,4,false,7,182.52,71.21,17.0,3.5,64.4,55.02
stockholm,Stockholm,Sweden,SE,2025-08-06,3,false,8,85.26,31.56,16.3,0.2,55.9,52.09
stockholm,Stockholm,Sweden,SE,2025-08-20,3,false,3,47.25,18.29,13.2,0.4,45.1,65.03
stockholm,Stockholm,Sweden,SE,2025-08-21,4,false,6,66.24,24.96,12.5,1.9,58.3,57.62
stockholm,Stockholm,Sweden,SE,2025-09-03,3,false,8,122.14,45.77,17.6,9.9,68.3,56.58
stockholm,Stockholm,Sweden,SE,2025-10-06,1,false,6,93.44,36.77,9.7,0.0,48.0,45.10
stockholm,Stockholm,Sweden,SE,2025-10-07,2,false,8,73.56,28.90,11.0,6.5,64.9,44.48
stockholm,Stockholm,Sweden,SE,2025-10-15,3,false,6,69.92,27.40,8.8,0.0,56.3,54.83
stockholm,Stockholm,Sweden,SE,2025-11-15,6,true,4,64.29,24.26,0.0,0.0,28.4,26.12
stockholm,Stockholm,Sweden,SE,2025-11-18,2,false,12,211.54,81.87,-3.7,0.0,44.6,44.03
stockholm,Stockholm,Sweden,SE,2025-12-05,5,false,10,152.50,59.69,4.1,2.0,54.7,26.58
stockholm,Stockholm,Sweden,SE,2025-12-13,6,true,2,23.74,8.90,3.4,4.2,37.7,27.67
stockholm,Stockholm,Sweden,SE,2025-12-18,4,false,16,267.78,102.86,3.9,0.2,61.7,34.44
oslo,Oslo,Norway,NO,2024-01-08,1,false,13,205.72,67.14,-15.2,0.0,56.7,25.58
oslo,Oslo,Norway,NO,2024-01-21,7,true,10,187.69,58.52,-2.4,4.5,27.3,45.99
oslo,Oslo,Norway,NO,2024-01-28,7,true,7,110.03,35.44,2.4,0.0,26.0,20.18
oslo,Oslo,Norway,NO,2024-02-11,7,true,8,152.30,49.72,-6.4,1.3,26.1,26.47
oslo,Oslo,Norway,NO,2024-03-15,5,false,5,27.09,8.90,3.4,12.0,62.2,34.97
oslo,Oslo,Norway,NO,2024-03-28,4,false,7,105.37,33.08,4.6,6.1,72.9,39.98
oslo,Oslo,Norway,NO,2024-04-02,2,false,14,273.03,89.89,1.8,0.0,40.6,33.43
oslo,Oslo,Norway,NO,2024-04-07,7,true,5,64.04,20.40,7.1,1.0,40.3,37.66
oslo,Oslo,Norway,NO,2024-04-12,5,false,11,155.99,48.47,7.3,0.0,58.5,55.45
oslo,Oslo,Norway,NO,2024-04-25,4,false,16,409.20,131.50,3.6,6.7,61.5,38.84
oslo,Oslo,Norway,NO,2024-05-01,3,false,7,119.13,32.39,13.2,0.0,61.9,36.74
oslo,Oslo,Norway,NO,2024-05-06,1,false,6,99.15,31.69,9.7,2.1,60.4,46.52
oslo,Oslo,Norway,NO,2024-05-08,3,false,5,106.64,36.00,11.1,0.1,41.8,39.76
oslo,Oslo,Norway,NO,2024-05-11,6,true,12,175.48,58.21,12.4,0.0,32.9,44.07
oslo,Oslo,Norway,NO,2024-06-14,5,false,6,147.48,45.85,12.4,1.6,53.2,60.65
oslo,Oslo,Norway,NO,2024-06-26,3,false,13,199.61,63.46,18.0,0.0,44.0,60.93
oslo,Oslo,Norway,NO,2024-07-08,1,false,6,95.62,29.97,13.9,0.1,64.9,49.56
oslo,Oslo,Norway,NO,2024-07-24,3,false,11,198.23,62.85,16.0,3.6,54.0,55.29
oslo,Oslo,Norway,NO,2024-08-07,3,false,11,186.27,59.24,18.3,8.7,65.2,62.58
oslo,Oslo,Norway,NO,2024-09-02,1,false,11,176.93,54.55,11.9,10.6,63.2,46.99
oslo,Oslo,Norway,NO,2024-09-16,1,false,9,146.71,46.48,12.3,6.6,73.4,56.08
oslo,Oslo,Norway,NO,2024-10-15,2,false,15,241.48,74.03,3.3,0.0,51.2,42.25
oslo,Oslo,Norway,NO,2024-10-22,2,false,11,199.64,60.94,8.7,0.0,66.1,40.96
oslo,Oslo,Norway,NO,2024-10-26,6,true,10,185.88,57.59,7.2,0.0,39.3,31.86
oslo,Oslo,Norway,NO,2024-11-19,2,false,18,324.20,97.19,-0.9,0.7,53.8,30.64
oslo,Oslo,Norway,NO,2025-01-01,3,false,19,317.88,98.64,-5.9,3.1,72.7,30.43
oslo,Oslo,Norway,NO,2025-02-07,5,false,16,300.17,93.40,-6.3,0.0,51.5,48.53
oslo,Oslo,Norway,NO,2025-02-13,4,false,12,208.83,66.49,-3.5,0.0,44.0,58.25
oslo,Oslo,Norway,NO,2025-03-17,1,false,10,274.07,86.88,1.1,0.0,77.4,33.88
oslo,Oslo,Norway,NO,2025-03-28,5,false,11,190.17,60.29,6.0,0.2,45.0,31.59
oslo,Oslo,Norway,NO,2025-03-31,1,false,7,96.58,29.88,5.3,0.0,52.6,37.52
oslo,Oslo,Norway,NO,2025-04-01,2,false,10,138.13,43.74,6.2,0.0,44.9,30.36
oslo,Oslo,Norway,NO,2025-04-03,4,false,9,156.88,50.48,7.5,0.0,53.8,27.31
oslo,Oslo,Norway,NO,2025-04-06,7,true,2,19.29,5.92,6.4,0.0,31.9,26.20
oslo,Oslo,Norway,NO,2025-04-11,5,false,13,210.57,66.50,10.3,0.1,63.7,46.16
oslo,Oslo,Norway,NO,2025-05-07,3,false,12,131.76,41.82,9.3,0.0,57.7,46.44
oslo,Oslo,Norway,NO,2025-06-07,6,true,11,187.70,59.32,12.5,5.9,41.5,44.89
oslo,Oslo,Norway,NO,2025-07-03,4,false,9,204.40,66.08,15.5,9.2,71.2,42.64
oslo,Oslo,Norway,NO,2025-08-06,3,false,11,248.44,77.60,16.6,0.0,57.4,53.58
oslo,Oslo,Norway,NO,2025-08-20,3,false,13,161.75,51.98,13.6,0.2,58.9,32.15
oslo,Oslo,Norway,NO,2025-08-21,4,false,3,25.01,8.12,13.5,1.1,53.1,45.04
oslo,Oslo,Norway,NO,2025-09-03,3,false,14,243.46,77.41,15.7,4.9,68.4,43.82
oslo,Oslo,Norway,NO,2025-10-06,1,false,9,164.99,50.82,9.4,1.0,48.4,39.22
oslo,Oslo,Norway,NO,2025-10-07,2,false,9,122.95,39.09,11.2,5.7,83.5,38.86
oslo,Oslo,Norway,NO,2025-10-15,3,false,11,191.73,60.49,7.2,0.0,65.6,41.51
oslo,Oslo,Norway,NO,2025-11-15,6,true,8,124.29,39.15,-0.6,0.0,41.2,26.91
oslo,Oslo,Norway,NO,2025-11-18,2,false,11,230.59,73.19,-1.9,0.1,31.3,31.21
oslo,Oslo,Norway,NO,2025-12-05,5,false,10,194.41,62.74,2.5,3.7,59.6,29.10
oslo,Oslo,Norway,NO,2025-12-13,6,true,3,80.91,25.69,3.3,4.9,27.4,24.71
oslo,Oslo,Norway,NO,2025-12-18,4,false,14,219.64,71.88,6.0,3.4,62.1,28.18
copenhagen,Copenhagen,Denmark,DK,2024-01-02,2,false,7,160.70,76.88,2.9,2.4,69.2,52.38
copenhagen,Copenhagen,Denmark,DK,2024-01-03,3,false,6,138.44,67.65,1.4,14.6,63.9,44.03
copenhagen,Copenhagen,Denmark,DK,2024-01-05,5,false,11,145.78,70.14,-6.3,0.0,51.1,40.42
copenhagen,Copenhagen,Denmark,DK,2024-01-23,2,false,9,122.84,58.68,4.6,1.6,69.9,45.94
copenhagen,Copenhagen,Denmark,DK,2024-01-25,4,false,3,65.69,32.52,4.2,0.0,54.2,45.88
copenhagen,Copenhagen,Denmark,DK,2024-01-31,3,false,13,169.78,79.95,4.1,0.6,54.1,50.27
copenhagen,Copenhagen,Denmark,DK,2024-02-07,3,false,11,178.63,85.74,0.9,0.6,55.6,48.94
copenhagen,Copenhagen,Denmark,DK,2024-03-24,7,true,7,105.43,49.58,4.5,3.1,26.3,60.91
copenhagen,Copenhagen,Denmark,DK,2024-05-02,4,false,10,139.78,67.25,13.5,0.0,60.2,82.20
copenhagen,Copenhagen,Denmark,DK,2024-05-03,5,false,3,35.77,17.22,13.3,0.0,46.7,83.08
copenhagen,Copenhagen,Denmark,DK,2024-05-31,5,false,7,91.31,43.64,17.8,1.1,66.0,78.57
copenhagen,Copenhagen,Denmark,DK,2024-06-29,6,true,3,63.72,31.73,16.6,0.3,30.6,87.54
copenhagen,Copenhagen,Denmark,DK,2024-07-25,4,false,9,113.28,55.37,17.4,0.0,50.8,87.84
copenhagen,Copenhagen,Denmark,DK,2024-07-26,5,false,9,118.23,56.17,18.3,7.7,75.5,93.86
copenhagen,Copenhagen,Denmark,DK,2024-08-08,4,false,7,105.23,49.54,18.6,2.5,53.1,113.20
copenhagen,Copenhagen,Denmark,DK,2024-08-20,2,false,6,176.17,83.80,18.3,0.0,55.1,82.18
copenhagen,Copenhagen,Denmark,DK,2024-08-22,4,false,12,200.10,97.65,16.8,1.2,42.7,88.43
copenhagen,Copenhagen,Denmark,DK,2024-09-28,6,true,7,136.08,66.27,11.1,0.1,22.9,75.29
copenhagen,Copenhagen,Denmark,DK,2024-10-27,7,true,3,61.41,29.10,11.2,1.9,28.4,49.56
copenhagen,Copenhagen,Denmark,DK,2024-10-28,1,false,10,139.01,67.15,10.5,2.2,57.0,81.81
copenhagen,Copenhagen,Denmark,DK,2024-10-30,3,false,10,130.89,62.39,11.0,0.0,44.4,71.15
copenhagen,Copenhagen,Denmark,DK,2024-11-01,5,false,13,150.92,70.98,11.8,0.1,57.3,61.27
copenhagen,Copenhagen,Denmark,DK,2024-11-03,7,true,3,53.52,25.01,9.2,0.0,40.1,55.27
copenhagen,Copenhagen,Denmark,DK,2024-11-14,4,false,12,169.08,79.43,7.5,0.0,56.2,46.53
copenhagen,Copenhagen,Denmark,DK,2024-11-15,5,false,6,91.70,44.67,8.8,0.0,45.2,59.16
copenhagen,Copenhagen,Denmark,DK,2024-11-24,7,true,9,212.04,101.22,8.7,9.3,43.8,54.24
copenhagen,Copenhagen,Denmark,DK,2024-12-06,5,false,12,162.92,77.91,4.7,1.8,66.7,50.18
copenhagen,Copenhagen,Denmark,DK,2024-12-09,1,false,12,191.57,93.57,4.1,0.1,44.2,60.85
copenhagen,Copenhagen,Denmark,DK,2024-12-25,3,false,6,68.15,32.99,7.0,0.2,60.0,45.90
copenhagen,Copenhagen,Denmark,DK,2024-12-27,5,false,8,122.15,61.70,5.5,4.8,69.1,58.44
copenhagen,Copenhagen,Denmark,DK,2025-01-06,1,false,14,190.90,92.43,5.0,15.7,63.7,50.62
copenhagen,Copenhagen,Denmark,DK,2025-02-14,5,false,15,181.81,85.21,-1.0,0.0,54.6,98.99
copenhagen,Copenhagen,Denmark,DK,2025-02-17,1,false,6,79.00,38.43,-2.7,0.0,63.2,36.70
copenhagen,Copenhagen,Denmark,DK,2025-02-23,7,true,3,20.17,9.66,5.6,0.1,23.7,53.60
copenhagen,Copenhagen,Denmark,DK,2025-03-02,7,true,3,44.20,20.28,5.7,0.0,32.3,49.38
copenhagen,Copenhagen,Denmark,DK,2025-03-03,1,false,10,183.32,86.53,6.3,0.0,62.4,54.59
copenhagen,Copenhagen,Denmark,DK,2025-04-19,6,true,8,115.42,55.50,9.0,4.7,26.5,57.16
copenhagen,Copenhagen,Denmark,DK,2025-04-30,3,false,10,180.20,88.36,14.4,0.0,69.7,75.22
copenhagen,Copenhagen,Denmark,DK,2025-06-13,5,false,13,148.82,73.20,14.8,0.0,69.2,74.31
copenhagen,Copenhagen,Denmark,DK,2025-06-23,1,false,8,152.61,74.12,17.0,5.7,69.4,89.88
copenhagen,Copenhagen,Denmark,DK,2025-07-27,7,true,11,165.25,78.54,19.1,0.3,21.3,78.64
copenhagen,Copenhagen,Denmark,DK,2025-08-07,4,false,10,99.23,45.79,17.1,0.6,62.3,95.13
copenhagen,Copenhagen,Denmark,DK,2025-08-10,7,true,4,29.66,14.09,17.6,0.0,28.5,79.85
copenhagen,Copenhagen,Denmark,DK,2025-09-10,3,false,7,119.07,56.15,18.6,8.1,76.2,69.63
copenhagen,Copenhagen,Denmark,DK,2025-09-17,3,false,10,108.05,51.86,15.2,0.1,59.5,77.89
copenhagen,Copenhagen,Denmark,DK,2025-09-24,3,false,9,115.98,55.03,11.5,0.0,53.2,82.00
copenhagen,Copenhagen,Denmark,DK,2025-10-04,6,true,6,100.57,47.32,11.1,29.8,47.1,81.09
copenhagen,Copenhagen,Denmark,DK,2025-10-05,7,true,7,110.38,52.75,12.2,7.4,37.0,55.55
copenhagen,Copenhagen,Denmark,DK,2025-10-19,7,true,6,51.97,24.51,7.6,0.0,27.6,49.33
copenhagen,Copenhagen,Denmark,DK,2025-12-07,7,true,5,75.20,38.19,6.3,0.2,26.7,47.24
copenhagen,Copenhagen,Denmark,DK,2025-12-12,5,false,8,148.29,70.82,7.1,0.0,61.0,54.76
copenhagen,Copenhagen,Denmark,DK,2025-12-21,7,true,7,120.70,58.79,4.6,0.0,35.5,41.04
berlin,Berlin,Germany,DE,2024-01-01,1,false,12,199.15,102.91,5.2,1.9,64.5,45.33
berlin,Berlin,Germany,DE,2024-02-01,4,false,13,245.42,126.46,5.8,2.1,66.7,57.85
berlin,Berlin,Germany,DE,2024-04-14,7,true,4,67.91,34.49,13.8,0.1,34.9,64.35
berlin,Berlin,Germany,DE,2024-04-20,6,true,10,130.50,66.46,5.1,2.6,29.6,71.54
berlin,Berlin,Germany,DE,2024-04-23,2,false,14,256.47,132.46,4.4,0.0,64.7,85.34
berlin,Berlin,Germany,DE,2024-05-23,4,false,8,81.50,42.18,17.9,1.1,50.3,104.59
berlin,Berlin,Germany,DE,2024-06-02,7,true,4,45.09,22.46,18.7,9.2,50.9,103.24
berlin,Berlin,Germany,DE,2024-06-09,7,true,7,91.44,49.61,15.2,0.0,40.1,89.86
berlin,Berlin,Germany,DE,2024-06-12,3,false,8,180.52,92.69,13.3,0.3,61.5,96.61
berlin,Berlin,Germany,DE,2024-06-24,1,false,4,47.60,23.69,18.8,0.1,58.5,100.69
berlin,Berlin,Germany,DE,2024-07-01,1,false,5,56.14,27.79,17.4,7.9,58.0,111.63
berlin,Berlin,Germany,DE,2024-07-05,5,false,6,85.40,42.44,16.4,0.0,51.0,94.40
berlin,Berlin,Germany,DE,2024-07-10,3,false,5,80.24,40.24,25.3,2.2,60.0,94.60
berlin,Berlin,Germany,DE,2024-07-17,3,false,6,163.90,82.87,20.1,0.1,61.8,110.70
berlin,Berlin,Germany,DE,2024-07-30,2,false,11,187.98,96.27,19.9,0.0,56.7,108.06
berlin,Berlin,Germany,DE,2024-08-02,5,false,12,246.49,124.87,18.9,0.0,49.1,116.72
berlin,Berlin,Germany,DE,2024-08-13,2,false,10,186.93,95.55,23.0,0.0,54.2,118.46
berlin,Berlin,Germany,DE,2024-09-04,3,false,7,118.24,63.14,26.8,0.0,67.1,136.16
berlin,Berlin,Germany,DE,2024-09-09,1,false,8,100.95,52.71,18.4,7.5,66.1,99.91
berlin,Berlin,Germany,DE,2024-09-13,5,false,8,144.52,75.69,11.6,7.4,74.3,82.51
berlin,Berlin,Germany,DE,2024-09-24,2,false,6,103.99,55.01,14.5,11.6,67.5,93.49
berlin,Berlin,Germany,DE,2024-11-05,2,false,6,59.00,30.27,6.9,0.0,53.0,54.34
berlin,Berlin,Germany,DE,2024-12-01,7,true,6,153.49,79.59,0.2,0.0,41.6,47.32
berlin,Berlin,Germany,DE,2024-12-08,7,true,6,71.23,36.13,4.0,1.3,33.3,53.74
berlin,Berlin,Germany,DE,2024-12-22,7,true,2,24.49,12.32,5.2,3.7,39.4,54.84
berlin,Berlin,Germany,DE,2025-01-14,2,false,3,89.97,47.81,-1.0,2.5,70.9,59.48
berlin,Berlin,Germany,DE,2025-01-22,3,false,12,192.32,98.34,-0.1,0.0,58.4,64.51
berlin,Berlin,Germany,DE,2025-02-01,6,true,5,102.68,53.76,2.0,0.0,28.0,85.64
berlin,Berlin,Germany,DE,2025-03-21,5,false,5,70.32,36.38,9.0,0.0,66.6,48.90
berlin,Berlin,Germany,DE,2025-03-22,6,true,4,53.14,28.77,8.5,0.0,42.0,64.51
berlin,Berlin,Germany,DE,2025-04-15,2,false,8,95.80,49.67,16.7,0.1,65.4,87.15
berlin,Berlin,Germany,DE,2025-05-03,6,true,6,114.08,60.95,14.8,1.0,35.9,86.31
berlin,Berlin,Germany,DE,2025-05-14,3,false,9,154.36,81.87,16.6,0.0,45.7,84.77
berlin,Berlin,Germany,DE,2025-05-26,1,false,10,160.76,82.68,15.3,0.1,42.1,116.84
berlin,Berlin,Germany,DE,2025-05-27,2,false,7,149.73,77.68,16.1,0.0,65.8,95.71
berlin,Berlin,Germany,DE,2025-06-02,1,false,5,89.39,46.35,18.1,0.2,68.3,104.52
berlin,Berlin,Germany,DE,2025-07-12,6,true,3,26.62,13.68,15.8,19.9,39.5,103.20
berlin,Berlin,Germany,DE,2025-07-14,1,false,8,91.52,47.48,19.7,8.1,79.0,118.70
berlin,Berlin,Germany,DE,2025-07-20,7,true,6,76.83,39.35,23.7,0.0,8.5,77.33
berlin,Berlin,Germany,DE,2025-08-17,7,true,4,44.08,22.38,17.8,0.2,26.0,77.97
berlin,Berlin,Germany,DE,2025-08-30,6,true,7,90.12,47.38,18.5,0.2,42.0,106.59
berlin,Berlin,Germany,DE,2025-09-01,1,false,10,132.74,69.49,20.4,1.9,66.3,122.46
berlin,Berlin,Germany,DE,2025-09-07,7,true,5,106.18,56.67,16.4,0.0,34.7,96.64
berlin,Berlin,Germany,DE,2025-09-11,4,false,5,103.12,53.45,17.0,3.1,64.3,109.57
berlin,Berlin,Germany,DE,2025-09-23,2,false,10,159.51,79.24,10.9,0.1,71.2,84.62
berlin,Berlin,Germany,DE,2025-10-21,2,false,1,4.73,2.44,11.7,1.2,55.1,83.42
berlin,Berlin,Germany,DE,2025-10-22,3,false,6,176.85,91.63,12.2,1.5,61.9,74.41
berlin,Berlin,Germany,DE,2025-10-28,2,false,7,94.99,48.31,8.6,7.8,70.2,67.12
berlin,Berlin,Germany,DE,2025-10-31,5,false,6,70.79,38.42,7.9,0.0,50.6,100.08
berlin,Berlin,Germany,DE,2025-11-07,5,false,10,97.76,50.38,7.3,0.0,58.7,72.61
berlin,Berlin,Germany,DE,2025-12-01,1,false,10,114.01,59.74,3.1,0.0,58.3,64.66
berlin,Berlin,Germany,DE,2025-12-04,4,false,4,96.49,52.84,1.7,0.0,59.8,51.14
berlin,Berlin,Germany,DE,2025-12-10,3,false,8,111.29,56.28,10.0,0.7,48.8,62.17
berlin,Berlin,Germany,DE,2025-12-31,3,false,6,102.67,55.36,0.2,2.5,63.5,56.96
amsterdam,Amsterdam,Netherlands,NL,2024-02-02,5,false,5,73.73,37.22,8.2,0.3,53.7,56.21
amsterdam,Amsterdam,Netherlands,NL,2024-02-09,5,false,6,88.11,44.95,9.9,7.0,66.4,61.28
amsterdam,Amsterdam,Netherlands,NL,2024-03-05,2,false,13,208.40,104.38,5.5,0.4,52.8,55.87
amsterdam,Amsterdam,Netherlands,NL,2024-03-16,6,true,3,73.38,36.46,7.5,0.6,32.1,56.80
amsterdam,Amsterdam,Netherlands,NL,2024-03-21,4,false,11,142.17,71.99,8.8,0.0,61.5,61.06
amsterdam,Amsterdam,Netherlands,NL,2024-04-16,2,false,14,231.79,114.70,7.7,8.5,80.1,76.64
amsterdam,Amsterdam,Netherlands,NL,2024-04-17,3,false,9,142.42,70.84,6.0,7.4,57.5,89.59
amsterdam,Amsterdam,Netherlands,NL,2024-05-25,6,true,5,76.99,40.98,14.7,17.0,30.3,99.22
amsterdam,Amsterdam,Netherlands,NL,2024-05-28,2,false,7,78.57,38.16,14.1,7.2,63.7,111.72
amsterdam,Amsterdam,Netherlands,NL,2024-07-03,3,false,6,97.73,49.65,13.3,11.0,59.8,114.08
amsterdam,Amsterdam,Netherlands,NL,2024-07-11,4,false,6,88.50,43.48,16.5,0.8,55.0,115.23
amsterdam,Amsterdam,Netherlands,NL,2024-07-13,6,true,6,92.85,47.28,14.5,7.2,50.5,108.66
amsterdam,Amsterdam,Netherlands,NL,2024-08-31,6,true,4,47.64,23.00,18.0,0.0,30.1,79.85
amsterdam,Amsterdam,Netherlands,NL,2024-09-01,7,true,5,62.03,29.92,21.4,1.3,25.4,104.26
amsterdam,Amsterdam,Netherlands,NL,2024-09-10,2,false,12,163.20,80.71,15.2,19.0,56.5,106.85
amsterdam,Amsterdam,Netherlands,NL,2024-09-15,7,true,9,67.28,32.74,13.7,0.0,46.6,95.24
amsterdam,Amsterdam,Netherlands,NL,2024-10-05,6,true,7,72.58,35.01,8.9,0.0,35.8,69.52
amsterdam,Amsterdam,Netherlands,NL,2024-10-12,6,true,3,105.52,52.20,9.0,2.8,23.0,80.22
amsterdam,Amsterdam,Netherlands,NL,2024-10-13,7,true,14,215.25,107.29,10.4,1.2,22.9,72.25
amsterdam,Amsterdam,Netherlands,NL,2024-10-17,4,false,9,99.00,51.26,15.7,0.5,49.5,68.40
amsterdam,Amsterdam,Netherlands,NL,2024-11-04,1,false,12,171.97,85.64,7.0,0.0,43.5,88.67
amsterdam,Amsterdam,Netherlands,NL,2024-11-28,4,false,7,133.52,65.74,7.2,0.3,58.8,54.35
amsterdam,Amsterdam,Netherlands,NL,2024-12-05,4,false,9,95.53,46.84,7.0,26.4,74.3,61.26
amsterdam,Amsterdam,Netherlands,NL,2024-12-23,1,false,4,40.94,20.37,6.6,0.9,55.1,48.15
amsterdam,Amsterdam,Netherlands,NL,2025-01-16,4,false,6,130.56,64.85,4.8,0.0,60.1,66.47
amsterdam,Amsterdam,Netherlands,NL,2025-01-18,6,true,6,84.30,41.03,-0.9,0.0,33.5,48.16
amsterdam,Amsterdam,Netherlands,NL,2025-01-29,3,false,7,131.14,63.18,6.7,2.4,66.4,52.92
amsterdam,Amsterdam,Netherlands,NL,2025-02-25,2,false,9,112.60,56.16,7.6,0.0,67.3,66.46
amsterdam,Amsterdam,Netherlands,NL,2025-03-15,6,true,7,83.10,40.53,3.0,0.0,29.6,67.57
amsterdam,Amsterdam,Netherlands,NL,2025-04-02,3,false,5,68.20,34.27,10.6,0.0,67.6,91.79
amsterdam,Amsterdam,Netherlands,NL,2025-04-22,2,false,6,78.76,37.88,11.5,0.4,56.1,77.73
amsterdam,Amsterdam,Netherlands,NL,2025-04-24,4,false,7,159.23,82.55,10.4,9.7,68.7,92.53
amsterdam,Amsterdam,Netherlands,NL,2025-05-21,3,false,6,61.82,31.22,12.7,0.0,52.8,119.82
amsterdam,Amsterdam,Netherlands,NL,2025-06-11,3,false,2,39.77,18.99,14.7,0.0,64.2,117.02
amsterdam,Amsterdam,Netherlands,NL,2025-06-19,4,false,6,106.77,53.53,17.8,0.0,63.3,141.01
amsterdam,Amsterdam,Netherlands,NL,2025-07-15,2,false,11,176.51,89.82,18.7,0.5,55.6,126.81
amsterdam,Amsterdam,Netherlands,NL,2025-07-29,2,false,6,48.07,24.66,17.2,0.5,57.1,135.62
amsterdam,Amsterdam,Netherlands,NL,2025-08-24,7,true,4,64.06,32.13,14.7,0.0,44.2,78.33
amsterdam,Amsterdam,Netherlands,NL,2025-09-21,7,true,11,156.15,76.38,14.4,0.2,31.8,90.52
amsterdam,Amsterdam,Netherlands,NL,2025-09-30,2,false,8,106.31,54.35,12.5,0.6,56.0,111.46
amsterdam,Amsterdam,Netherlands,NL,2025-10-10,5,false,6,78.03,40.02,14.5,0.0,57.8,82.83
amsterdam,Amsterdam,Netherlands,NL,2025-10-13,1,false,6,73.51,37.82,14.1,0.4,63.3,80.65
amsterdam,Amsterdam,Netherlands,NL,2025-10-26,7,true,9,137.60,67.70,9.1,20.0,34.3,72.27
amsterdam,Amsterdam,Netherlands,NL,2025-11-09,7,true,5,53.73,27.10,10.4,0.5,27.6,55.60
amsterdam,Amsterdam,Netherlands,NL,2025-11-26,3,false,15,326.28,161.69,2.4,0.0,52.5,86.28
paris,Paris,France,FR,2024-01-02,2,false,10,118.44,52.16,11.0,12.1,60.4,56.91
paris,Paris,France,FR,2024-01-03,3,false,14,203.50,88.50,9.8,2.7,56.4,57.43
paris,Paris,France,FR,2024-01-05,5,false,23,421.99,184.57,6.4,0.0,57.3,54.85
paris,Paris,France,FR,2024-01-23,2,false,9,142.88,63.58,9.2,0.5,54.4,55.10
paris,Paris,France,FR,2024-01-25,4,false,12,188.95,83.71,10.8,1.5,53.5,57.46
paris,Paris,France,FR,2024-01-31,3,false,11,150.06,64.94,6.7,0.0,57.1,48.57
paris,Paris,France,FR,2024-02-07,3,false,11,210.46,92.47,11.3,12.2,75.7,39.46
paris,Paris,France,FR,2024-03-24,7,true,9,163.27,71.87,6.7,0.6,41.2,48.69
paris,Paris,France,FR,2024-05-02,4,false,8,183.90,83.25,11.7,8.2,74.9,73.91
paris,Paris,France,FR,2024-05-03,5,false,9,146.61,62.44,11.6,2.8,69.6,91.39
paris,Paris,France,FR,2024-05-31,5,false,9,215.15,98.12,13.5,5.4,61.0,114.25
paris,Paris,France,FR,2024-06-29,6,true,7,88.67,37.60,17.4,26.8,29.9,88.54
paris,Paris,France,FR,2024-07-25,4,false,13,173.30,78.45,22.9,1.9,56.2,113.82
paris,Paris,France,FR,2024-07-26,5,false,12,195.31,85.20,20.7,6.0,75.0,105.49
paris,Paris,France,FR,2024-08-08,4,false,19,279.95,123.92,21.6,0.0,44.2,96.09
paris,Paris,France,FR,2024-08-20,2,false,14,208.09,93.04,17.9,24.1,72.1,80.60
paris,Paris,France,FR,2024-08-22,4,false,9,158.30,71.40,18.3,0.0,52.1,91.81
paris,Paris,France,FR,2024-09-28,6,true,8,141.10,59.52,10.1,0.3,29.8,76.78
paris,Paris,France,FR,2024-10-27,7,true,5,72.10,30.42,14.3,3.1,25.3,55.34
paris,Paris,France,FR,2024-10-28,1,false,8,181.10,81.44,12.9,0.0,54.4,62.25
paris,Paris,France,FR,2024-10-30,3,false,5,89.40,38.70,12.6,0.0,51.9,70.78
paris,Paris,France,FR,2024-11-01,5,false,8,90.72,40.18,10.8,0.1,52.0,73.49
paris,Paris,France,FR,2024-11-03,7,true,7,126.26,57.27,10.1,0.0,24.1,56.55
paris,Paris,France,FR,2024-11-14,4,false,9,147.88,63.66,8.6,0.0,48.6,53.01
paris,Paris,France,FR,2024-11-15,5,false,7,105.94,47.01,8.6,0.0,53.0,68.87
paris,Paris,France,FR,2024-11-24,7,true,11,165.95,73.24,15.3,0.0,26.4,49.81
paris,Paris,France,FR,2024-12-06,5,false,16,205.55,90.04,8.9,1.6,49.3,66.49
paris,Paris,France,FR,2024-12-09,1,false,11,224.08,99.53,5.6,1.1,69.1,49.04
paris,Paris,France,FR,2024-12-25,3,false,7,99.61,44.45,9.3,0.0,55.2,39.66
paris,Paris,France,FR,2024-12-27,5,false,16,286.25,124.24,1.8,0.0,44.0,47.62
paris,Paris,France,FR,2025-01-06,1,false,12,256.89,115.18,9.2,3.6,71.3,53.34
paris,Paris,France,FR,2025-02-14,5,false,11,182.73,81.52,1.3,0.0,45.9,111.78
paris,Paris,France,FR,2025-02-17,1,false,9,117.57,52.65,1.8,0.0,60.3,56.93
paris,Paris,France,FR,2025-02-23,7,true,11,137.91,60.88,9.1,0.0,26.0,39.55
paris,Paris,France,FR,2025-03-02,7,true,15,259.56,113.12,4.7,0.0,39.3,39.14
paris,Paris,France,FR,2025-03-03,1,false,18,368.75,158.81,4.7,0.0,47.0,55.06
paris,Paris,France,FR,2025-04-19,6,true,10,110.12,48.36,13.9,4.0,29.9,57.52
paris,Paris,France,FR,2025-04-30,3,false,9,108.50,46.25,21.5,0.0,44.0,105.19
paris,Paris,France,FR,2025-06-13,5,false,14,289.06,125.60,25.8,5.2,55.0,105.81
paris,Paris,France,FR,2025-06-23,1,false,16,404.02,176.68,20.9,0.1,49.1,91.18
paris,Paris,France,FR,2025-07-27,7,true,12,202.43,88.45,18.1,4.3,40.4,88.49
paris,Paris,France,FR,2025-08-07,4,false,7,118.80,50.97,21.9,0.0,59.2,106.02
paris,Paris,France,FR,2025-08-10,7,true,13,218.19,98.71,21.0,0.0,26.5,77.62
paris,Paris,France,FR,2025-09-10,3,false,14,276.97,123.03,16.3,4.5,73.2,101.67
paris,Paris,France,FR,2025-09-17,3,false,13,168.42,73.28,16.7,0.0,59.0,84.32
paris,Paris,France,FR,2025-09-24,3,false,11,204.88,89.52,10.7,11.0,77.1,79.10
paris,Paris,France,FR,2025-10-04,6,true,13,170.04,75.14,14.5,8.7,29.8,76.51
paris,Paris,France,FR,2025-10-05,7,true,6,88.21,38.85,12.6,0.0,39.2,79.55
paris,Paris,France,FR,2025-10-19,7,true,7,136.18,60.18,12.0,3.6,34.0,58.94
paris,Paris,France,FR,2025-12-07,7,true,9,105.95,45.92,12.8,9.2,42.4,53.59
paris,Paris,France,FR,2025-12-12,5,false,10,151.00,66.80,9.5,0.1,58.8,50.58
paris,Paris,France,FR,2025-12-21,7,true,3,61.59,27.42,9.6,11.6,49.0,43.19
madrid,Madrid,Spain,ES,2024-01-14,7,true,6,57.02,23.09,6.7,1.1,20.3,29.89
madrid,Madrid,Spain,ES,2024-01-27,6,true,7,130.47,48.49,10.0,0.0,32.5,33.64
madrid,Madrid,Spain,ES,2024-02-10,6,true,1,21.78,8.82,7.1,1.1,35.9,32.99
madrid,Madrid,Spain,ES,2024-02-15,4,false,11,214.86,89.43,11.3,5.4,49.2,41.14
madrid,Madrid,Spain,ES,2024-03-06,3,false,6,54.07,21.00,7.0,0.0,60.8,53.54
madrid,Madrid,Spain,ES,2024-03-12,2,false,13,201.33,80.98,8.7,0.0,50.2,58.78
madrid,Madrid,Spain,ES,2024-03-22,5,false,8,100.06,37.50,17.8,0.0,69.7,48.95
madrid,Madrid,Spain,ES,2024-05-09,4,false,12,160.71,64.87,19.4,0.0,44.2,80.85
madrid,Madrid,Spain,ES,2024-05-20,1,false,13,189.71,75.80,14.5,1.6,51.8,79.64
madrid,Madrid,Spain,ES,2024-06-21,5,false,5,56.91,22.61,20.3,0.0,61.1,91.73
madrid,Madrid,Spain,ES,2024-07-20,6,true,7,117.09,47.83,29.2,0.0,27.1,78.99
madrid,Madrid,Spain,ES,2024-07-22,1,false,9,211.56,85.30,27.3,0.0,71.0,75.81
madrid,Madrid,Spain,ES,2024-08-01,4,false,6,66.88,25.64,30.1,0.0,46.3,75.46
madrid,Madrid,Spain,ES,2024-08-29,4,false,15,203.82,83.77,23.5,11.7,71.6,76.86
madrid,Madrid,Spain,ES,2024-09-05,4,false,11,158.55,61.75,20.2,0.0,60.8,80.33
madrid,Madrid,Spain,ES,2024-09-11,3,false,12,244.31,96.44,22.7,0.0,53.3,79.93
madrid,Madrid,Spain,ES,2024-10-25,5,false,8,118.04,48.44,13.9,10.1,67.7,55.81
madrid,Madrid,Spain,ES,2024-10-31,4,false,7,128.70,54.03,14.3,0.9,54.8,58.35
madrid,Madrid,Spain,ES,2024-11-08,5,false,11,225.47,91.35,11.6,0.0,58.2,60.39
madrid,Madrid,Spain,ES,2024-12-04,3,false,9,126.90,51.19,10.4,0.5,56.7,37.77
madrid,Madrid,Spain,ES,2024-12-18,3,false,15,222.61,90.04,5.4,0.0,49.5,43.55
madrid,Madrid,Spain,ES,2024-12-19,4,false,11,204.46,80.53,9.2,1.2,39.5,40.18
madrid,Madrid,Spain,ES,2025-01-02,4,false,14,245.23,97.51,3.0,0.0,69.7,51.95
madrid,Madrid,Spain,ES,2025-01-13,1,false,13,248.58,98.79,4.1,0.0,68.1,36.69
madrid,Madrid,Spain,ES,2025-02-15,6,true,4,58.58,22.84,8.9,0.0,42.1,39.74
madrid,Madrid,Spain,ES,2025-02-16,7,true,7,109.26,43.56,10.2,0.0,22.9,43.81
madrid,Madrid,Spain,ES,2025-02-22,6,true,6,97.43,38.99,9.3,0.3,30.8,42.19
madrid,Madrid,Spain,ES,2025-03-30,7,true,8,100.05,40.06,10.2,0.0,27.8,46.66
madrid,Madrid,Spain,ES,2025-04-04,5,false,9,97.70,38.80,11.5,13.0,70.2,56.65
madrid,Madrid,Spain,ES,2025-04-23,3,false,8,114.45,47.97,14.0,0.0,56.8,48.27
madrid,Madrid,Spain,ES,2025-05-12,1,false,6,99.31,39.82,12.9,0.1,57.3,73.04
madrid,Madrid,Spain,ES,2025-05-30,5,false,4,87.82,36.35,27.5,0.0,44.5,70.89
madrid,Madrid,Spain,ES,2025-06-04,3,false,15,228.46,90.87,20.6,0.0,72.1,92.91
madrid,Madrid,Spain,ES,2025-06-09,1,false,10,137.28,56.91,27.7,1.1,71.6,80.77
madrid,Madrid,Spain,ES,2025-07-01,2,false,5,42.72,16.88,31.3,0.0,53.0,90.15
madrid,Madrid,Spain,ES,2025-07-10,4,false,6,84.31,33.64,29.6,0.0,43.1,90.56
madrid,Madrid,Spain,ES,2025-07-11,5,false,10,130.87,51.48,26.4,0.0,49.0,80.31
madrid,Madrid,Spain,ES,2025-07-30,3,false,5,92.32,36.26,25.7,0.0,51.5,103.36
madrid,Madrid,Spain,ES,2025-08-02,6,true,6,120.67,48.74,27.5,0.0,25.5,83.87
madrid,Madrid,Spain,ES,2025-08-03,7,true,5,82.47,32.49,29.8,0.0,27.0,92.37
madrid,Madrid,Spain,ES,2025-08-15,5,false,5,71.31,28.41,32.2,0.0,57.4,95.05
madrid,Madrid,Spain,ES,2025-08-22,5,false,8,174.23,71.24,25.1,0.0,69.2,109.51
madrid,Madrid,Spain,ES,2025-08-27,3,false,7,95.12,39.49,28.0,0.0,44.7,76.95
madrid,Madrid,Spain,ES,2025-10-27,1,false,9,183.77,66.23,11.1,0.0,47.2,73.13
madrid,Madrid,Spain,ES,2025-11-02,7,true,6,101.73,41.77,13.6,0.0,17.2,58.21
madrid,Madrid,Spain,ES,2025-11-28,5,false,2,36.58,15.00,6.2,0.0,54.0,54.34
madrid,Madrid,Spain,ES,2025-12-26,5,false,9,89.27,36.00,4.3,0.0,55.8,46.97
warsaw,Warsaw,Poland,PL,2024-01-04,4,false,11,206.64,70.70,5.1,4.1,58.7,55.20
warsaw,Warsaw,Poland,PL,2024-01-20,6,true,2,26.71,10.06,-0.4,3.2,31.1,96.98
warsaw,Warsaw,Poland,PL,2024-01-24,3,false,3,55.98,19.89,4.4,9.0,58.2,50.44
warsaw,Warsaw,Poland,PL,2024-02-06,2,false,7,85.96,31.09,7.4,9.0,61.2,65.12
warsaw,Warsaw,Poland,PL,2024-02-13,2,false,11,179.01,64.15,5.3,1.6,54.5,53.77
warsaw,Warsaw,Poland,PL,2024-03-03,7,true,4,57.69,20.62,7.6,0.0,33.1,43.97
warsaw,Warsaw,Poland,PL,2024-03-14,4,false,14,260.41,91.83,6.0,0.0,67.2,54.90
warsaw,Warsaw,Poland,PL,2024-03-25,1,false,19,380.25,136.98,4.0,2.7,71.6,66.29
warsaw,Warsaw,Poland,PL,2024-04-05,5,false,10,166.85,60.82,12.3,2.4,51.6,73.94
warsaw,Warsaw,Poland,PL,2024-04-21,7,true,6,88.55,33.24,4.6,0.4,21.1,70.80
warsaw,Warsaw,Poland,PL,2024-04-26,5,false,7,127.34,46.72,9.0,0.1,46.3,85.24
warsaw,Warsaw,Poland,PL,2024-05-05,7,true,14,190.16,70.26,20.1,0.0,34.3,73.21
warsaw,Warsaw,Poland,PL,2024-05-24,5,false,12,135.78,47.78,21.1,0.0,51.0,108.48
warsaw,Warsaw,Poland,PL,2024-06-19,3,false,7,103.42,37.37,21.9,19.5,79.0,107.04
warsaw,Warsaw,Poland,PL,2024-07-04,4,false,9,150.23,54.75,17.9,0.4,49.0,130.71
warsaw,Warsaw,Poland,PL,2024-07-19,5,false,5,90.93,33.07,21.5,0.0,60.9,103.00
warsaw,Warsaw,Poland,PL,2024-08-03,6,true,10,101.14,37.98,19.7,3.4,32.6,92.80
warsaw,Warsaw,Poland,PL,2024-08-27,2,false,6,146.89,51.20,20.0,1.8,71.1,101.93
warsaw,Warsaw,Poland,PL,2024-09-22,7,true,4,67.14,23.93,16.5,0.0,33.7,61.94
warsaw,Warsaw,Poland,PL,2024-10-07,1,false,12,245.45,87.27,9.6,0.0,40.1,85.83
warsaw,Warsaw,Poland,PL,2024-10-16,3,false,9,142.04,51.96,7.0,0.0,60.7,77.82
warsaw,Warsaw,Poland,PL,2024-11-07,4,false,7,99.56,36.26,3.3,0.1,47.0,62.28
warsaw,Warsaw,Poland,PL,2024-12-13,5,false,16,222.68,80.38,-0.5,0.0,60.4,53.48
warsaw,Warsaw,Poland,PL,2024-12-17,2,false,14,312.33,114.46,7.8,4.9,63.7,44.67
warsaw,Warsaw,Poland,PL,2024-12-24,2,false,9,91.86,32.45,2.1,0.0,49.7,54.16
warsaw,Warsaw,Poland,PL,2025-01-10,5,false,11,145.54,53.14,2.1,1.1,58.3,51.49
warsaw,Warsaw,Poland,PL,2025-01-24,5,false,13,225.16,80.23,2.9,0.2,69.3,38.06
warsaw,Warsaw,Poland,PL,2025-02-18,2,false,8,235.07,82.59,-5.1,0.0,47.1,48.10
warsaw,Warsaw,Poland,PL,2025-03-27,4,false,16,235.55,83.92,7.7,0.2,55.4,52.36
warsaw,Warsaw,Poland,PL,2025-04-05,6,true,7,95.88,34.95,4.2,0.9,31.6,68.25
warsaw,Warsaw,Poland,PL,2025-04-12,6,true,4,51.72,18.84,8.8,0.0,22.4,67.18
warsaw,Warsaw,Poland,PL,2025-04-29,2,false,13,177.66,63.59,14.9,0.0,54.2,91.82
warsaw,Warsaw,Poland,PL,2025-05-09,5,false,13,233.52,83.48,7.9,2.6,73.8,77.94
warsaw,Warsaw,Poland,PL,2025-05-20,2,false,10,182.96,65.39,14.6,0.6,51.2,72.36
warsaw,Warsaw,Poland,PL,2025-05-25,7,true,6,147.42,52.83,13.9,0.0,31.9,65.87
warsaw,Warsaw,Poland,PL,2025-06-18,3,false,10,173.15,63.16,20.8,0.7,74.2,120.58
warsaw,Warsaw,Poland,PL,2025-06-22,7,true,7,99.90,36.30,20.9,0.1,23.7,101.63
warsaw,Warsaw,Poland,PL,2025-06-26,4,false,10,155.43,56.90,18.9,1.0,54.1,109.72
warsaw,Warsaw,Poland,PL,2025-06-27,5,false,11,228.69,80.47,19.3,10.6,77.6,101.55
warsaw,Warsaw,Poland,PL,2025-07-13,7,true,9,130.08,45.82,19.5,1.2,30.1,95.46
warsaw,Warsaw,Poland,PL,2025-07-22,2,false,7,204.66,75.18,21.2,5.0,68.1,109.16
warsaw,Warsaw,Poland,PL,2025-08-04,1,false,13,303.54,113.50,18.4,0.3,61.3,107.64
warsaw,Warsaw,Poland,PL,2025-08-11,1,false,8,138.65,49.74,18.1,0.0,62.0,97.45
warsaw,Warsaw,Poland,PL,2025-08-13,3,false,10,78.56,28.91,23.3,0.0,67.5,96.17
warsaw,Warsaw,Poland,PL,2025-08-23,6,true,5,37.26,12.79,14.2,1.4,37.1,92.51
warsaw,Warsaw,Poland,PL,2025-09-13,6,true,11,143.06,51.65,17.9,0.4,32.7,65.31
warsaw,Warsaw,Poland,PL,2025-09-19,5,false,10,194.37,70.02,18.1,2.3,60.2,102.93
warsaw,Warsaw,Poland,PL,2025-10-02,4,false,8,93.85,33.17,6.0,0.0,52.6,92.36
warsaw,Warsaw,Poland,PL,2025-10-24,5,false,10,132.92,48.08,10.4,20.8,71.1,64.55
warsaw,Warsaw,Poland,PL,2025-12-03,3,false,9,142.71,50.06,4.2,0.0,55.9,61.21
warsaw,Warsaw,Poland,PL,2025-12-06,6,true,10,189.16,68.44,5.4,0.4,7.1,42.27
warsaw,Warsaw,Poland,PL,2025-12-14,7,true,6,88.87,32.09,4.7,0.3,40.2,54.49
warsaw,Warsaw,Poland,PL,2025-12-22,1,false,11,183.43,67.33,1.9,0.0,49.5,38.05
stockholm,Stockholm,Sweden,SE,2024-01-11,4,false,7,150.11,59.40,-0.9,0.8,53.3,29.33
stockholm,Stockholm,Sweden,SE,2024-01-18,4,false,4,109.13,43.37,-7.0,0.0,56.9,67.46
stockholm,Stockholm,Sweden,SE,2024-01-29,1,false,9,214.30,82.83,3.1,0.0,50.5,29.57
stockholm,Stockholm,Sweden,SE,2024-02-04,7,true,7,74.56,28.46,0.1,0.2,34.0,22.09
stockholm,Stockholm,Sweden,SE,2024-02-17,6,true,6,65.94,24.96,0.3,1.4,15.1,28.05
stockholm,Stockholm,Sweden,SE,2024-03-11,1,false,8,103.57,38.54,-0.1,0.0,53.1,34.53
stockholm,Stockholm,Sweden,SE,2024-03-31,7,true,8,139.40,53.55,5.6,0.0,31.1,35.47
stockholm,Stockholm,Sweden,SE,2024-04-09,2,false,8,131.90,49.38,9.9,0.0,56.3,52.07
stockholm,Stockholm,Sweden,SE,2024-04-29,1,false,4,77.44,31.41,10.5,0.8,50.7,63.48
stockholm,Stockholm,Sweden,SE,2024-05-18,6,true,5,64.83,24.65,16.4,0.0,35.2,48.57
stockholm,Stockholm,Sweden,SE,2024-05-19,7,true,7,101.88,39.61,17.8,0.0,47.2,43.33
stockholm,Stockholm,Sweden,SE,2024-05-26,7,true,6,86.86,32.41,17.2,0.0,32.8,42.12
stockholm,Stockholm,Sweden,SE,2024-06-03,1,false,6,88.47,32.55,20.4,2.3,73.2,55.53
stockholm,Stockholm,Sweden,SE,2024-06-13,4,false,12,168.55,64.82,12.0,6.8,78.1,57.67
stockholm,Stockholm,Sweden,SE,2024-07-07,7,true,3,61.14,24.91,16.9,4.4,36.6,45.95
stockholm,Stockholm,Sweden,SE,2024-07-16,2,false,8,106.99,40.52,18.4,1.8,57.9,56.29
stockholm,Stockholm,Sweden,SE,2024-08-09,5,false,6,97.13,38.00,17.8,5.8,71.4,59.50
stockholm,Stockholm,Sweden,SE,2024-08-10,6,true,7,103.00,38.33,17.2,0.5,30.8,69.61
stockholm,Stockholm,Sweden,SE,2024-08-24,6,true,1,5.18,1.97,17.4,0.0,51.0,52.55
stockholm,Stockholm,Sweden,SE,2024-11-09,6,true,5,87.47,32.53,5.6,0.0,29.9,35.68
stockholm,Stockholm,Sweden,SE,2024-11-13,3,false,9,159.76,63.50,3.5,0.0,47.3,39.42
stockholm,Stockholm,Sweden,SE,2024-11-23,6,true,14,387.63,151.73,-4.4,0.0,28.9,28.51
stockholm,Stockholm,Sweden,SE,2024-12-14,6,true,7,109.35,42.09,1.1,3.4,19.8,26.63
stockholm,Stockholm,Sweden,SE,2024-12-20,5,false,8,125.84,50.05,0.0,1.8,66.7,29.70
stockholm,Stockholm,Sweden,SE,2024-12-28,6,true,7,106.98,40.10,5.0,0.8,26.6,26.92
stockholm,Stockholm,Sweden,SE,2025-01-17,5,false,12,287.64,110.22,4.0,0.3,69.3,29.05
stockholm,Stockholm,Sweden,SE,2025-01-30,4,false,4,92.76,34.18,1.1,0.1,53.3,31.83
stockholm,Stockholm,Sweden,SE,2025-02-28,5,false,8,120.39,44.29,-0.2,0.0,51.8,29.70
stockholm,Stockholm,Sweden,SE,2025-03-10,1,false,9,171.48,63.26,2.7,0.1,51.9,30.61
stockholm,Stockholm,Sweden,SE,2025-03-14,5,false,8,123.02,47.02,-0.9,0.0,53.6,39.13
stockholm,Stockholm,Sweden,SE,2025-04-13,7,true,10,191.08,73.54,7.9,0.1,24.1,44.35
stockholm,Stockholm,Sweden,SE,2025-04-21,1,false,2,53.02,18.54,7.0,0.3,62.2,43.13
stockholm,Stockholm,Sweden,SE,2025-05-23,5,false,5,62.45,23.58,8.4,1.2,47.4,56.97
stockholm,Stockholm,Sweden,SE,2025-05-29,4,false,10,200.62,76.32,15.0,0.0,52.5,49.02
stockholm,Stockholm,Sweden,SE,2025-05-31,6,true,6,87.82,32.68,14.2,0.0,30.1,38.93
stockholm,Stockholm,Sweden,SE,2025-06-17,2,false,4,63.30,23.66,18.3,0.0,49.9,56.62
stockholm,Stockholm,Sweden,SE,2025-07-19,6,true,3,36.66,14.31,21.1,0.0,33.3,55.62
stockholm,Stockholm,Sweden,SE,2025-08-29,5,false,6,98.85,37.10,15.5,2.4,72.7,73.17
stockholm,Stockholm,Sweden,SE,2025-09-04,4,false,12,145.05,54.90,18.3,0.0,52.4,50.74
stockholm,Stockholm,Sweden,SE,2025-09-06,6,true,4,24.45,8.98,17.5,1.6,30.3,54.89
stockholm,Stockholm,Sweden,SE,2025-09-12,5,false,3,35.70,13.82,16.5,0.9,57.3,60.13
stockholm,Stockholm,Sweden,SE,2025-10-12,7,true,6,93.00,34.71,8.5,0.0,36.6,35.39
stockholm,Stockholm,Sweden,SE,2025-10-25,6,true,5,120.09,48.26,8.7,1.9,26.3,43.18
stockholm,Stockholm,Sweden,SE,2025-10-29,3,false,14,241.82,94.31,4.9,0.1,43.6,41.16
stockholm,Stockholm,Sweden,SE,2025-11-21,5,false,10,265.30,99.16,-2.6,0.2,53.9,39.52
stockholm,Stockholm,Sweden,SE,2025-11-25,2,false,16,205.84,78.61,-2.1,0.0,44.2,34.40
stockholm,Stockholm,Sweden,SE,2025-12-19,5,false,11,181.39,70.19,6.7,1.2,72.0,28.37
stockholm,Stockholm,Sweden,SE,2025-12-28,7,true,8,120.58,44.69,0.9,0.0,28.7,23.49
oslo,Oslo,Norway,NO,2024-01-11,4,false,12,214.62,68.32,-3.6,0.0,52.7,26.22
oslo,Oslo,Norway,NO,2024-01-18,4,false,3,66.26,21.98,-13.7,0.0,67.9,60.32
oslo,Oslo,Norway,NO,2024-01-29,1,false,7,143.39,45.60,0.8,0.0,57.7,26.17
oslo,Oslo,Norway,NO,2024-02-04,7,true,12,160.91,51.25,-1.2,0.7,23.0,26.67
oslo,Oslo,Norway,NO,2024-02-17,6,true,5,103.98,32.68,-3.6,0.0,18.6,21.61
oslo,Oslo,Norway,NO,2024-03-11,1,false,11,197.83,61.66,-1.4,0.1,52.0,32.12
oslo,Oslo,Norway,NO,2024-03-31,7,true,3,44.65,13.85,5.2,6.1,53.5,27.28
oslo,Oslo,Norway,NO,2024-04-09,2,false,8,98.27,31.26,7.6,6.3,73.8,33.82
oslo,Oslo,Norway,NO,2024-04-29,1,false,7,187.23,59.87,8.1,6.6,67.7,48.73
oslo,Oslo,Norway,NO,2024-05-18,6,true,4,63.04,20.63,17.0,0.0,19.6,41.97
oslo,Oslo,Norway,NO,2024-05-19,7,true,5,104.93,33.82,17.8,0.0,34.8,30.31
oslo,Oslo,Norway,NO,2024-05-26,7,true,10,218.84,71.08,19.7,8.0,42.3,43.59
oslo,Oslo,Norway,NO,2024-06-03,1,false,12,238.20,75.78,18.5,0.0,45.8,44.33
oslo,Oslo,Norway,NO,2024-06-13,4,false,8,107.82,34.60,12.1,0.4,49.7,65.04
oslo,Oslo,Norway,NO,2024-07-07,7,true,2,51.44,16.10,13.3,17.1,42.7,56.48
oslo,Oslo,Norway,NO,2024-07-16,2,false,6,169.74,55.38,15.7,3.4,63.6,55.32
oslo,Oslo,Norway,NO,2024-08-09,5,false,10,170.07,54.33,15.2,8.1,70.4,54.64
oslo,Oslo,Norway,NO,2024-08-10,6,true,6,94.62,29.73,16.1,0.0,35.1,50.80
oslo,Oslo,Norway,NO,2024-08-24,6,true,6,41.13,12.74,13.5,8.7,44.5,41.26
oslo,Oslo,Norway,NO,2024-11-09,6,true,12,210.06,67.73,4.4,0.7,48.6,29.34
oslo,Oslo,Norway,NO,2024-11-13,3,false,11,181.29,58.07,1.3,0.0,47.4,36.66
oslo,Oslo,Norway,NO,2024-11-23,6,true,8,191.90,60.42,-1.6,0.0,44.5,28.02
oslo,Oslo,Norway,NO,2024-12-14,6,true,6,133.35,45.19,0.7,0.3,43.7,25.52
oslo,Oslo,Norway,NO,2024-12-20,5,false,10,177.64,58.41,0.1,2.0,59.1,24.28
oslo,Oslo,Norway,NO,2024-12-28,6,true,8,173.99,56.50,0.6,0.1,41.5,21.36
oslo,Oslo,Norway,NO,2025-01-17,5,false,7,195.66,65.11,2.0,0.0,40.1,28.40
oslo,Oslo,Norway,NO,2025-01-30,4,false,7,145.80,45.36,-1.7,0.0,44.3,32.52
oslo,Oslo,Norway,NO,2025-02-28,5,false,10,233.90,76.07,-1.9,0.0,56.6,27.61
oslo,Oslo,Norway,NO,2025-03-10,1,false,9,138.43,43.23,1.6,1.9,67.5,34.98
oslo,Oslo,Norway,NO,2025-03-14,5,false,14,194.20,61.92,-1.8,0.0,67.4,30.40
oslo,Oslo,Norway,NO,2025-04-13,7,true,9,147.77,47.41,9.1,0.7,42.1,29.29
oslo,Oslo,Norway,NO,2025-04-21,1,false,9,204.68,67.28,8.2,0.0,64.4,45.84
oslo,Oslo,Norway,NO,2025-05-23,5,false,16,234.53,73.06,8.2,2.2,64.1,55.46
oslo,Oslo,Norway,NO,2025-05-29,4,false,11,137.09,45.44,12.4,0.0,56.4,51.50
oslo,Oslo,Norway,NO,2025-05-31,6,true,13,322.82,104.60,12.3,0.0,25.7,50.51
oslo,Oslo,Norway,NO,2025-06-17,2,false,9,104.16,33.63,16.7,2.4,59.4,54.17
oslo,Oslo,Norway,NO,2025-07-19,6,true,8,136.90,44.43,23.8,0.0,35.0,45.25
oslo,Oslo,Norway,NO,2025-08-29,5,false,10,203.78,64.57,14.7,7.5,73.2,45.24
oslo,Oslo,Norway,NO,2025-09-04,4,false,11,231.99,73.38,16.5,13.1,67.2,55.11
oslo,Oslo,Norway,NO,2025-09-06,6,true,12,146.13,48.17,15.5,0.7,31.1,39.31
oslo,Oslo,Norway,NO,2025-09-12,5,false,10,212.88,67.85,13.0,14.5,54.5,42.31
oslo,Oslo,Norway,NO,2025-10-12,7,true,1,26.38,8.93,9.5,0.0,26.1,32.33
oslo,Oslo,Norway,NO,2025-10-25,6,true,8,123.96,39.32,8.2,1.7,35.3,25.16
oslo,Oslo,Norway,NO,2025-10-29,3,false,13,280.26,87.17,3.6,0.9,65.7,38.75
oslo,Oslo,Norway,NO,2025-11-21,5,false,9,151.97,49.02,-4.6,0.0,54.5,30.61
oslo,Oslo,Norway,NO,2025-11-25,2,false,9,155.86,49.15,-1.8,0.0,51.7,22.74
oslo,Oslo,Norway,NO,2025-12-19,5,false,9,137.29,45.46,6.9,11.2,73.0,30.33
oslo,Oslo,Norway,NO,2025-12-28,7,true,12,227.67,70.25,-3.9,0.0,32.2,19.99
copenhagen,Copenhagen,Denmark,DK,2024-01-30,2,false,10,195.08,94.03,4.5,0.6,40.1,46.39
copenhagen,Copenhagen,Denmark,DK,2024-02-20,2,false,2,18.08,8.63,6.2,0.9,37.7,44.88
copenhagen,Copenhagen,Denmark,DK,2024-03-02,6,true,4,51.38,25.17,5.9,2.9,32.4,40.99
copenhagen,Copenhagen,Denmark,DK,2024-03-07,4,false,9,149.83,72.94,1.5,0.0,56.1,60.27
copenhagen,Copenhagen,Denmark,DK,2024-04-13,6,true,7,99.37,48.32,11.8,0.4,23.7,50.26
copenhagen,Copenhagen,Denmark,DK,2024-04-27,6,true,2,90.55,42.29,7.8,0.0,22.8,54.61
copenhagen,Copenhagen,Denmark,DK,2024-05-21,2,false,12,181.95,84.96,16.0,0.0,45.5,91.93
copenhagen,Copenhagen,Denmark,DK,2024-06-01,6,true,5,103.65,49.75,19.1,0.4,35.5,80.40
copenhagen,Copenhagen,Denmark,DK,2024-06-15,6,true,5,68.13,32.87,14.8,10.1,29.0,57.31
copenhagen,Copenhagen,Denmark,DK,2024-06-30,7,true,11,153.26,72.52,15.8,16.5,43.5,64.53
copenhagen,Copenhagen,Denmark,DK,2024-08-14,3,false,9,133.53,63.93,20.7,0.0,54.8,96.13
copenhagen,Copenhagen,Denmark,DK,2024-08-21,3,false,5,47.06,22.60,17.3,6.0,62.5,99.73
copenhagen,Copenhagen,Denmark,DK,2024-08-30,5,false,4,50.62,24.55,17.2,6.2,64.4,82.09
copenhagen,Copenhagen,Denmark,DK,2024-09-20,5,false,11,139.46,68.03,17.0,0.0,57.7,82.99
copenhagen,Copenhagen,Denmark,DK,2024-09-29,7,true,8,163.03,76.99,10.5,0.0,28.8,56.64
copenhagen,Copenhagen,Denmark,DK,2024-10-21,1,false,13,191.66,94.01,14.1,0.2,54.8,71.60
copenhagen,Copenhagen,Denmark,DK,2024-11-16,6,true,6,100.37,48.51,9.5,1.5,25.7,48.10
copenhagen,Copenhagen,Denmark,DK,2024-11-22,5,false,1,18.60,8.65,0.5,0.8,69.2,57.46
copenhagen,Copenhagen,Denmark,DK,2024-11-26,2,false,5,71.04,32.61,8.0,0.0,47.6,55.65
copenhagen,Copenhagen,Denmark,DK,2024-11-27,3,false,12,152.91,74.76,6.4,4.0,70.9,68.39
copenhagen,Copenhagen,Denmark,DK,2024-12-02,1,false,6,55.67,27.04,7.1,1.2,62.5,55.15
copenhagen,Copenhagen,Denmark,DK,2024-12-31,2,false,4,60.51,27.71,6.0,0.9,68.5,48.73
copenhagen,Copenhagen,Denmark,DK,2025-01-07,2,false,3,44.58,21.29,4.4,0.0,58.4,38.20
copenhagen,Copenhagen,Denmark,DK,2025-01-19,7,true,5,86.23,40.30,0.8,0.0,35.2,33.23
copenhagen,Copenhagen,Denmark,DK,2025-01-20,1,false,8,175.63,85.52,1.8,0.0,74.8,42.49
copenhagen,Copenhagen,Denmark,DK,2025-01-21,2,false,7,102.18,50.09,1.7,0.0,49.1,42.21
copenhagen,Copenhagen,Denmark,DK,2025-02-03,1,false,6,105.29,51.39,1.2,0.0,55.8,67.23
copenhagen,Copenhagen,Denmark,DK,2025-02-08,6,true,4,72.71,33.61,1.6,0.3,30.6,55.87
copenhagen,Copenhagen,Denmark,DK,2025-02-10,1,false,12,219.75,108.52,1.4,0.2,65.5,57.78
copenhagen,Copenhagen,Denmark,DK,2025-02-11,2,false,8,95.72,45.29,1.1,0.0,53.7,84.14
copenhagen,Copenhagen,Denmark,DK,2025-02-12,3,false,9,113.63,53.91,-0.1,0.0,45.3,84.95
copenhagen,Copenhagen,Denmark,DK,2025-04-27,7,true,8,86.35,41.67,8.7,0.0,24.8,65.12
copenhagen,Copenhagen,Denmark,DK,2025-05-10,6,true,3,30.75,14.95,10.3,0.0,31.9,70.10
copenhagen,Copenhagen,Denmark,DK,2025-05-15,4,false,7,101.29,47.34,12.0,0.0,63.8,86.82
copenhagen,Copenhagen,Denmark,DK,2025-05-17,6,true,4,42.57,20.73,12.8,0.5,32.3,55.07
copenhagen,Copenhagen,Denmark,DK,2025-06-06,5,false,6,81.11,38.21,14.7,8.0,60.0,99.13
copenhagen,Copenhagen,Denmark,DK,2025-06-15,7,true,6,92.37,44.79,17.4,8.4,34.4,76.21
copenhagen,Copenhagen,Denmark,DK,2025-07-02,3,false,11,113.52,54.22,21.8,0.0,58.2,113.95
copenhagen,Copenhagen,Denmark,DK,2025-07-17,4,false,9,133.21,62.10,19.5,2.4,55.7,86.27
copenhagen,Copenhagen,Denmark,DK,2025-08-25,1,false,8,89.79,42.02,15.7,0.0,54.4,83.44
copenhagen,Copenhagen,Denmark,DK,2025-09-16,2,false,15,206.60,98.44,15.4,1.6,75.5,83.16
copenhagen,Copenhagen,Denmark,DK,2025-10-16,4,false,12,112.98,55.41,11.8,0.0,48.3,93.57
copenhagen,Copenhagen,Denmark,DK,2025-10-23,4,false,12,172.62,84.34,11.7,6.9,49.6,56.20
copenhagen,Copenhagen,Denmark,DK,2025-11-08,6,true,8,163.24,76.65,8.5,0.0,26.5,53.14
copenhagen,Copenhagen,Denmark,DK,2025-12-16,2,false,6,81.73,40.39,6.1,0.0,54.3,53.11
copenhagen,Copenhagen,Denmark,DK,2025-12-23,2,false,5,61.59,29.93,2.8,0.0,62.5,45.96
copenhagen,Copenhagen,Denmark,DK,2025-12-24,3,false,7,113.18,54.32,0.0,0.0,53.6,55.66
copenhagen,Copenhagen,Denmark,DK,2025-12-29,1,false,10,171.60,79.88,2.7,0.0,56.9,38.20
berlin,Berlin,Germany,DE,2024-01-07,7,true,9,175.22,91.59,-3.2,0.5,32.7,34.12
berlin,Berlin,Germany,DE,2024-01-17,3,false,8,144.88,71.55,-2.6,2.4,72.3,113.56
berlin,Berlin,Germany,DE,2024-01-26,5,false,10,125.77,67.21,5.1,3.5,73.2,47.10
berlin,Berlin,Germany,DE,2024-02-03,6,true,5,89.83,45.01,8.9,2.7,25.4,56.00
berlin,Berlin,Germany,DE,2024-02-14,3,false,4,53.83,28.73,6.2,4.7,72.4,49.32
berlin,Berlin,Germany,DE,2024-02-25,7,true,8,174.99,89.87,4.7,0.0,28.4,55.72
berlin,Berlin,Germany,DE,2024-02-27,2,false,9,99.27,51.57,4.9,0.0,56.6,65.51
berlin,Berlin,Germany,DE,2024-02-29,4,false,8,111.38,59.78,3.9,0.0,55.7,73.83
berlin,Berlin,Germany,DE,2024-03-18,1,false,8,123.83,66.79,1.4,0.0,49.0,63.97
berlin,Berlin,Germany,DE,2024-03-26,2,false,10,148.49,79.68,7.0,0.0,45.6,66.18
berlin,Berlin,Germany,DE,2024-04-08,1,false,8,136.21,69.95,18.3,0.2,52.0,82.16
berlin,Berlin,Germany,DE,2024-04-19,5,false,7,126.67,65.80,5.9,6.1,69.6,91.62
berlin,Berlin,Germany,DE,2024-05-04,6,true,2,58.39,29.86,15.4,0.1,45.0,74.85
berlin,Berlin,Germany,DE,2024-05-10,5,false,6,94.83,50.11,15.7,0.0,46.7,106.49
berlin,Berlin,Germany,DE,2024-06-10,1,false,6,117.47,59.96,14.5,2.4,66.4,107.25
berlin,Berlin,Germany,DE,2024-07-02,2,false,4,78.55,40.78,15.2,0.8,54.4,105.01
berlin,Berlin,Germany,DE,2024-07-18,4,false,9,131.28,68.58,20.7,0.0,46.2,99.97
berlin,Berlin,Germany,DE,2024-08-17,6,true,5,72.87,39.73,23.2,0.0,20.7,98.74
berlin,Berlin,Germany,DE,2024-08-23,5,false,7,154.61,79.52,23.2,0.0,52.1,127.39
berlin,Berlin,Germany,DE,2024-09-06,5,false,5,87.54,45.58,24.2,0.0,54.1,79.42
berlin,Berlin,Germany,DE,2024-09-07,6,true,6,92.54,47.42,24.3,0.0,28.7,84.34
berlin,Berlin,Germany,DE,2024-09-17,2,false,14,193.12,100.13,18.5,0.0,56.9,94.76
berlin,Berlin,Germany,DE,2024-09-18,3,false,3,72.68,38.60,19.0,0.0,44.5,96.62
berlin,Berlin,Germany,DE,2024-09-27,5,false,5,71.51,37.83,15.9,0.7,62.1,100.66
berlin,Berlin,Germany,DE,2024-10-19,6,true,5,34.87,18.11,13.8,0.0,41.6,90.64
berlin,Berlin,Germany,DE,2024-11-20,3,false,12,208.01,109.04,1.7,0.6,39.1,65.91
berlin,Berlin,Germany,DE,2025-01-08,3,false,6,120.48,64.66,1.5,0.4,59.8,61.16
berlin,Berlin,Germany,DE,2025-01-09,4,false,9,206.54,109.62,0.6,16.6,66.0,59.66
berlin,Berlin,Germany,DE,2025-02-05,3,false,5,47.41,23.59,0.7,0.0,56.6,105.98
berlin,Berlin,Germany,DE,2025-02-20,4,false,9,187.86,95.68,-3.2,0.0,46.7,54.61
berlin,Berlin,Germany,DE,2025-02-21,5,false,9,248.08,129.32,2.4,0.0,50.4,53.13
berlin,Berlin,Germany,DE,2025-03-11,2,false,6,142.29,73.24,4.7,0.0,67.2,58.36
berlin,Berlin,Germany,DE,2025-03-26,3,false,6,99.04,53.90,7.7,0.8,48.9,67.62
berlin,Berlin,Germany,DE,2025-04-14,1,false,4,81.47,44.58,15.7,0.6,61.3,84.13
berlin,Berlin,Germany,DE,2025-06-10,2,false,5,90.56,46.95,14.7,5.8,76.4,99.20
berlin,Berlin,Germany,DE,2025-06-20,5,false,12,159.95,84.07,18.2,0.0,57.9,107.42
berlin,Berlin,Germany,DE,2025-07-09,3,false,8,80.15,38.83,17.4,2.2,64.7,126.39
berlin,Berlin,Germany,DE,2025-08-14,4,false,4,54.77,28.07,25.7,0.0,51.8,97.37
berlin,Berlin,Germany,DE,2025-09-22,1,false,6,112.11,58.20,12.5,1.7,56.0,84.75
berlin,Berlin,Germany,DE,2025-09-27,6,true,6,108.82,55.28,13.0,0.0,37.4,86.32
berlin,Berlin,Germany,DE,2025-10-30,4,false,6,102.34,52.82,10.1,7.9,54.5,78.90
berlin,Berlin,Germany,DE,2025-12-08,1,false,6,61.57,31.07,10.3,5.8,65.1,61.52
berlin,Berlin,Germany,DE,2025-12-17,3,false,7,135.15,69.74,0.9,0.0,62.7,66.93
amsterdam,Amsterdam,Netherlands,NL,2024-01-10,3,false,9,168.12,83.35,-3.0,0.0,58.8,52.71
amsterdam,Amsterdam,Netherlands,NL,2024-01-12,5,false,10,119.34,58.58,2.1,0.0,52.0,62.56
amsterdam,Amsterdam,Netherlands,NL,2024-02-05,1,false,2,42.09,19.64,9.1,0.1,39.6,64.74
amsterdam,Amsterdam,Netherlands,NL,2024-03-01,5,false,5,97.27,48.51,7.6,6.5,57.4,68.76
amsterdam,Amsterdam,Netherlands,NL,2024-03-10,7,true,5,32.82,16.33,8.6,0.0,24.1,57.50
amsterdam,Amsterdam,Netherlands,NL,2024-04-04,4,false,6,94.90,47.53,11.1,14.0,78.5,75.02
amsterdam,Amsterdam,Netherlands,NL,2024-04-22,1,false,6,139.87,68.29,5.2,0.4,47.0,91.62
amsterdam,Amsterdam,Netherlands,NL,2024-05-13,1,false,5,103.72,50.47,18.8,1.1,58.0,102.69
amsterdam,Amsterdam,Netherlands,NL,2024-05-15,3,false,8,139.43,69.90,15.8,5.4,70.3,98.44
amsterdam,Amsterdam,Netherlands,NL,2024-06-05,3,false,12,207.38,102.97,12.4,1.3,50.4,118.16
amsterdam,Amsterdam,Netherlands,NL,2024-06-07,5,false,6,151.55,76.60,13.2,3.3,69.9,130.60
amsterdam,Amsterdam,Netherlands,NL,2024-06-28,5,false,6,68.37,34.41,16.4,0.1,39.8,121.14
amsterdam,Amsterdam,Netherlands,NL,2024-07-06,6,true,2,19.92,10.23,15.6,13.1,32.5,100.12
amsterdam,Amsterdam,Netherlands,NL,2024-08-15,4,false,5,79.16,39.32,20.2,0.2,56.4,96.31
amsterdam,Amsterdam,Netherlands,NL,2024-08-26,1,false,6,55.21,27.21,16.8,1.3,51.7,132.77
amsterdam,Amsterdam,Netherlands,NL,2024-09-19,4,false,9,163.80,82.41,17.2,0.0,60.7,110.11
amsterdam,Amsterdam,Netherlands,NL,2024-09-25,3,false,12,212.87,105.17,13.9,7.9,59.4,102.37
amsterdam,Amsterdam,Netherlands,NL,2024-09-30,1,false,5,102.08,49.26,11.6,13.9,58.4,119.45
amsterdam,Amsterdam,Netherlands,NL,2025-01-23,4,false,14,297.33,150.41,5.1,4.1,61.8,52.67
amsterdam,Amsterdam,Netherlands,NL,2025-01-28,2,false,6,103.42,51.21,7.5,2.7,58.7,51.77
amsterdam,Amsterdam,Netherlands,NL,2025-01-31,5,false,4,63.41,32.25,3.1,0.0,76.6,62.02
amsterdam,Amsterdam,Netherlands,NL,2025-02-24,1,false,17,367.76,184.52,10.0,4.4,72.2,66.38
amsterdam,Amsterdam,Netherlands,NL,2025-03-29,6,true,7,145.33,72.82,7.4,0.0,28.9,72.77
amsterdam,Amsterdam,Netherlands,NL,2025-04-10,4,false,6,113.42,58.87,9.1,0.0,56.7,90.21
amsterdam,Amsterdam,Netherlands,NL,2025-05-01,4,false,16,213.88,107.65,18.5,0.0,50.5,78.74
amsterdam,Amsterdam,Netherlands,NL,2025-05-13,2,false,4,67.49,34.21,16.5,0.0,73.0,91.50
amsterdam,Amsterdam,Netherlands,NL,2025-05-16,5,false,2,20.05,10.05,11.8,0.0,61.8,108.04
amsterdam,Amsterdam,Netherlands,NL,2025-05-22,4,false,10,146.33,75.30,10.8,0.3,51.6,96.45
amsterdam,Amsterdam,Netherlands,NL,2025-07-05,6,true,4,64.76,31.95,18.6,2.1,31.8,105.22
amsterdam,Amsterdam,Netherlands,NL,2025-07-08,2,false,9,199.37,100.27,14.9,8.8,55.3,101.63
amsterdam,Amsterdam,Netherlands,NL,2025-07-24,4,false,7,147.86,74.97,18.9,0.0,53.7,100.03
amsterdam,Amsterdam,Netherlands,NL,2025-08-05,2,false,7,128.84,65.12,16.9,2.8,58.7,100.02
amsterdam,Amsterdam,Netherlands,NL,2025-08-19,2,false,9,109.47,56.16,18.6,0.0,60.8,91.75
amsterdam,Amsterdam,Netherlands,NL,2025-09-26,5,false,8,137.68,66.96,12.2,0.0,58.5,88.47
amsterdam,Amsterdam,Netherlands,NL,2025-10-08,3,false,6,68.15,35.13,14.2,0.5,59.5,92.48
amsterdam,Amsterdam,Netherlands,NL,2025-10-14,2,false,8,121.80,60.63,13.6,0.9,59.3,103.02
amsterdam,Amsterdam,Netherlands,NL,2025-10-17,5,false,11,127.54,61.17,11.8,0.2,43.5,82.66
amsterdam,Amsterdam,Netherlands,NL,2025-10-20,1,false,11,157.15,79.75,13.8,5.1,73.2,75.60
amsterdam,Amsterdam,Netherlands,NL,2025-11-01,6,true,5,164.13,80.08,11.9,6.6,27.0,73.70
amsterdam,Amsterdam,Netherlands,NL,2025-11-05,3,false,4,81.49,40.31,13.4,0.0,52.2,74.25
amsterdam,Amsterdam,Netherlands,NL,2025-11-16,7,true,6,113.92,57.52,6.3,0.5,29.0,56.38
amsterdam,Amsterdam,Netherlands,NL,2025-11-19,3,false,7,117.10,58.51,4.2,10.5,63.2,79.58
amsterdam,Amsterdam,Netherlands,NL,2025-11-20,4,false,17,257.49,126.41,1.6,4.4,73.1,68.45
amsterdam,Amsterdam,Netherlands,NL,2025-11-22,6,true,8,192.53,96.99,1.5,0.0,28.7,50.31
paris,Paris,France,FR,2024-01-30,2,false,13,183.97,80.78,8.9,0.0,41.8,43.71
paris,Paris,France,FR,2024-02-20,2,false,10,153.57,69.08,8.3,0.0,61.3,63.06
paris,Paris,France,FR,2024-03-02,6,true,8,113.82,50.30,6.4,12.1,47.2,52.20
paris,Paris,France,FR,2024-03-07,4,false,15,298.73,131.52,6.6,0.0,63.2,51.85
paris,Paris,France,FR,2024-04-13,6,true,11,190.22,81.14,17.1,0.0,33.7,72.16
paris,Paris,France,FR,2024-04-27,6,true,4,86.16,37.71,11.9,16.9,44.4,79.66
paris,Paris,France,FR,2024-05-21,2,false,12,146.99,63.39,14.8,9.6,63.0,101.36
paris,Paris,France,FR,2024-06-01,6,true,9,180.23,77.41,13.6,1.2,32.8,67.70
paris,Paris,France,FR,2024-06-15,6,true,8,136.73,59.45,14.5,2.6,34.1,65.34
paris,Paris,France,FR,2024-06-30,7,true,7,109.52,50.24,18.2,1.7,34.0,92.94
paris,Paris,France,FR,2024-08-14,3,false,12,293.53,128.55,21.9,6.9,63.0,86.43
paris,Paris,France,FR,2024-08-21,3,false,12,199.90,89.57,16.2,0.0,46.9,88.95
paris,Paris,France,FR,2024-08-30,5,false,12,205.62,90.59,17.5,13.3,79.8,103.13
paris,Paris,France,FR,2024-09-20,5,false,12,260.12,117.21,15.9,17.8,63.1,84.19
paris,Paris,France,FR,2024-09-29,7,true,6,97.63,41.88,10.1,0.0,37.4,77.96
paris,Paris,France,FR,2024-10-21,1,false,9,201.84,89.60,16.0,1.7,58.9,66.39
paris,Paris,France,FR,2024-11-16,6,true,6,132.61,59.95,7.4,0.0,43.4,52.55
paris,Paris,France,FR,2024-11-22,5,false,8,192.43,84.79,1.2,1.7,62.6,55.21
paris,Paris,France,FR,2024-11-26,2,false,15,283.06,122.43,8.6,1.8,45.3,57.76
paris,Paris,France,FR,2024-11-27,3,false,10,177.65,77.84,10.4,8.6,72.4,49.04
paris,Paris,France,FR,2024-12-02,1,false,8,126.58,53.79,9.9,0.1,54.9,40.75
paris,Paris,France,FR,2024-12-31,2,false,13,262.62,115.49,3.9,0.0,69.8,49.68
paris,Paris,France,FR,2025-01-07,2,false,15,221.14,98.34,4.9,2.2,55.1,55.87
paris,Paris,France,FR,2025-01-19,7,true,6,125.49,54.53,-0.2,0.0,26.8,41.35
paris,Paris,France,FR,2025-01-20,1,false,11,183.75,84.88,-0.6,0.0,50.7,50.63
paris,Paris,France,FR,2025-01-21,2,false,20,356.69,154.39,0.5,0.0,64.0,44.57
paris,Paris,France,FR,2025-02-03,1,false,7,125.88,53.65,1.2,0.0,65.3,81.76
paris,Paris,France,FR,2025-02-08,6,true,5,81.80,34.57,5.6,1.9,39.7,92.42
paris,Paris,France,FR,2025-02-10,1,false,20,308.31,137.18,4.1,12.1,66.7,95.27
paris,Paris,France,FR,2025-02-11,2,false,12,207.88,92.22,4.0,0.0,56.4,78.05
paris,Paris,France,FR,2025-02-12,3,false,16,184.12,80.93,3.5,0.1,59.9,88.13
paris,Paris,France,FR,2025-04-27,7,true,9,136.60,61.25,15.5,0.4,30.7,65.26
paris,Paris,France,FR,2025-05-10,6,true,11,192.20,84.13,17.5,0.0,45.9,58.91
paris,Paris,France,FR,2025-05-15,4,false,13,168.32,75.50,13.4,0.0,55.6,69.33
paris,Paris,France,FR,2025-05-17,6,true,8,85.03,37.14,13.8,0.0,36.6,84.42
paris,Paris,France,FR,2025-06-06,5,false,16,174.92,73.60,17.0,5.0,71.2,101.84
paris,Paris,France,FR,2025-06-15,7,true,13,168.79,72.51,18.8,0.1,11.7,69.98
paris,Paris,France,FR,2025-07-02,3,false,10,174.97,77.60,25.0,2.5,56.5,107.13
paris,Paris,France,FR,2025-07-17,4,false,9,125.85,55.24,21.4,0.5,56.2,98.95
paris,Paris,France,FR,2025-08-25,1,false,8,115.77,49.31,21.0,0.0,51.7,99.81
paris,Paris,France,FR,2025-09-16,2,false,16,236.95,102.73,15.2,0.2,59.5,100.21
paris,Paris,France,FR,2025-10-16,4,false,14,215.71,93.31,12.5,0.0,44.6,88.56
paris,Paris,France,FR,2025-10-23,4,false,12,126.56,56.30,11.7,2.6,53.8,79.65
paris,Paris,France,FR,2025-11-08,6,true,6,63.42,28.39,10.8,0.7,12.7,52.68
paris,Paris,France,FR,2025-12-16,2,false,4,61.62,27.32,10.0,0.0,56.8,49.12
paris,Paris,France,FR,2025-12-23,2,false,13,207.08,89.99,4.9,0.0,54.1,51.75
paris,Paris,France,FR,2025-12-24,3,false,16,178.34,78.43,3.0,0.0,53.0,53.99
paris,Paris,France,FR,2025-12-29,1,false,8,132.44,55.81,-0.5,0.0,60.4,52.99
madrid,Madrid,Spain,ES,2024-01-15,1,false,13,155.12,63.01,11.6,14.3,66.9,95.71
madrid,Madrid,Spain,ES,2024-03-09,6,true,9,120.18,48.38,6.2,9.9,26.2,49.91
madrid,Madrid,Spain,ES,2024-03-17,7,true,3,26.13,10.42,14.2,0.0,30.0,35.32
madrid,Madrid,Spain,ES,2024-03-20,3,false,11,199.71,76.86,15.2,2.2,62.0,47.17
madrid,Madrid,Spain,ES,2024-03-30,6,true,7,109.67,42.70,7.0,10.2,32.4,59.50
madrid,Madrid,Spain,ES,2024-04-28,7,true,8,127.23,50.88,10.7,0.5,32.2,54.20
madrid,Madrid,Spain,ES,2024-05-17,5,false,8,193.04,75.62,14.9,0.6,52.0,74.47
madrid,Madrid,Spain,ES,2024-05-27,1,false,7,102.77,41.29,22.8,0.0,51.1,89.21
madrid,Madrid,Spain,ES,2024-07-27,6,true,4,65.37,25.05,31.6,0.0,38.7,77.48
madrid,Madrid,Spain,ES,2024-07-28,7,true,8,155.63,62.57,31.7,0.1,23.6,79.34
madrid,Madrid,Spain,ES,2024-09-08,7,true,7,133.96,54.01,21.3,0.0,15.3,60.28
madrid,Madrid,Spain,ES,2024-09-12,4,false,11,109.22,43.90,22.6,0.0,61.7,61.33
madrid,Madrid,Spain,ES,2024-09-14,6,true,5,75.67,30.53,18.8,0.0,27.4,71.09
madrid,Madrid,Spain,ES,2024-10-08,2,false,6,111.64,42.65,15.1,1.1,51.8,63.45
madrid,Madrid,Spain,ES,2024-10-14,1,false,6,106.28,42.96,17.1,4.3,60.2,67.91
madrid,Madrid,Spain,ES,2024-11-06,3,false,8,128.63,50.30,13.7,0.0,55.3,58.83
madrid,Madrid,Spain,ES,2024-11-11,1,false,8,129.12,51.31,12.0,0.0,43.3,48.58
madrid,Madrid,Spain,ES,2024-12-03,2,false,9,110.78,44.50,9.8,0.2,68.3,42.23
madrid,Madrid,Spain,ES,2024-12-29,7,true,2,27.53,10.84,3.9,0.0,29.2,34.75
madrid,Madrid,Spain,ES,2025-01-03,5,false,15,257.07,102.27,3.4,0.0,70.0,38.29
madrid,Madrid,Spain,ES,2025-01-25,6,true,6,104.64,41.59,9.4,1.5,25.8,36.03
madrid,Madrid,Spain,ES,2025-02-02,7,true,7,112.72,45.69,4.9,0.3,30.9,70.21
madrid,Madrid,Spain,ES,2025-02-19,3,false,7,93.41,36.62,11.3,0.0,75.9,41.89
madrid,Madrid,Spain,ES,2025-03-04,2,false,4,64.67,25.77,9.5,6.9,68.7,50.33
madrid,Madrid,Spain,ES,2025-03-13,4,false,10,147.48,58.19,7.5,8.9,82.9,54.08
madrid,Madrid,Spain,ES,2025-03-19,3,false,6,67.78,27.44,11.3,5.4,68.2,44.05
madrid,Madrid,Spain,ES,2025-03-20,4,false,6,81.17,32.36,11.5,13.8,93.0,57.63
madrid,Madrid,Spain,ES,2025-03-23,7,true,2,48.91,18.34,6.8,3.5,38.8,44.97
madrid,Madrid,Spain,ES,2025-04-20,7,true,7,64.70,25.67,10.0,2.3,21.1,65.00
madrid,Madrid,Spain,ES,2025-05-02,5,false,12,205.78,81.69,14.6,40.1,75.3,70.78
madrid,Madrid,Spain,ES,2025-05-18,7,true,7,61.26,24.91,20.5,0.0,33.7,71.15
madrid,Madrid,Spain,ES,2025-05-24,6,true,8,122.74,47.84,19.5,0.0,28.3,49.37
madrid,Madrid,Spain,ES,2025-06-16,1,false,11,165.59,66.39,28.6,0.0,47.7,85.10
madrid,Madrid,Spain,ES,2025-06-21,6,true,8,93.40,37.73,30.5,0.0,31.3,68.23
madrid,Madrid,Spain,ES,2025-06-25,3,false,11,164.39,63.56,24.0,0.0,62.5,93.11
madrid,Madrid,Spain,ES,2025-07-21,1,false,11,175.70,71.07,24.8,0.0,54.2,72.52
madrid,Madrid,Spain,ES,2025-07-28,1,false,10,222.40,89.61,26.7,0.0,45.8,67.81
madrid,Madrid,Spain,ES,2025-09-09,2,false,9,150.79,60.68,21.6,0.0,52.6,67.30
madrid,Madrid,Spain,ES,2025-10-01,3,false,8,125.31,47.62,20.9,0.0,52.5,69.81
madrid,Madrid,Spain,ES,2025-10-11,6,true,8,81.96,33.46,18.8,0.0,17.3,71.98
warsaw,Warsaw,Poland,PL,2024-02-26,1,false,18,318.29,114.74,8.1,5.1,68.1,54.40
warsaw,Warsaw,Poland,PL,2024-04-01,1,false,14,203.42,72.80,17.5,0.0,58.8,76.44
warsaw,Warsaw,Poland,PL,2024-04-24,3,false,5,171.11,61.74,6.1,0.0,42.6,86.41
warsaw,Warsaw,Poland,PL,2024-04-30,2,false,6,92.06,33.63,18.5,0.0,47.6,90.52
warsaw,Warsaw,Poland,PL,2024-06-04,2,false,17,302.54,105.28,17.5,3.4,67.4,111.88
warsaw,Warsaw,Poland,PL,2024-06-08,6,true,5,84.48,32.09,17.4,0.0,25.5,95.57
warsaw,Warsaw,Poland,PL,2024-06-11,2,false,10,141.48,50.57,17.2,0.5,66.9,121.50
warsaw,Warsaw,Poland,PL,2024-06-18,2,false,9,196.43,70.63,22.8,0.4,59.4,90.57
warsaw,Warsaw,Poland,PL,2024-07-12,5,false,12,140.96,51.36,24.8,0.1,65.8,99.08
warsaw,Warsaw,Poland,PL,2024-07-31,3,false,14,263.93,96.78,20.6,0.0,61.8,82.92
warsaw,Warsaw,Poland,PL,2024-08-05,1,false,22,351.61,127.02,17.0,9.7,70.3,107.07
warsaw,Warsaw,Poland,PL,2024-08-11,7,true,7,86.21,28.90,19.7,0.6,23.3,80.07
warsaw,Warsaw,Poland,PL,2024-08-18,7,true,3,57.61,19.91,23.5,3.3,35.2,83.13
warsaw,Warsaw,Poland,PL,2024-08-19,1,false,10,134.87,47.66,21.1,33.4,61.4,97.05
warsaw,Warsaw,Poland,PL,2024-08-25,7,true,10,168.53,61.50,24.2,0.0,16.4,88.42
warsaw,Warsaw,Poland,PL,2024-09-03,2,false,4,45.58,16.76,23.3,0.0,46.2,85.27
warsaw,Warsaw,Poland,PL,2024-09-21,6,true,6,78.22,28.32,16.1,0.0,22.4,84.78
warsaw,Warsaw,Poland,PL,2024-10-23,3,false,10,126.39,44.65,10.3,0.0,58.9,55.35
warsaw,Warsaw,Poland,PL,2024-11-17,7,true,6,92.48,33.67,5.2,1.9,31.2,56.90
warsaw,Warsaw,Poland,PL,2024-11-25,1,false,16,232.10,86.08,5.7,0.0,48.2,52.89
warsaw,Warsaw,Poland,PL,2024-12-07,6,true,7,184.14,67.63,2.0,0.0,41.8,46.59
warsaw,Warsaw,Poland,PL,2024-12-10,2,false,13,261.41,94.27,1.2,0.0,69.9,66.55
warsaw,Warsaw,Poland,PL,2024-12-30,1,false,12,188.53,65.12,1.4,0.0,55.6,48.29
warsaw,Warsaw,Poland,PL,2025-01-05,7,true,7,79.23,28.25,-3.7,0.3,32.9,42.49
warsaw,Warsaw,Poland,PL,2025-01-15,3,false,10,164.13,59.46,1.1,1.9,72.3,60.60
warsaw,Warsaw,Poland,PL,2025-01-26,7,true,8,234.21,83.73,5.7,0.5,43.6,35.78
warsaw,Warsaw,Poland,PL,2025-02-06,4,false,10,166.94,60.00,2.0,0.8,58.3,89.83
warsaw,Warsaw,Poland,PL,2025-02-09,7,true,9,137.26,48.85,-2.5,0.0,37.4,79.53
warsaw,Warsaw,Poland,PL,2025-03-09,7,true,11,210.19,75.10,8.6,0.0,35.4,44.66
warsaw,Warsaw,Poland,PL,2025-03-12,3,false,12,197.98,67.66,9.3,7.8,71.4,51.41
warsaw,Warsaw,Poland,PL,2025-03-18,2,false,8,125.81,45.08,0.8,0.0,41.4,60.54
warsaw,Warsaw,Poland,PL,2025-05-08,4,false,10,180.51,65.22,7.1,0.0,48.4,93.56
warsaw,Warsaw,Poland,PL,2025-05-11,7,true,4,46.04,17.55,8.4,2.3,30.3,62.14
warsaw,Warsaw,Poland,PL,2025-06-12,4,false,11,206.33,74.82,14.4,0.0,43.6,108.08
warsaw,Warsaw,Poland,PL,2025-07-16,3,false,8,94.95,33.52,17.0,12.1,68.2,109.14
warsaw,Warsaw,Poland,PL,2025-07-25,5,false,10,145.38,52.66,20.9,1.1,58.5,107.54
warsaw,Warsaw,Poland,PL,2025-07-26,6,true,5,81.84,30.01,22.9,0.8,24.3,90.50
warsaw,Warsaw,Poland,PL,2025-08-09,6,true,5,57.01,19.96,21.4,0.0,16.2,67.29
warsaw,Warsaw,Poland,PL,2025-08-26,2,false,8,101.30,35.95,14.4,0.6,60.0,91.56
warsaw,Warsaw,Poland,PL,2025-09-14,7,true,3,38.84,14.38,16.3,9.8,40.5,63.18
warsaw,Warsaw,Poland,PL,2025-09-25,4,false,10,137.24,49.63,9.6,0.0,44.9,87.67
warsaw,Warsaw,Poland,PL,2025-11-03,1,false,10,205.85,73.19,9.9,13.5,68.6,75.74
warsaw,Warsaw,Poland,PL,2025-11-29,6,true,8,116.64,42.06,0.4,0.0,34.2,52.59
warsaw,Warsaw,Poland,PL,2025-12-09,2,false,5,103.45,36.17,9.4,4.7,66.5,62.09
warsaw,Warsaw,Poland,PL,2025-12-15,1,false,15,291.46,105.19,2.9,0.0,54.6,59.84
stockholm,Stockholm,Sweden,SE,2024-01-01,1,false,4,53.60,19.91,-3.3,1.3,57.8,21.77
stockholm,Stockholm,Sweden,SE,2024-02-01,4,false,9,159.09,58.68,1.4,0.3,50.6,29.76
stockholm,Stockholm,Sweden,SE,2024-04-14,7,true,6,101.58,38.32,6.8,12.9,40.8,32.20
stockholm,Stockholm,Sweden,SE,2024-04-20,6,true,5,59.12,22.27,-0.2,0.4,35.8,36.06
stockholm,Stockholm,Sweden,SE,2024-04-23,2,false,11,188.65,71.29,1.9,0.0,64.5,51.43
stockholm,Stockholm,Sweden,SE,2024-05-23,4,false,15,195.24,72.96,15.7,0.4,57.2,61.90
stockholm,Stockholm,Sweden,SE,2024-06-02,7,true,3,30.38,11.45,20.0,0.0,46.8,44.88
stockholm,Stockholm,Sweden,SE,2024-06-09,7,true,6,131.07,49.61,12.0,6.8,40.9,50.51
stockholm,Stockholm,Sweden,SE,2024-06-12,3,false,7,72.32,28.67,13.8,0.9,55.4,65.18
stockholm,Stockholm,Sweden,SE,2024-06-24,1,false,7,120.83,45.54,18.8,0.0,53.0,47.89
stockholm,Stockholm,Sweden,SE,2024-07-01,1,false,5,49.50,18.44,17.0,0.1,42.5,53.93
stockholm,Stockholm,Sweden,SE,2024-07-05,5,false,7,97.05,36.25,13.8,2.4,76.7,70.44
stockholm,Stockholm,Sweden,SE,2024-07-10,3,false,11,132.02,49.77,17.1,11.1,70.4,58.72
stockholm,Stockholm,Sweden,SE,2024-07-17,3,false,8,163.53,61.69,18.7,19.7,61.5,47.28
stockholm,Stockholm,Sweden,SE,2024-07-30,2,false,10,171.47,65.60,18.8,0.0,54.3,63.04
stockholm,Stockholm,Sweden,SE,2024-08-02,5,false,8,104.98,38.69,17.1,0.0,68.0,58.31
stockholm,Stockholm,Sweden,SE,2024-08-13,2,false,11,155.33,59.95,18.3,0.1,57.4,46.82
stockholm,Stockholm,Sweden,SE,2024-09-04,3,false,6,49.17,17.98,18.6,0.0,53.0,50.32
stockholm,Stockholm,Sweden,SE,2024-09-09,1,false,7,101.33,38.50,19.4,3.5,69.9,61.59
stockholm,Stockholm,Sweden,SE,2024-09-13,5,false,6,113.94,45.93,13.5,0.1,49.1,52.02
stockholm,Stockholm,Sweden,SE,2024-09-24,2,false,10,131.59,49.72,14.9,0.0,72.8,49.91
stockholm,Stockholm,Sweden,SE,2024-11-05,2,false,5,146.49,56.57,5.3,0.0,60.2,48.37
stockholm,Stockholm,Sweden,SE,2024-12-01,7,true,4,86.22,32.59,6.4,0.0,22.2,31.73
stockholm,Stockholm,Sweden,SE,2024-12-08,7,true,4,54.43,20.96,0.5,0.0,26.6,29.10
stockholm,Stockholm,Sweden,SE,2024-12-22,7,true,4,48.49,18.17,2.0,5.1,32.6,25.85
stockholm,Stockholm,Sweden,SE,2025-01-14,2,false,6,76.19,28.10,2.6,0.3,47.2,33.23
stockholm,Stockholm,Sweden,SE,2025-01-22,3,false,8,76.61,28.44,1.5,1.2,53.6,32.53
stockholm,Stockholm,Sweden,SE,2025-02-01,6,true,7,108.83,41.46,-1.1,0.0,25.0,48.16
stockholm,Stockholm,Sweden,SE,2025-03-21,5,false,8,133.81,49.96,3.1,0.0,51.8,41.97
stockholm,Stockholm,Sweden,SE,2025-03-22,6,true,8,159.96,59.84,1.9,0.0,34.6,29.13
stockholm,Stockholm,Sweden,SE,2025-04-15,2,false,11,157.31,58.59,9.0,0.0,44.4,45.59
stockholm,Stockholm,Sweden,SE,2025-05-03,6,true,9,91.12,34.82,10.2,0.9,43.7,39.54
stockholm,Stockholm,Sweden,SE,2025-05-14,3,false,10,108.54,41.53,7.7,3.1,62.7,53.63
stockholm,Stockholm,Sweden,SE,2025-05-26,1,false,14,222.99,83.46,13.8,1.1,69.9,59.97
stockholm,Stockholm,Sweden,SE,2025-05-27,2,false,15,280.69,107.50,12.7,2.2,65.3,55.46
stockholm,Stockholm,Sweden,SE,2025-06-02,1,false,5,68.75,23.40,15.5,3.5,70.2,55.22
stockholm,Stockholm,Sweden,SE,2025-07-12,6,true,11,159.07,58.03,17.6,4.2,42.6,58.41
stockholm,Stockholm,Sweden,SE,2025-07-14,1,false,6,110.31,41.86,18.3,8.0,71.6,54.39
stockholm,Stockholm,Sweden,SE,2025-07-20,7,true,2,64.85,23.93,21.4,0.0,17.7,56.07
stockholm,Stockholm,Sweden,SE,2025-08-17,7,true,6,86.69,32.91,15.2,0.0,14.4,55.80
stockholm,Stockholm,Sweden,SE,2025-08-30,6,true,6,86.37,33.71,16.0,0.0,29.4,55.43
stockholm,Stockholm,Sweden,SE,2025-09-01,1,false,8,131.14,49.19,15.6,0.2,49.2,54.16
stockholm,Stockholm,Sweden,SE,2025-09-07,7,true,2,42.67,15.74,16.9,0.0,9.0,39.22
stockholm,Stockholm,Sweden,SE,2025-09-11,4,false,6,97.92,37.31,17.4,15.0,83.8,66.83
stockholm,Stockholm,Sweden,SE,2025-09-23,2,false,4,97.88,37.55,9.2,0.0,55.6,56.52
stockholm,Stockholm,Sweden,SE,2025-10-21,2,false,3,23.11,8.90,9.5,0.0,52.0,45.13
stockholm,Stockholm,Sweden,SE,2025-10-22,3,false,8,72.53,28.04,10.6,4.3,55.8,40.05
stockholm,Stockholm,Sweden,SE,2025-10-28,2,false,4,53.57,19.92,5.5,0.8,48.9,28.39
stockholm,Stockholm,Sweden,SE,2025-10-31,5,false,8,100.60,37.48,6.5,0.0,65.9,47.48
stockholm,Stockholm,Sweden,SE,2025-11-07,5,false,10,195.27,72.97,9.0,5.2,69.2,39.33
stockholm,Stockholm,Sweden,SE,2025-12-01,1,false,8,173.33,67.12,5.0,0.1,56.2,30.41
stockholm,Stockholm,Sweden,SE,2025-12-04,4,false,12,211.57,80.98,4.3,0.8,53.7,32.98
stockholm,Stockholm,Sweden,SE,2025-12-10,3,false,9,127.03,47.06,6.3,2.9,46.8,29.80
stockholm,Stockholm,Sweden,SE,2025-12-31,3,false,4,106.13,39.02,-6.3,0.2,53.8,32.88
oslo,Oslo,Norway,NO,2024-01-01,1,false,13,298.23,97.53,-5.5,13.4,72.4,25.85
oslo,Oslo,Norway,NO,2024-02-01,4,false,9,155.78,51.67,0.6,0.0,60.6,25.89
oslo,Oslo,Norway,NO,2024-04-14,7,true,5,129.82,41.04,6.9,1.9,15.8,32.19
oslo,Oslo,Norway,NO,2024-04-20,6,true,7,92.21,30.41,4.3,0.2,30.9,27.69
oslo,Oslo,Norway,NO,2024-04-23,2,false,4,93.65,31.56,4.4,1.2,63.0,43.73
oslo,Oslo,Norway,NO,2024-05-23,4,false,6,69.79,22.37,19.6,0.1,58.6,40.21
oslo,Oslo,Norway,NO,2024-06-02,7,true,5,74.62,22.76,20.0,0.0,31.8,45.66
oslo,Oslo,Norway,NO,2024-06-09,7,true,3,64.89,22.70,9.6,4.4,39.7,45.28
oslo,Oslo,Norway,NO,2024-06-12,3,false,7,137.81,43.45,12.3,13.0,65.6,55.08
oslo,Oslo,Norway,NO,2024-06-24,1,false,11,130.51,41.48,17.3,0.0,81.4,52.28
oslo,Oslo,Norway,NO,2024-07-01,1,false,8,227.64,72.63,16.2,0.0,51.5,57.05
oslo,Oslo,Norway,NO,2024-07-05,5,false,7,143.45,46.19,12.3,0.5,59.9,56.47
oslo,Oslo,Norway,NO,2024-07-10,3,false,13,231.11,70.62,13.7,25.2,83.2,61.46
oslo,Oslo,Norway,NO,2024-07-17,3,false,6,164.86,55.67,15.5,12.7,70.5,55.46
oslo,Oslo,Norway,NO,2024-07-30,2,false,11,203.82,65.47,17.1,0.0,67.4,51.85
oslo,Oslo,Norway,NO,2024-08-02,5,false,7,124.35,41.33,17.0,0.0,54.1,41.62
oslo,Oslo,Norway,NO,2024-08-13,2,false,5,93.99,30.05,15.9,0.2,48.3,48.15
oslo,Oslo,Norway,NO,2024-09-04,3,false,8,123.11,38.19,16.9,2.0,58.1,44.86
oslo,Oslo,Norway,NO,2024-09-09,1,false,8,122.25,37.52,16.4,30.4,56.9,39.03
oslo,Oslo,Norway,NO,2024-09-13,5,false,9,134.64,43.91,10.8,0.1,48.3,49.87
oslo,Oslo,Norway,NO,2024-09-24,2,false,9,169.19,54.42,12.9,9.0,66.0,46.33
oslo,Oslo,Norway,NO,2024-11-05,2,false,6,92.86,29.60,3.0,0.0,43.3,36.75
oslo,Oslo,Norway,NO,2024-12-01,7,true,10,134.64,43.75,6.5,0.4,31.2,28.05
oslo,Oslo,Norway,NO,2024-12-08,7,true,13,214.36,66.92,0.6,0.3,27.2,25.38
oslo,Oslo,Norway,NO,2024-12-22,7,true,9,160.35,47.89,1.0,0.0,28.0,23.73
oslo,Oslo,Norway,NO,2025-01-14,2,false,20,382.42,120.46,0.1,0.0,53.4,27.15
oslo,Oslo,Norway,NO,2025-01-22,3,false,13,269.95,86.81,-5.8,0.0,66.0,26.64
oslo,Oslo,Norway,NO,2025-02-01,6,true,7,124.05,37.97,-7.3,0.0,25.7,38.62
oslo,Oslo,Norway,NO,2025-03-21,5,false,9,121.02,38.21,2.8,0.0,32.8,34.12
oslo,Oslo,Norway,NO,2025-03-22,6,true,5,94.84,29.57,2.4,0.0,32.2,26.75
oslo,Oslo,Norway,NO,2025-04-15,2,false,10,154.43,50.44,8.9,3.2,69.8,42.57
oslo,Oslo,Norway,NO,2025-05-03,6,true,5,108.69,34.57,8.9,2.6,25.3,38.22
oslo,Oslo,Norway,NO,2025-05-14,3,false,7,139.74,44.74,10.4,0.0,63.4,40.25
oslo,Oslo,Norway,NO,2025-05-26,1,false,10,150.43,48.35,12.1,1.9,70.0,54.66
oslo,Oslo,Norway,NO,2025-05-27,2,false,8,118.64,37.37,10.1,11.6,73.8,45.03
oslo,Oslo,Norway,NO,2025-06-02,1,false,16,270.59,86.33,14.0,0.0,54.0,52.85
oslo,Oslo,Norway,NO,2025-07-12,6,true,5,105.25,34.42,23.5,0.0,33.3,47.68
oslo,Oslo,Norway,NO,2025-07-14,1,false,9,155.69,49.90,19.1,21.8,72.6,66.23
oslo,Oslo,Norway,NO,2025-07-20,7,true,5,86.68,27.97,24.6,0.0,44.0,46.92
oslo,Oslo,Norway,NO,2025-08-17,7,true,7,121.66,36.49,17.7,0.0,42.5,37.96
oslo,Oslo,Norway,NO,2025-08-30,6,true,6,134.19,43.84,15.3,2.4,13.1,42.30
oslo,Oslo,Norway,NO,2025-09-01,1,false,6,150.12,50.62,16.9,6.7,64.3,50.79
oslo,Oslo,Norway,NO,2025-09-07,7,true,1,14.34,4.66,14.5,0.0,41.0,42.11
oslo,Oslo,Norway,NO,2025-09-11,4,false,12,168.92,54.71,15.1,22.2,74.1,44.35
oslo,Oslo,Norway,NO,2025-09-23,2,false,7,117.75,37.83,8.6,0.0,54.6,31.44
oslo,Oslo,Norway,NO,2025-10-21,2,false,10,167.15,52.91,6.7,18.1,67.4,43.80
oslo,Oslo,Norway,NO,2025-10-22,3,false,6,90.14,29.53,9.6,7.2,71.4,38.58
oslo,Oslo,Norway,NO,2025-10-28,2,false,10,145.67,47.39,2.9,3.9,63.3,39.68
oslo,Oslo,Norway,NO,2025-10-31,5,false,10,187.23,59.60,1.3,0.0,51.9,32.89
oslo,Oslo,Norway,NO,2025-11-07,5,false,9,238.74,76.82,9.1,0.5,58.3,41.65
oslo,Oslo,Norway,NO,2025-12-01,1,false,11,194.19,57.64,1.7,4.4,60.1,29.86
oslo,Oslo,Norway,NO,2025-12-04,4,false,10,157.41,50.03,3.3,7.3,67.7,29.17
oslo,Oslo,Norway,NO,2025-12-10,3,false,20,277.48,91.53,3.2,5.1,77.0,25.02
oslo,Oslo,Norway,NO,2025-12-31,3,false,10,190.78,58.55,-4.1,0.0,60.9,31.57
copenhagen,Copenhagen,Denmark,DK,2024-01-04,4,false,8,149.63,72.37,-2.7,2.6,71.6,47.88
copenhagen,Copenhagen,Denmark,DK,2024-01-20,6,true,5,94.70,46.23,2.2,6.6,32.2,79.77
copenhagen,Copenhagen,Denmark,DK,2024-01-24,3,false,14,194.40,94.66,7.1,8.1,77.7,45.31
copenhagen,Copenhagen,Denmark,DK,2024-02-06,2,false,13,194.49,94.83,5.5,18.9,66.4,52.69
copenhagen,Copenhagen,Denmark,DK,2024-02-13,2,false,8,148.41,68.46,3.6,0.0,51.5,34.23
copenhagen,Copenhagen,Denmark,DK,2024-03-03,7,true,2,57.82,27.03,5.8,1.7,37.0,46.19
copenhagen,Copenhagen,Denmark,DK,2024-03-14,4,false,8,163.56,79.85,8.4,0.0,43.4,61.27
copenhagen,Copenhagen,Denmark,DK,2024-03-25,1,false,6,100.76,47.73,4.2,1.0,57.2,53.44
copenhagen,Copenhagen,Denmark,DK,2024-04-05,5,false,5,103.28,52.25,7.9,6.3,65.9,72.67
copenhagen,Copenhagen,Denmark,DK,2024-04-21,7,true,7,76.21,36.59,4.0,0.1,37.3,66.92
copenhagen,Copenhagen,Denmark,DK,2024-04-26,5,false,5,73.73,36.97,5.3,13.3,72.5,64.44
copenhagen,Copenhagen,Denmark,DK,2024-05-24,5,false,3,79.09,37.68,14.9,0.0,57.2,80.20
copenhagen,Copenhagen,Denmark,DK,2024-06-19,3,false,8,112.74,53.25,14.7,0.3,46.0,94.74
copenhagen,Copenhagen,Denmark,DK,2024-07-04,4,false,11,141.51,67.87,14.2,7.7,74.8,94.62
copenhagen,Copenhagen,Denmark,DK,2024-07-19,5,false,7,164.00,77.04,17.5,0.0,68.2,115.27
copenhagen,Copenhagen,Denmark,DK,2024-08-03,6,true,5,83.23,39.12,18.1,0.5,10.7,61.42
copenhagen,Copenhagen,Denmark,DK,2024-08-27,2,false,10,117.95,56.30,17.7,0.9,51.6,108.54
copenhagen,Copenhagen,Denmark,DK,2024-09-22,7,true,4,55.15,26.18,16.5,0.0,28.7,77.44
copenhagen,Copenhagen,Denmark,DK,2024-10-07,1,false,14,244.36,116.06,12.5,4.4,79.7,89.72
copenhagen,Copenhagen,Denmark,DK,2024-10-16,3,false,10,170.29,80.06,10.6,0.0,48.2,64.71
copenhagen,Copenhagen,Denmark,DK,2024-11-07,4,false,9,209.00,105.29,8.9,0.0,40.1,66.52
copenhagen,Copenhagen,Denmark,DK,2024-12-13,5,false,12,194.35,95.08,2.7,0.1,56.3,44.14
copenhagen,Copenhagen,Denmark,DK,2024-12-17,2,false,9,117.49,57.98,8.3,2.7,65.3,40.87
copenhagen,Copenhagen,Denmark,DK,2024-12-24,2,false,6,75.50,36.10,3.8,0.0,56.7,34.34
copenhagen,Copenhagen,Denmark,DK,2025-01-10,5,false,3,52.69,24.67,0.8,0.3,66.9,42.22
copenhagen,Copenhagen,Denmark,DK,2025-01-24,5,false,8,109.26,55.22,4.6,1.6,49.8,44.63
copenhagen,Copenhagen,Denmark,DK,2025-02-18,2,false,6,85.74,39.35,-0.7,0.0,35.6,53.24
copenhagen,Copenhagen,Denmark,DK,2025-03-27,4,false,5,55.18,26.63,6.9,0.0,54.0,53.01
copenhagen,Copenhagen,Denmark,DK,2025-04-05,6,true,5,63.75,30.30,5.9,0.0,33.0,47.07
copenhagen,Copenhagen,Denmark,DK,2025-04-12,6,true,4,63.84,31.38,10.4,0.0,42.9,61.78
copenhagen,Copenhagen,Denmark,DK,2025-04-29,2,false,5,88.55,42.79,13.2,0.0,53.4,65.66
copenhagen,Copenhagen,Denmark,DK,2025-05-09,5,false,9,140.38,66.83,12.3,0.0,60.3,75.67
copenhagen,Copenhagen,Denmark,DK,2025-05-20,2,false,5,37.51,17.66,16.3,0.0,55.4,89.20
copenhagen,Copenhagen,Denmark,DK,2025-05-25,7,true,13,156.91,75.72,12.5,11.6,48.1,82.19
copenhagen,Copenhagen,Denmark,DK,2025-06-18,3,false,6,99.10,45.98,17.8,0.0,49.6,83.96
copenhagen,Copenhagen,Denmark,DK,2025-06-22,7,true,5,64.01,28.81,18.9,0.1,32.4,74.85
copenhagen,Copenhagen,Denmark,DK,2025-06-26,4,false,9,97.82,47.31,15.6,5.5,65.3,73.34
copenhagen,Copenhagen,Denmark,DK,2025-06-27,5,false,7,87.77,43.91,17.4,0.4,58.0,101.52
copenhagen,Copenhagen,Denmark,DK,2025-07-13,7,true,3,34.63,16.49,18.2,0.9,42.1,78.09
copenhagen,Copenhagen,Denmark,DK,2025-07-22,2,false,15,181.08,84.91,19.3,8.0,68.4,108.31
copenhagen,Copenhagen,Denmark,DK,2025-08-04,1,false,8,136.93,64.17,18.1,6.3,66.3,88.07
copenhagen,Copenhagen,Denmark,DK,2025-08-11,1,false,7,83.49,40.32,16.8,0.0,52.0,66.47
copenhagen,Copenhagen,Denmark,DK,2025-08-13,3,false,6,77.79,37.25,20.4,0.0,60.8,112.80
copenhagen,Copenhagen,Denmark,DK,2025-08-23,6,true,5,76.08,36.41,13.4,1.5,37.4,77.32
copenhagen,Copenhagen,Denmark,DK,2025-09-13,6,true,2,29.20,13.03,15.9,1.1,35.6,59.07
copenhagen,Copenhagen,Denmark,DK,2025-09-19,5,false,11,269.26,131.75,18.1,0.1,54.1,85.87
copenhagen,Copenhagen,Denmark,DK,2025-10-02,4,false,7,112.74,54.64,11.2,0.5,66.6,81.54
copenhagen,Copenhagen,Denmark,DK,2025-10-24,5,false,8,121.47,58.13,11.4,0.3,38.4,68.30
copenhagen,Copenhagen,Denmark,DK,2025-12-03,3,false,7,127.76,61.75,5.6,0.5,51.0,57.79
copenhagen,Copenhagen,Denmark,DK,2025-12-06,6,true,8,99.76,49.84,5.0,0.8,37.6,32.48
copenhagen,Copenhagen,Denmark,DK,2025-12-14,7,true,10,164.57,79.57,6.5,1.0,18.5,37.40
copenhagen,Copenhagen,Denmark,DK,2025-12-22,1,false,13,197.99,96.38,5.2,0.0,52.6,48.86
berlin,Berlin,Germany,DE,2024-01-08,1,false,14,278.47,142.30,-7.0,0.0,49.4,55.83
berlin,Berlin,Germany,DE,2024-01-21,7,true,4,55.85,27.87,-0.8,0.0,36.4,105.09
berlin,Berlin,Germany,DE,2024-01-28,7,true,7,108.55,55.25,1.4,0.0,22.0,34.26
berlin,Berlin,Germany,DE,2024-02-11,7,true,2,66.54,33.96,7.2,6.0,31.5,47.51
berlin,Berlin,Germany,DE,2024-03-15,5,false,7,117.91,61.03,11.4,0.0,61.4,72.53
berlin,Berlin,Germany,DE,2024-03-28,4,false,4,78.06,39.68,9.3,1.4,56.3,72.08
berlin,Berlin,Germany,DE,2024-04-02,2,false,4,66.42,34.91,10.6,3.1,63.6,88.24
berlin,Berlin,Germany,DE,2024-04-07,7,true,5,84.62,44.68,17.6,0.0,30.2,80.45
berlin,Berlin,Germany,DE,2024-04-12,5,false,12,200.99,107.43,15.1,0.0,74.8,75.51
berlin,Berlin,Germany,DE,2024-04-25,4,false,14,238.18,119.44,5.1,2.4,68.4,73.80
berlin,Berlin,Germany,DE,2024-05-01,3,false,4,41.87,20.94,19.6,0.0,51.1,86.87
berlin,Berlin,Germany,DE,2024-05-06,1,false,7,88.50,47.27,13.4,0.0,57.0,77.50
berlin,Berlin,Germany,DE,2024-05-08,3,false,12,199.63,104.60,12.3,0.0,62.5,97.47
berlin,Berlin,Germany,DE,2024-05-11,6,true,4,31.59,16.74,14.8,0.3,27.9,86.50
berlin,Berlin,Germany,DE,2024-06-14,5,false,5,70.17,35.76,14.9,1.1,52.0,119.24
berlin,Berlin,Germany,DE,2024-06-26,3,false,4,58.31,30.23,23.6,0.0,50.6,117.61
berlin,Berlin,Germany,DE,2024-07-08,1,false,6,103.85,55.16,20.4,0.0,55.8,102.13
berlin,Berlin,Germany,DE,2024-07-24,3,false,6,110.03,57.10,19.4,0.2,57.0,136.57
berlin,Berlin,Germany,DE,2024-08-07,3,false,12,217.90,111.59,22.7,0.0,59.0,104.10
berlin,Berlin,Germany,DE,2024-09-02,1,false,9,118.13,60.72,20.2,0.0,61.0,74.62
berlin,Berlin,Germany,DE,2024-09-16,1,false,14,194.14,98.06,15.3,6.4,87.0,101.25
berlin,Berlin,Germany,DE,2024-10-15,2,false,9,121.41,61.70,7.9,0.0,55.7,77.69
berlin,Berlin,Germany,DE,2024-10-22,2,false,4,75.44,39.57,12.7,0.0,43.0,79.76
berlin,Berlin,Germany,DE,2024-10-26,6,true,6,74.82,40.21,10.8,0.0,37.9,63.25
berlin,Berlin,Germany,DE,2024-11-19,2,false,9,186.15,100.94,3.4,26.3,68.5,72.69
berlin,Berlin,Germany,DE,2025-01-01,3,false,12,166.58,88.37,5.0,0.5,68.5,56.19
berlin,Berlin,Germany,DE,2025-02-07,5,false,2,47.39,24.38,1.7,0.0,40.7,101.06
berlin,Berlin,Germany,DE,2025-02-13,4,false,12,164.64,85.46,-1.4,7.1,59.5,110.95
berlin,Berlin,Germany,DE,2025-03-17,1,false,6,145.59,76.82,2.0,0.0,66.2,70.43
berlin,Berlin,Germany,DE,2025-03-28,5,false,8,126.53,64.99,7.8,0.0,44.2,72.35
berlin,Berlin,Germany,DE,2025-03-31,1,false,7,113.99,60.26,7.1,0.8,53.2,73.67
berlin,Berlin,Germany,DE,2025-04-01,2,false,6,68.74,35.89,7.9,0.0,54.4,94.91
berlin,Berlin,Germany,DE,2025-04-03,4,false,6,88.22,43.99,10.5,0.0,67.6,94.71
berlin,Berlin,Germany,DE,2025-04-06,7,true,10,274.99,141.32,3.7,0.0,29.0,70.76
berlin,Berlin,Germany,DE,2025-04-11,5,false,7,94.05,49.38,9.9,0.5,62.1,78.71
berlin,Berlin,Germany,DE,2025-05-07,3,false,4,67.11,34.16,11.3,0.0,59.3,95.22
berlin,Berlin,Germany,DE,2025-06-07,6,true,5,53.93,27.26,17.5,5.4,34.5,77.81
berlin,Berlin,Germany,DE,2025-07-03,4,false,15,256.37,134.25,22.4,0.2,46.6,136.46
berlin,Berlin,Germany,DE,2025-08-06,3,false,5,94.03,46.80,16.2,0.7,36.7,102.88
berlin,Berlin,Germany,DE,2025-08-20,3,false,9,150.14,78.40,19.1,0.0,72.1,89.55
berlin,Berlin,Germany,DE,2025-08-21,4,false,7,105.24,55.98,17.6,0.0,58.5,112.42
berlin,Berlin,Germany,DE,2025-09-03,3,false,5,87.44,46.46,18.8,0.0,43.5,109.48
berlin,Berlin,Germany,DE,2025-10-06,1,false,9,157.93,80.81,11.9,1.0,50.5,90.01
berlin,Berlin,Germany,DE,2025-10-07,2,false,10,160.46,81.29,12.0,1.7,66.3,100.79
berlin,Berlin,Germany,DE,2025-10-15,3,false,7,193.86,100.04,11.3,0.3,51.9,79.76
berlin,Berlin,Germany,DE,2025-11-15,6,true,4,73.78,39.58,5.1,12.5,36.9,70.11
berlin,Berlin,Germany,DE,2025-11-18,2,false,13,276.89,142.88,3.1,0.1,59.1,59.75
berlin,Berlin,Germany,DE,2025-12-05,5,false,13,244.57,130.79,3.2,3.0,70.9,67.32
berlin,Berlin,Germany,DE,2025-12-13,6,true,7,101.04,51.16,5.7,0.0,29.4,60.65
berlin,Berlin,Germany,DE,2025-12-18,4,false,8,192.62,102.15,5.3,0.1,40.9,63.02
amsterdam,Amsterdam,Netherlands,NL,2024-01-06,6,true,4,59.48,30.05,3.5,0.0,39.1,49.74
amsterdam,Amsterdam,Netherlands,NL,2024-01-13,6,true,10,143.33,70.37,4.1,0.6,40.2,39.26
amsterdam,Amsterdam,Netherlands,NL,2024-01-19,5,false,12,215.39,105.53,1.9,1.1,76.9,128.72
amsterdam,Amsterdam,Netherlands,NL,2024-02-18,7,true,2,41.74,20.73,9.2,24.8,34.1,49.02
amsterdam,Amsterdam,Netherlands,NL,2024-02-21,3,false,6,92.29,47.25,9.3,6.5,77.9,64.49
amsterdam,Amsterdam,Netherlands,NL,2024-02-22,4,false,7,76.10,39.54,9.7,11.8,42.6,63.12
amsterdam,Amsterdam,Netherlands,NL,2024-02-24,6,true,9,139.75,69.69,4.2,4.1,36.1,55.99
amsterdam,Amsterdam,Netherlands,NL,2024-02-28,3,false,10,178.55,88.98,7.0,0.1,44.0,65.85
amsterdam,Amsterdam,Netherlands,NL,2024-03-04,1,false,3,81.92,41.61,6.5,0.3,51.8,55.06
amsterdam,Amsterdam,Netherlands,NL,2024-03-19,2,false,6,97.25,47.71,10.4,0.0,58.8,73.85
amsterdam,Amsterdam,Netherlands,NL,2024-03-27,3,false,11,149.52,74.62,9.6,0.7,41.9,83.42
amsterdam,Amsterdam,Netherlands,NL,2024-06-17,1,false,6,141.30,70.65,15.1,0.4,73.5,85.61
amsterdam,Amsterdam,Netherlands,NL,2024-07-29,1,false,4,65.59,33.24,19.4,0.0,61.1,118.17
amsterdam,Amsterdam,Netherlands,NL,2024-08-04,7,true,7,150.23,75.83,16.8,0.0,28.2,88.54
amsterdam,Amsterdam,Netherlands,NL,2024-09-26,4,false,6,83.72,41.18,15.1,17.2,84.9,100.04
amsterdam,Amsterdam,Netherlands,NL,2024-10-03,4,false,3,29.07,13.99,10.1,0.0,51.7,97.78
amsterdam,Amsterdam,Netherlands,NL,2024-10-10,4,false,5,138.23,70.26,11.5,1.4,60.6,105.26
amsterdam,Amsterdam,Netherlands,NL,2024-10-18,5,false,13,195.87,98.16,14.9,0.7,52.4,100.85
amsterdam,Amsterdam,Netherlands,NL,2024-10-20,7,true,5,41.44,20.95,15.5,2.8,27.4,93.56
amsterdam,Amsterdam,Netherlands,NL,2024-11-21,4,false,11,264.74,134.19,1.5,7.2,63.9,68.60
amsterdam,Amsterdam,Netherlands,NL,2024-12-15,7,true,2,17.02,8.37,9.0,0.3,38.2,64.06
amsterdam,Amsterdam,Netherlands,NL,2024-12-16,1,false,2,34.83,16.73,10.1,0.4,53.8,54.38
amsterdam,Amsterdam,Netherlands,NL,2025-02-27,4,false,9,189.42,92.30,5.5,3.9,76.4,70.74
amsterdam,Amsterdam,Netherlands,NL,2025-04-07,1,false,13,199.87,101.33,7.2,0.0,43.9,78.71
amsterdam,Amsterdam,Netherlands,NL,2025-04-16,3,false,9,149.58,76.99,10.7,0.2,57.1,67.96
amsterdam,Amsterdam,Netherlands,NL,2025-05-19,1,false,11,178.31,86.54,14.4,0.0,54.7,97.82
amsterdam,Amsterdam,Netherlands,NL,2025-06-05,4,false,11,160.10,81.86,14.8,8.1,74.6,96.22
amsterdam,Amsterdam,Netherlands,NL,2025-06-28,6,true,5,59.19,29.88,20.7,0.1,26.2,83.46
amsterdam,Amsterdam,Netherlands,NL,2025-06-29,7,true,3,30.00,15.25,20.9,0.0,41.5,95.61
amsterdam,Amsterdam,Netherlands,NL,2025-06-30,1,false,10,132.04,66.08,22.0,0.0,59.7,118.84
amsterdam,Amsterdam,Netherlands,NL,2025-07-06,7,true,14,230.32,112.35,17.5,12.2,32.2,85.89
amsterdam,Amsterdam,Netherlands,NL,2025-07-23,3,false,10,161.34,80.41,18.6,3.3,50.0,123.16
amsterdam,Amsterdam,Netherlands,NL,2025-08-08,5,false,5,70.31,35.32,19.1,0.8,66.2,101.77
amsterdam,Amsterdam,Netherlands,NL,2025-08-16,6,true,4,34.61,13.73,18.4,0.7,34.9,105.24
amsterdam,Amsterdam,Netherlands,NL,2025-09-05,5,false,9,130.09,62.29,16.4,0.9,42.4,103.85
amsterdam,Amsterdam,Netherlands,NL,2025-09-18,4,false,8,170.48,84.02,18.1,4.8,70.4,107.10
amsterdam,Amsterdam,Netherlands,NL,2025-12-27,6,true,4,89.02,47.39,1.6,0.0,25.1,45.69
paris,Paris,France,FR,2024-01-04,4,false,12,170.83,71.34,9.0,1.7,59.8,43.36
paris,Paris,France,FR,2024-01-20,6,true,10,190.28,84.00,-2.8,0.0,29.8,100.14
paris,Paris,France,FR,2024-01-24,3,false,13,193.73,83.78,12.0,0.5,53.3,45.86
paris,Paris,France,FR,2024-02-06,2,false,10,108.42,49.15,10.0,0.0,59.6,48.23
paris,Paris,France,FR,2024-02-13,2,false,14,250.39,110.57,6.7,3.3,51.8,47.68
paris,Paris,France,FR,2024-03-03,7,true,3,24.99,11.29,5.5,2.8,30.9,45.21
paris,Paris,France,FR,2024-03-14,4,false,12,211.26,91.82,11.1,0.0,55.1,53.39
paris,Paris,France,FR,2024-03-25,1,false,9,180.46,80.12,7.6,0.0,63.7,60.08
paris,Paris,France,FR,2024-04-05,5,false,9,103.46,43.66,14.8,1.0,50.0,66.45
paris,Paris,France,FR,2024-04-21,7,true,7,114.32,47.02,6.8,0.8,40.5,76.11
paris,Paris,France,FR,2024-04-26,5,false,7,106.24,46.32,9.7,7.4,66.5,76.30
paris,Paris,France,FR,2024-05-05,7,true,9,117.51,53.91,13.1,2.9,37.8,78.30
paris,Paris,France,FR,2024-05-24,5,false,15,178.75,77.74,14.3,1.8,64.7,105.33
paris,Paris,France,FR,2024-06-19,3,false,12,161.56,70.18,17.7,1.3,48.6,92.99
paris,Paris,France,FR,2024-07-04,4,false,14,185.12,83.74,17.5,1.3,61.4,94.28
paris,Paris,France,FR,2024-07-19,5,false,7,118.39,52.94,24.9,0.1,54.7,95.57
paris,Paris,France,FR,2024-08-03,6,true,7,111.04,49.46,19.9,1.8,31.3,76.95
paris,Paris,France,FR,2024-08-27,2,false,16,271.74,121.98,19.1,0.0,50.3,77.98
paris,Paris,France,FR,2024-09-22,7,true,10,147.54,65.44,17.2,16.0,43.9,77.36
paris,Paris,France,FR,2024-10-07,1,false,14,274.23,119.25,15.6,8.7,67.0,79.76
paris,Paris,France,FR,2024-10-16,3,false,8,121.57,52.74,19.2,10.2,67.1,79.08
paris,Paris,France,FR,2024-11-07,4,false,14,260.67,114.85,11.0,0.0,54.6,61.77
paris,Paris,France,FR,2024-12-13,5,false,12,221.43,98.65,1.8,0.0,57.1,48.41
paris,Paris,France,FR,2024-12-17,2,false,12,211.94,94.94,7.0,0.0,59.2,43.40
paris,Paris,France,FR,2024-12-24,2,false,6,150.03,67.68,7.2,1.0,39.0,33.89
paris,Paris,France,FR,2025-01-10,5,false,14,171.87,75.75,3.1,0.2,55.1,47.12
paris,Paris,France,FR,2025-01-24,5,false,12,165.12,71.57,9.7,5.9,83.0,57.37
paris,Paris,France,FR,2025-02-18,2,false,8,143.65,61.59,2.9,0.0,65.1,63.49
paris,Paris,France,FR,2025-03-27,4,false,9,115.41,50.90,8.9,0.0,54.3,59.35
paris,Paris,France,FR,2025-04-05,6,true,6,59.22,25.91,15.8,0.0,26.4,58.75
paris,Paris,France,FR,2025-04-12,6,true,13,183.91,82.84,14.5,5.1,32.7,63.59
paris,Paris,France,FR,2025-04-29,2,false,11,154.54,70.84,19.4,0.0,49.0,82.61
paris,Paris,France,FR,2025-05-09,5,false,8,107.26,48.20,14.8,0.0,50.5,87.11
paris,Paris,France,FR,2025-05-20,2,false,11,238.42,105.36,18.8,0.0,59.4,91.84
paris,Paris,France,FR,2025-05-25,7,true,10,114.89,49.25,16.6,2.4,36.9,69.10
paris,Paris,France,FR,2025-06-18,3,false,8,121.89,52.50,23.0,0.0,49.9,112.44
paris,Paris,France,FR,2025-06-22,7,true,8,136.38,55.44,25.9,0.0,22.1,91.65
paris,Paris,France,FR,2025-06-26,4,false,5,56.27,24.33,22.2,6.6,78.3,84.69
paris,Paris,France,FR,2025-06-27,5,false,16,221.83,99.07,23.4,0.4,64.5,103.76
paris,Paris,France,FR,2025-07-13,7,true,6,77.48,33.71,25.1,0.1,28.8,99.08
paris,Paris,France,FR,2025-07-22,2,false,8,152.06,68.54,18.9,0.2,51.5,105.66
paris,Paris,France,FR,2025-08-04,1,false,9,174.23,75.37,21.9,0.2,54.8,82.47
paris,Paris,France,FR,2025-08-11,1,false,12,125.02,54.80,24.3,0.0,52.4,102.82
paris,Paris,France,FR,2025-08-13,3,false,12,258.29,114.17,26.7,0.6,69.9,91.08
paris,Paris,France,FR,2025-08-23,6,true,9,160.82,70.58,17.6,0.0,39.3,83.34
paris,Paris,France,FR,2025-09-13,6,true,9,141.90,63.86,14.9,9.4,48.0,85.04
paris,Paris,France,FR,2025-09-19,5,false,12,206.96,93.64,20.9,0.0,42.4,91.20
paris,Paris,France,FR,2025-10-02,4,false,13,206.88,90.22,12.9,0.0,43.5,93.01
paris,Paris,France,FR,2025-10-24,5,false,12,269.19,118.07,9.3,2.0,50.1,61.51
paris,Paris,France,FR,2025-12-03,3,false,13,262.77,119.33,7.7,0.1,55.8,53.02
paris,Paris,France,FR,2025-12-06,6,true,12,188.19,80.91,10.1,1.5,42.8,43.46
paris,Paris,France,FR,2025-12-14,7,true,11,202.45,87.14,6.7,0.0,39.0,43.62
paris,Paris,France,FR,2025-12-22,1,false,14,255.97,111.93,9.0,0.1,58.7,48.30
madrid,Madrid,Spain,ES,2024-01-09,2,false,7,121.45,48.41,5.1,0.1,63.0,44.79
madrid,Madrid,Spain,ES,2024-01-16,2,false,9,122.99,48.20,12.8,1.8,85.0,77.18
madrid,Madrid,Spain,ES,2024-01-22,1,false,4,75.65,30.26,5.4,0.0,66.3,96.32
madrid,Madrid,Spain,ES,2024-02-08,4,false,11,140.79,56.42,9.5,2.1,65.1,33.52
madrid,Madrid,Spain,ES,2024-02-16,5,false,9,79.87,31.34,10.8,0.9,52.8,39.39
madrid,Madrid,Spain,ES,2024-04-03,3,false,8,133.94,52.67,12.2,0.4,51.9,54.42
madrid,Madrid,Spain,ES,2024-04-15,1,false,10,167.01,66.71,20.4,0.0,47.3,66.79
madrid,Madrid,Spain,ES,2024-04-18,4,false,11,203.16,82.66,14.9,0.0,56.5,67.76
madrid,Madrid,Spain,ES,2024-05-29,3,false,10,171.87,71.01,26.1,0.0,62.4,84.32
madrid,Madrid,Spain,ES,2024-05-30,4,false,11,225.10,90.09,26.0,1.0,63.1,83.76
madrid,Madrid,Spain,ES,2024-06-06,4,false,12,107.88,43.43,27.9,0.0,62.5,85.16
madrid,Madrid,Spain,ES,2024-06-20,4,false,13,242.43,95.64,17.1,1.6,60.1,78.79
madrid,Madrid,Spain,ES,2024-06-22,6,true,5,59.56,25.04,23.3,0.0,16.5,77.19
madrid,Madrid,Spain,ES,2024-06-23,7,true,4,88.97,37.19,24.0,0.0,30.8,73.27
madrid,Madrid,Spain,ES,2024-06-25,2,false,10,129.12,50.86,27.0,0.6,71.5,87.68
madrid,Madrid,Spain,ES,2024-06-27,4,false,12,218.01,86.87,26.5,0.4,53.0,72.74
madrid,Madrid,Spain,ES,2024-08-12,1,false,13,255.89,102.47,30.4,0.0,66.9,81.77
madrid,Madrid,Spain,ES,2024-08-16,5,false,8,125.02,49.37,26.4,0.0,43.1,85.09
madrid,Madrid,Spain,ES,2024-08-28,3,false,2,11.61,4.58,28.7,0.0,45.9,80.77
madrid,Madrid,Spain,ES,2024-10-01,2,false,8,114.78,47.25,20.6,0.0,56.1,75.09
madrid,Madrid,Spain,ES,2024-10-04,5,false,13,184.38,73.23,18.2,0.0,63.8,69.82
madrid,Madrid,Spain,ES,2024-10-24,4,false,5,64.12,27.02,15.6,0.9,47.8,64.38
madrid,Madrid,Spain,ES,2024-11-12,2,false,16,240.67,95.19,9.1,0.0,55.7,62.94
madrid,Madrid,Spain,ES,2024-12-11,3,false,8,93.00,37.33,5.3,0.0,68.0,40.94
madrid,Madrid,Spain,ES,2024-12-12,4,false,7,133.48,52.27,4.8,0.3,68.5,40.37
madrid,Madrid,Spain,ES,2024-12-21,6,true,6,80.01,32.33,3.5,0.0,42.3,36.77
madrid,Madrid,Spain,ES,2025-01-04,6,true,5,74.91,31.59,4.3,0.0,30.2,36.32
madrid,Madrid,Spain,ES,2025-02-26,3,false,7,219.14,90.76,6.9,0.0,46.5,37.31
madrid,Madrid,Spain,ES,2025-03-06,4,false,9,180.03,72.30,10.2,18.4,77.6,42.47
madrid,Madrid,Spain,ES,2025-03-08,6,true,4,80.08,31.55,8.6,20.7,26.6,40.32
madrid,Madrid,Spain,ES,2025-03-24,1,false,11,136.56,54.67,7.6,2.7,58.3,63.96
madrid,Madrid,Spain,ES,2025-03-25,2,false,7,71.17,27.77,9.5,0.1,47.6,62.77
madrid,Madrid,Spain,ES,2025-04-09,3,false,8,99.18,40.97,15.5,0.0,51.6,68.31
madrid,Madrid,Spain,ES,2025-04-25,5,false,9,115.58,45.86,18.0,0.3,70.5,50.17
madrid,Madrid,Spain,ES,2025-06-01,7,true,8,164.95,64.01,27.1,0.7,44.6,72.90
madrid,Madrid,Spain,ES,2025-06-08,7,true,8,147.14,58.03,27.2,0.0,33.7,61.17
madrid,Madrid,Spain,ES,2025-06-14,6,true,10,122.64,49.26,26.9,0.0,19.0,75.96
madrid,Madrid,Spain,ES,2025-07-04,5,false,6,105.96,43.28,29.3,0.0,55.4,82.59
madrid,Madrid,Spain,ES,2025-07-18,5,false,12,138.34,55.33,28.1,0.0,57.6,78.26
madrid,Madrid,Spain,ES,2025-07-31,4,false,11,182.77,74.78,27.7,0.0,50.5,82.51
madrid,Madrid,Spain,ES,2025-08-01,5,false,11,215.85,86.11,26.8,1.3,58.2,88.01
madrid,Madrid,Spain,ES,2025-09-02,2,false,4,56.95,23.12,20.9,0.0,58.7,90.24
madrid,Madrid,Spain,ES,2025-09-28,7,true,6,79.70,32.16,17.7,9.8,40.5,62.72
madrid,Madrid,Spain,ES,2025-11-11,2,false,7,88.95,35.64,10.5,0.0,44.0,54.68
madrid,Madrid,Spain,ES,2025-11-14,5,false,6,126.56,51.13,12.0,16.6,79.6,50.58
madrid,Madrid,Spain,ES,2025-11-23,7,true,4,64.12,26.24,7.1,0.0,33.9,46.68
madrid,Madrid,Spain,ES,2025-11-30,7,true,6,105.99,42.06,7.4,3.0,22.2,39.28
madrid,Madrid,Spain,ES,2025-12-11,4,false,10,188.23,74.79,8.0,0.0,55.7,34.64
madrid,Madrid,Spain,ES,2025-12-30,2,false,9,113.85,45.47,4.9,0.0,52.3,45.11
warsaw,Warsaw,Poland,PL,2024-01-02,2,false,11,216.78,77.52,3.6,1.6,57.1,35.04
warsaw,Warsaw,Poland,PL,2024-01-03,3,false,10,181.54,65.42,4.7,11.5,84.0,49.18
warsaw,Warsaw,Poland,PL,2024-01-05,5,false,17,304.72,108.61,-1.8,1.7,68.3,49.65
warsaw,Warsaw,Poland,PL,2024-01-23,2,false,12,205.97,73.73,3.1,0.2,48.1,55.44
warsaw,Warsaw,Poland,PL,2024-01-25,4,false,14,255.38,92.50,3.4,3.1,72.2,58.10
warsaw,Warsaw,Poland,PL,2024-01-31,3,false,6,92.63,31.90,4.6,0.3,67.8,51.88
warsaw,Warsaw,Poland,PL,2024-02-07,3,false,12,175.90,62.67,4.3,4.5,76.7,48.98
warsaw,Warsaw,Poland,PL,2024-03-24,7,true,5,129.82,46.70,3.9,2.1,30.1,45.43
warsaw,Warsaw,Poland,PL,2024-05-02,4,false,4,36.15,13.03,18.2,0.0,68.5,74.39
warsaw,Warsaw,Poland,PL,2024-05-03,5,false,7,87.76,32.53,19.2,0.0,52.9,77.56
warsaw,Warsaw,Poland,PL,2024-05-31,5,false,9,127.43,46.50,19.8,0.1,55.9,106.98
warsaw,Warsaw,Poland,PL,2024-06-29,6,true,5,69.75,23.61,23.2,0.0,31.1,100.57
warsaw,Warsaw,Poland,PL,2024-07-25,4,false,8,136.98,49.51,19.3,2.0,50.0,106.81
warsaw,Warsaw,Poland,PL,2024-07-26,5,false,11,148.37,50.82,19.9,0.7,66.1,111.93
warsaw,Warsaw,Poland,PL,2024-08-08,4,false,4,48.11,17.68,20.3,3.2,69.9,83.81
warsaw,Warsaw,Poland,PL,2024-08-20,2,false,5,64.77,23.82,19.4,10.0,72.3,92.01
warsaw,Warsaw,Poland,PL,2024-08-22,4,false,14,221.85,81.88,16.1,0.0,69.0,102.66
warsaw,Warsaw,Poland,PL,2024-09-28,6,true,9,123.38,45.62,14.3,0.0,30.9,65.75
warsaw,Warsaw,Poland,PL,2024-10-27,7,true,4,32.04,11.64,11.7,0.0,27.4,57.99
warsaw,Warsaw,Poland,PL,2024-10-28,1,false,12,238.53,86.91,10.3,0.1,45.3,71.50
warsaw,Warsaw,Poland,PL,2024-10-30,3,false,11,174.85,62.09,12.6,0.4,52.8,68.64
warsaw,Warsaw,Poland,PL,2024-11-01,5,false,12,146.88,53.32,11.5,0.0,48.9,70.43
warsaw,Warsaw,Poland,PL,2024-11-03,7,true,9,227.02,79.07,4.0,0.0,30.6,59.32
warsaw,Warsaw,Poland,PL,2024-11-14,4,false,13,189.67,66.56,3.4,1.4,56.4,53.39
warsaw,Warsaw,Poland,PL,2024-11-15,5,false,10,125.93,46.59,6.0,0.0,63.6,79.71
warsaw,Warsaw,Poland,PL,2024-11-24,7,true,5,59.15,20.74,1.6,1.0,32.9,45.69
warsaw,Warsaw,Poland,PL,2024-12-06,5,false,12,269.56,97.44,2.3,0.3,60.4,55.41
warsaw,Warsaw,Poland,PL,2024-12-09,1,false,12,197.29,71.53,2.5,1.5,68.1,61.17
warsaw,Warsaw,Poland,PL,2024-12-25,3,false,15,293.52,104.16,1.5,0.0,59.5,52.85
warsaw,Warsaw,Poland,PL,2024-12-27,5,false,12,239.94,88.58,0.5,0.7,56.2,52.11
warsaw,Warsaw,Poland,PL,2025-01-06,1,false,11,204.78,72.71,2.1,4.4,57.4,33.46
warsaw,Warsaw,Poland,PL,2025-02-14,5,false,9,160.30,56.89,-2.5,1.0,66.5,89.82
warsaw,Warsaw,Poland,PL,2025-02-17,1,false,13,265.22,93.46,-5.5,0.0,50.6,74.75
warsaw,Warsaw,Poland,PL,2025-02-23,7,true,11,235.30,83.28,0.9,0.0,24.0,42.09
warsaw,Warsaw,Poland,PL,2025-03-02,7,true,8,118.46,43.88,1.7,0.0,21.1,50.42
warsaw,Warsaw,Poland,PL,2025-03-03,1,false,8,88.62,31.33,5.2,0.0,59.2,50.83
warsaw,Warsaw,Poland,PL,2025-04-19,6,true,11,207.49,72.85,15.5,0.0,41.0,75.90
warsaw,Warsaw,Poland,PL,2025-04-30,3,false,12,232.53,83.86,15.2,0.0,52.4,71.66
warsaw,Warsaw,Poland,PL,2025-06-13,5,false,9,140.53,52.08,15.4,0.1,52.7,105.67
warsaw,Warsaw,Poland,PL,2025-06-23,1,false,15,210.34,69.64,21.4,4.6,68.2,111.90
warsaw,Warsaw,Poland,PL,2025-07-27,7,true,10,118.88,42.97,21.0,12.9,40.0,67.55
warsaw,Warsaw,Poland,PL,2025-08-07,4,false,11,126.71,45.38,17.4,0.0,50.7,103.42
warsaw,Warsaw,Poland,PL,2025-08-10,7,true,5,114.13,41.20,20.4,0.8,27.8,86.89
warsaw,Warsaw,Poland,PL,2025-09-10,3,false,8,98.49,35.66,19.2,0.0,60.1,83.35
warsaw,Warsaw,Poland,PL,2025-09-17,3,false,12,152.37,54.60,13.9,0.3,56.3,97.82
warsaw,Warsaw,Poland,PL,2025-09-24,3,false,9,115.42,40.84,10.5,0.0,67.2,74.07
warsaw,Warsaw,Poland,PL,2025-10-04,6,true,6,139.98,51.22,8.6,4.8,28.5,66.47
warsaw,Warsaw,Poland,PL,2025-10-05,7,true,5,63.21,22.82,10.3,3.1,41.3,78.50
warsaw,Warsaw,Poland,PL,2025-10-19,7,true,5,76.98,27.32,5.3,0.0,18.6,65.85
warsaw,Warsaw,Poland,PL,2025-12-07,7,true,6,98.71,34.48,3.7,0.0,30.8,43.09
warsaw,Warsaw,Poland,PL,2025-12-12,5,false,8,184.44,65.32,7.1,0.2,60.0,51.77
warsaw,Warsaw,Poland,PL,2025-12-21,7,true,5,41.08,14.38,2.1,0.0,47.4,43.87
copenhagen,Copenhagen,Denmark,DK,2024-05-05,7,true,0,0.00,0.00,10.2,2.8,45.6,76.60
madrid,Madrid,Spain,ES,2025-10-03,5,false,0,0.00,0.00,21.4,0.0,64.8,77.15
stockholm,Stockholm,Sweden,SE,2024-01-06,6,true,4,108.54,41.55,-10.8,0.0,19.7,23.48
stockholm,Stockholm,Sweden,SE,2024-01-13,6,true,5,96.83,34.32,-1.6,2.5,46.4,23.02
stockholm,Stockholm,Sweden,SE,2024-01-19,5,false,8,135.17,51.15,-15.1,0.0,52.9,54.22
stockholm,Stockholm,Sweden,SE,2024-02-18,7,true,8,153.98,57.80,-1.8,0.1,34.9,23.82
stockholm,Stockholm,Sweden,SE,2024-02-21,3,false,14,262.04,102.91,1.0,4.0,56.8,34.51
stockholm,Stockholm,Sweden,SE,2024-02-22,4,false,2,9.82,3.63,2.4,2.9,65.2,30.03
stockholm,Stockholm,Sweden,SE,2024-02-24,6,true,4,119.82,47.79,2.1,0.5,40.9,28.46
stockholm,Stockholm,Sweden,SE,2024-02-28,3,false,4,53.33,21.12,1.7,0.0,50.6,28.14
stockholm,Stockholm,Sweden,SE,2024-03-04,1,false,9,169.49,66.42,1.2,0.0,40.0,31.32
stockholm,Stockholm,Sweden,SE,2024-03-19,2,false,13,151.25,58.25,-0.7,0.0,59.5,42.53
stockholm,Stockholm,Sweden,SE,2024-03-27,3,false,7,83.62,32.54,3.7,0.0,47.6,43.61
stockholm,Stockholm,Sweden,SE,2024-06-17,1,false,6,87.98,34.07,16.3,0.0,63.7,62.57
stockholm,Stockholm,Sweden,SE,2024-07-29,1,false,13,246.79,94.37,17.7,0.0,64.9,37.66
stockholm,Stockholm,Sweden,SE,2024-08-04,7,true,7,73.24,27.40,17.6,7.1,34.2,48.08
stockholm,Stockholm,Sweden,SE,2024-09-26,4,false,7,115.60,44.29,12.8,15.8,80.3,57.27
stockholm,Stockholm,Sweden,SE,2024-10-03,4,false,5,84.21,31.60,7.8,0.0,49.8,49.20
stockholm,Stockholm,Sweden,SE,2024-10-10,4,false,13,182.11,69.66,12.3,21.4,57.1,46.03
stockholm,Stockholm,Sweden,SE,2024-10-18,5,false,11,173.53,65.07,10.6,0.0,59.9,41.83
stockholm,Stockholm,Sweden,SE,2024-10-20,7,true,7,116.82,45.31,12.1,0.1,39.2,32.67
stockholm,Stockholm,Sweden,SE,2024-11-21,4,false,7,122.80,44.50,-3.1,1.7,57.8,39.75
stockholm,Stockholm,Sweden,SE,2024-12-15,7,true,7,129.01,48.22,-0.7,1.6,29.1,29.86
stockholm,Stockholm,Sweden,SE,2024-12-16,1,false,3,86.38,31.71,3.3,1.4,60.1,35.22
stockholm,Stockholm,Sweden,SE,2025-02-27,4,false,7,152.46,57.68,1.8,0.4,67.1,28.32
stockholm,Stockholm,Sweden,SE,2025-04-07,1,false,6,98.10,38.36,5.8,0.0,51.0,42.14
stockholm,Stockholm,Sweden,SE,2025-04-16,3,false,6,150.50,56.57,10.5,0.0,67.9,43.84
stockholm,Stockholm,Sweden,SE,2025-05-19,1,false,9,121.71,45.26,14.5,0.0,69.3,56.89
stockholm,Stockholm,Sweden,SE,2025-06-05,4,false,3,63.90,23.22,15.3,0.2,60.3,55.88
stockholm,Stockholm,Sweden,SE,2025-06-28,6,true,7,97.01,37.43,16.5,0.0,24.1,50.59
stockholm,Stockholm,Sweden,SE,2025-06-29,7,true,4,71.87,25.97,17.3,2.1,32.7,56.40
stockholm,Stockholm,Sweden,SE,2025-06-30,1,false,5,84.15,31.47,16.8,0.0,45.1,56.26
stockholm,Stockholm,Sweden,SE,2025-07-06,7,true,9,120.11,46.48,16.8,1.8,30.0,63.69
stockholm,Stockholm,Sweden,SE,2025-07-23,3,false,5,64.02,24.66,21.9,0.9,65.9,52.77
stockholm,Stockholm,Sweden,SE,2025-08-08,5,false,6,41.36,16.85,17.8,2.1,60.3,65.16
stockholm,Stockholm,Sweden,SE,2025-08-16,6,true,7,109.76,41.18,15.5,0.0,39.6,52.63
stockholm,Stockholm,Sweden,SE,2025-09-05,5,false,8,161.55,61.50,18.5,0.0,60.1,58.10
stockholm,Stockholm,Sweden,SE,2025-09-18,4,false,9,181.77,70.25,13.8,1.7,77.6,55.36
stockholm,Stockholm,Sweden,SE,2025-12-27,6,true,6,122.45,48.21,1.8,0.0,24.5,28.33
oslo,Oslo,Norway,NO,2024-01-06,6,true,6,130.92,42.21,-23.5,0.0,49.4,19.67
oslo,Oslo,Norway,NO,2024-01-13,6,true,16,372.99,118.76,-5.7,2.0,18.3,21.84
oslo,Oslo,Norway,NO,2024-01-19,5,false,22,720.80,228.25,-16.7,0.1,50.8,59.35
oslo,Oslo,Norway,NO,2024-02-18,7,true,9,157.47,47.38,-2.6,4.9,32.8,19.12
oslo,Oslo,Norway,NO,2024-02-21,3,false,12,217.77,69.88,0.8,0.8,58.4,36.59
oslo,Oslo,Norway,NO,2024-02-22,4,false,8,165.45,54.25,2.7,5.6,63.5,29.10
oslo,Oslo,Norway,NO,2024-02-24,6,true,6,84.68,26.58,1.8,1.2,36.0,21.28
oslo,Oslo,Norway,NO,2024-02-28,3,false,6,116.22,39.50,1.9,1.8,69.7,32.75
oslo,Oslo,Norway,NO,2024-03-04,1,false,11,233.97,72.53,2.4,2.1,71.1,27.82
oslo,Oslo,Norway,NO,2024-03-19,2,false,12,195.22,63.01,0.5,2.4,70.8,37.60
oslo,Oslo,Norway,NO,2024-03-27,3,false,6,128.95,42.53,2.5,1.3,66.6,35.06
oslo,Oslo,Norway,NO,2024-06-17,1,false,10,206.28,65.16,13.8,12.0,69.9,57.91
oslo,Oslo,Norway,NO,2024-07-29,1,false,10,119.02,37.68,16.6,0.0,51.1,63.06
oslo,Oslo,Norway,NO,2024-08-04,7,true,6,83.21,24.86,16.8,13.7,38.4,50.57
oslo,Oslo,Norway,NO,2024-09-26,4,false,12,241.16,76.12,8.8,0.0,46.0,46.28
oslo,Oslo,Norway,NO,2024-10-03,4,false,8,130.02,42.00,7.7,0.0,52.7,42.58
oslo,Oslo,Norway,NO,2024-10-10,4,false,10,129.95,42.77,8.9,8.8,58.3,33.80
oslo,Oslo,Norway,NO,2024-10-18,5,false,13,185.27,59.45,8.9,3.4,65.2,47.92
oslo,Oslo,Norway,NO,2024-10-20,7,true,7,122.12,38.00,10.8,16.4,51.2,39.01
oslo,Oslo,Norway,NO,2024-11-21,4,false,11,190.00,62.04,-3.6,0.0,50.2,23.36
oslo,Oslo,Norway,NO,2024-12-15,7,true,6,107.35,34.54,0.4,1.1,32.1,19.05
oslo,Oslo,Norway,NO,2024-12-16,1,false,11,225.46,69.88,4.2,0.0,56.4,33.05
oslo,Oslo,Norway,NO,2025-02-27,4,false,13,130.85,41.57,0.7,0.0,60.6,33.52
oslo,Oslo,Norway,NO,2025-04-07,1,false,10,138.91,44.90,6.8,0.0,43.4,42.69
oslo,Oslo,Norway,NO,2025-04-16,3,false,6,60.15,19.13,9.9,5.1,60.9,38.67
oslo,Oslo,Norway,NO,2025-05-19,1,false,12,117.12,39.08,18.5,0.0,61.7,41.96
oslo,Oslo,Norway,NO,2025-06-05,4,false,13,186.29,58.08,11.6,2.9,59.8,54.47
oslo,Oslo,Norway,NO,2025-06-28,6,true,7,96.92,31.34,17.4,2.0,26.9,52.30
oslo,Oslo,Norway,NO,2025-06-29,7,true,5,66.40,20.46,17.5,0.0,24.3,43.75
oslo,Oslo,Norway,NO,2025-06-30,1,false,9,108.98,34.60,17.8,0.0,48.8,56.43
oslo,Oslo,Norway,NO,2025-07-06,7,true,8,112.75,37.05,16.7,1.5,31.5,54.18
oslo,Oslo,Norway,NO,2025-07-23,3,false,6,89.88,28.06,22.6,0.8,45.2,46.54
oslo,Oslo,Norway,NO,2025-08-08,5,false,7,86.03,25.99,16.6,0.2,61.6,64.67
oslo,Oslo,Norway,NO,2025-08-16,6,true,6,71.22,23.11,15.9,0.0,28.5,39.55
oslo,Oslo,Norway,NO,2025-09-05,5,false,19,312.18,99.67,15.2,4.1,65.5,51.58
oslo,Oslo,Norway,NO,2025-09-18,4,false,12,172.21,55.77,13.0,0.9,73.3,51.41
oslo,Oslo,Norway,NO,2025-12-27,6,true,8,156.23,47.17,-2.0,0.0,24.0,23.75
copenhagen,Copenhagen,Denmark,DK,2024-01-14,7,true,8,100.15,48.92,1.2,0.7,22.0,37.55
copenhagen,Copenhagen,Denmark,DK,2024-01-27,6,true,5,74.65,36.07,5.0,0.0,19.8,28.23
copenhagen,Copenhagen,Denmark,DK,2024-02-10,6,true,9,135.87,64.11,2.0,0.9,43.7,41.26
copenhagen,Copenhagen,Denmark,DK,2024-02-15,4,false,5,44.53,22.05,5.5,1.8,64.4,41.94
copenhagen,Copenhagen,Denmark,DK,2024-03-06,3,false,9,175.32,82.29,3.4,0.3,40.3,45.73
copenhagen,Copenhagen,Denmark,DK,2024-03-12,2,false,9,137.11,66.88,3.2,0.0,54.7,54.23
copenhagen,Copenhagen,Denmark,DK,2024-03-22,5,false,3,47.97,22.10,6.9,2.3,52.5,51.20
copenhagen,Copenhagen,Denmark,DK,2024-05-09,4,false,5,37.17,17.45,12.0,1.1,70.7,89.70
copenhagen,Copenhagen,Denmark,DK,2024-05-20,1,false,11,182.60,87.57,15.8,0.7,66.5,77.45
copenhagen,Copenhagen,Denmark,DK,2024-06-21,5,false,9,121.81,57.11,15.7,2.1,59.5,92.08
copenhagen,Copenhagen,Denmark,DK,2024-07-20,6,true,12,141.91,69.91,18.1,0.0,24.4,78.31
copenhagen,Copenhagen,Denmark,DK,2024-07-22,1,false,13,174.95,82.07,18.3,6.7,75.1,77.54
copenhagen,Copenhagen,Denmark,DK,2024-08-01,4,false,7,80.91,42.29,16.6,0.0,43.7,92.14
copenhagen,Copenhagen,Denmark,DK,2024-08-29,4,false,14,242.84,116.18,21.4,0.8,51.3,83.74
copenhagen,Copenhagen,Denmark,DK,2024-09-05,4,false,8,123.51,59.86,21.5,0.0,61.0,94.39
copenhagen,Copenhagen,Denmark,DK,2024-09-11,3,false,11,168.76,79.90,12.9,11.8,65.4,93.12
copenhagen,Copenhagen,Denmark,DK,2024-10-25,5,false,6,86.89,39.25,10.8,0.0,76.3,75.73
copenhagen,Copenhagen,Denmark,DK,2024-10-31,4,false,9,192.29,98.20,11.5,0.1,58.7,63.53
copenhagen,Copenhagen,Denmark,DK,2024-11-08,5,false,10,98.52,47.82,9.0,0.1,56.1,66.79
copenhagen,Copenhagen,Denmark,DK,2024-12-04,3,false,11,152.58,73.75,3.2,0.9,61.8,48.98
copenhagen,Copenhagen,Denmark,DK,2024-12-18,3,false,8,126.94,60.12,7.9,2.5,38.7,40.28
copenhagen,Copenhagen,Denmark,DK,2024-12-19,4,false,8,134.07,63.04,7.4,11.4,60.9,39.74
copenhagen,Copenhagen,Denmark,DK,2025-01-02,4,false,16,282.39,133.06,1.2,0.4,48.5,46.74
copenhagen,Copenhagen,Denmark,DK,2025-01-13,1,false,11,117.00,57.54,0.3,0.0,43.9,39.66
copenhagen,Copenhagen,Denmark,DK,2025-02-15,6,true,7,130.88,64.32,-1.5,2.5,20.2,47.54
copenhagen,Copenhagen,Denmark,DK,2025-02-16,7,true,8,207.95,97.67,-4.5,0.0,35.9,40.90
copenhagen,Copenhagen,Denmark,DK,2025-02-22,6,true,7,115.49,55.30,4.3,0.0,26.1,36.96
copenhagen,Copenhagen,Denmark,DK,2025-03-30,7,true,10,139.84,66.95,6.5,5.4,41.4,43.22
copenhagen,Copenhagen,Denmark,DK,2025-04-04,5,false,8,109.98,51.81,8.8,0.0,63.8,53.54
copenhagen,Copenhagen,Denmark,DK,2025-04-23,3,false,8,89.92,44.14,9.4,1.0,55.1,66.44
copenhagen,Copenhagen,Denmark,DK,2025-05-12,1,false,7,69.31,33.60,9.1,0.0,68.7,80.07
copenhagen,Copenhagen,Denmark,DK,2025-05-30,5,false,9,122.11,59.09,15.8,4.3,77.0,74.03
copenhagen,Copenhagen,Denmark,DK,2025-06-04,3,false,4,38.85,19.25,16.5,0.7,46.6,99.68
copenhagen,Copenhagen,Denmark,DK,2025-06-09,1,false,10,94.90,44.22,12.9,1.3,62.8,73.74
copenhagen,Copenhagen,Denmark,DK,2025-07-01,2,false,9,186.48,88.12,17.9,0.0,47.0,92.47
copenhagen,Copenhagen,Denmark,DK,2025-07-10,4,false,5,116.14,55.97,17.7,0.0,49.6,76.25
copenhagen,Copenhagen,Denmark,DK,2025-07-11,5,false,7,109.56,52.37,18.0,1.8,58.6,95.92
copenhagen,Copenhagen,Denmark,DK,2025-07-30,3,false,8,130.65,63.75,17.1,4.0,69.8,76.14
copenhagen,Copenhagen,Denmark,DK,2025-08-02,6,true,14,220.36,105.10,17.5,1.9,38.0,67.59
copenhagen,Copenhagen,Denmark,DK,2025-08-03,7,true,9,125.71,61.64,17.3,6.5,46.9,83.31
copenhagen,Copenhagen,Denmark,DK,2025-08-15,5,false,6,106.44,51.40,22.1,0.4,48.1,94.29
copenhagen,Copenhagen,Denmark,DK,2025-08-22,5,false,8,118.98,57.44,14.8,0.1,56.7,78.94
copenhagen,Copenhagen,Denmark,DK,2025-08-27,3,false,8,131.75,63.82,17.9,2.1,56.7,74.33
copenhagen,Copenhagen,Denmark,DK,2025-10-27,1,false,10,143.81,68.55,8.3,14.1,69.5,71.71
copenhagen,Copenhagen,Denmark,DK,2025-11-02,7,true,3,71.81,34.46,10.2,0.7,31.2,60.59
copenhagen,Copenhagen,Denmark,DK,2025-11-28,5,false,7,84.59,41.47,7.7,0.8,51.3,55.22
copenhagen,Copenhagen,Denmark,DK,2025-12-26,5,false,12,197.81,96.33,3.4,0.0,58.4,43.66
berlin,Berlin,Germany,DE,2024-02-02,5,false,4,97.27,50.04,5.8,1.3,54.0,64.07
berlin,Berlin,Germany,DE,2024-02-09,5,false,10,235.81,118.12,4.3,13.8,74.5,47.66
berlin,Berlin,Germany,DE,2024-03-05,2,false,10,255.26,134.45,4.5,0.2,41.0,74.37
berlin,Berlin,Germany,DE,2024-03-16,6,true,8,104.61,53.15,8.9,1.4,32.6,59.47
berlin,Berlin,Germany,DE,2024-03-21,4,false,7,116.25,58.33,10.1,6.7,69.1,62.74
berlin,Berlin,Germany,DE,2024-04-16,2,false,15,306.42,161.87,6.5,1.9,66.1,96.47
berlin,Berlin,Germany,DE,2024-04-17,3,false,7,125.34,63.30,5.9,0.9,59.8,89.64
berlin,Berlin,Germany,DE,2024-05-25,6,true,6,105.78,55.85,18.7,4.3,28.2,104.77
berlin,Berlin,Germany,DE,2024-05-28,2,false,6,152.08,78.13,15.4,10.6,60.7,99.29
berlin,Berlin,Germany,DE,2024-07-03,3,false,4,104.51,52.55,15.0,0.3,48.2,121.56
berlin,Berlin,Germany,DE,2024-07-11,4,false,9,118.17,62.32,22.0,6.7,40.5,133.04
berlin,Berlin,Germany,DE,2024-07-13,6,true,9,112.78,58.21,18.3,3.0,34.9,94.56
berlin,Berlin,Germany,DE,2024-08-31,6,true,4,74.10,36.66,19.0,0.0,27.0,104.61
berlin,Berlin,Germany,DE,2024-09-01,7,true,4,89.55,45.46,19.1,0.8,31.7,78.41
berlin,Berlin,Germany,DE,2024-09-10,2,false,6,124.11,64.21,16.6,0.1,44.4,88.22
berlin,Berlin,Germany,DE,2024-09-15,7,true,9,139.42,71.42,13.8,0.1,30.2,105.57
berlin,Berlin,Germany,DE,2024-10-05,6,true,6,109.02,58.23,10.9,0.1,40.0,68.26
berlin,Berlin,Germany,DE,2024-10-12,6,true,5,113.73,57.53,8.7,0.0,19.5,50.90
berlin,Berlin,Germany,DE,2024-10-13,7,true,2,20.02,10.38,10.2,3.7,31.3,79.98
berlin,Berlin,Germany,DE,2024-10-17,4,false,8,134.97,70.90,11.9,0.0,64.9,92.36
berlin,Berlin,Germany,DE,2024-11-04,1,false,8,133.41,70.66,8.6,0.0,53.8,83.50
berlin,Berlin,Germany,DE,2024-11-28,4,false,13,199.81,101.42,6.2,8.2,78.5,52.44
berlin,Berlin,Germany,DE,2024-12-05,4,false,8,181.33,92.30,3.3,0.1,66.5,50.95
berlin,Berlin,Germany,DE,2024-12-23,1,false,11,221.13,112.26,3.2,2.0,61.8,65.58
berlin,Berlin,Germany,DE,2025-01-16,4,false,5,75.83,37.97,1.9,0.0,49.0,43.43
berlin,Berlin,Germany,DE,2025-01-18,6,true,4,64.86,33.30,-2.0,0.0,33.1,43.86
berlin,Berlin,Germany,DE,2025-01-29,3,false,10,150.58,79.21,5.5,2.3,49.4,56.52
berlin,Berlin,Germany,DE,2025-02-25,2,false,10,174.35,86.03,7.9,4.0,64.8,70.58
berlin,Berlin,Germany,DE,2025-03-15,6,true,5,95.59,47.65,3.8,0.6,47.5,43.94
berlin,Berlin,Germany,DE,2025-04-02,3,false,9,153.23,78.36,8.5,0.0,46.9,78.08
berlin,Berlin,Germany,DE,2025-04-22,2,false,8,153.45,83.40,13.4,4.4,55.7,72.69
berlin,Berlin,Germany,DE,2025-04-24,4,false,7,90.79,44.87,12.8,0.0,68.0,89.82
berlin,Berlin,Germany,DE,2025-05-21,3,false,6,88.71,45.26,16.8,0.0,43.7,91.55
berlin,Berlin,Germany,DE,2025-06-11,3,false,6,90.74,47.71,15.7,0.9,46.7,114.55
berlin,Berlin,Germany,DE,2025-06-19,4,false,7,140.88,73.79,18.8,0.0,53.3,86.30
berlin,Berlin,Germany,DE,2025-07-15,2,false,8,137.52,70.90,18.6,3.1,58.3,109.84
berlin,Berlin,Germany,DE,2025-07-29,2,false,6,69.30,35.58,17.0,1.1,58.9,119.66
berlin,Berlin,Germany,DE,2025-08-24,7,true,7,92.20,49.95,14.0,0.0,34.5,99.22
berlin,Berlin,Germany,DE,2025-09-21,7,true,5,70.31,36.54,19.4,0.3,34.3,66.33
berlin,Berlin,Germany,DE,2025-09-30,2,false,6,128.49,67.84,9.2,0.0,63.4,97.63
berlin,Berlin,Germany,DE,2025-10-10,5,false,4,66.58,34.43,13.4,1.4,67.3,82.75
berlin,Berlin,Germany,DE,2025-10-13,1,false,8,112.13,57.18,10.9,0.1,46.7,86.49
berlin,Berlin,Germany,DE,2025-10-26,7,true,6,89.49,47.80,7.7,5.9,25.2,60.11
berlin,Berlin,Germany,DE,2025-11-09,7,true,5,72.27,38.58,4.9,0.0,31.5,58.68
berlin,Berlin,Germany,DE,2025-11-26,3,false,8,217.52,107.85,1.3,0.0,58.2,77.00
amsterdam,Amsterdam,Netherlands,NL,2024-01-01,1,false,7,118.12,60.99,7.1,4.9,69.4,51.06
amsterdam,Amsterdam,Netherlands,NL,2024-02-01,4,false,6,96.99,50.90,6.5,1.0,52.8,47.08
amsterdam,Amsterdam,Netherlands,NL,2024-04-14,7,true,3,62.53,30.16,10.3,0.0,34.8,75.36
amsterdam,Amsterdam,Netherlands,NL,2024-04-20,6,true,5,122.22,61.59,6.8,2.0,17.0,78.17
amsterdam,Amsterdam,Netherlands,NL,2024-04-23,2,false,14,239.33,121.29,5.3,1.4,58.5,90.79
amsterdam,Amsterdam,Netherlands,NL,2024-05-23,4,false,6,86.58,42.92,14.9,1.4,63.4,115.61
amsterdam,Amsterdam,Netherlands,NL,2024-06-02,7,true,10,183.25,93.13,13.7,0.0,19.8,78.02
amsterdam,Amsterdam,Netherlands,NL,2024-06-09,7,true,7,155.28,75.61,12.5,0.7,27.1,112.32
amsterdam,Amsterdam,Netherlands,NL,2024-06-12,3,false,6,89.43,41.69,11.1,1.8,40.8,109.65
amsterdam,Amsterdam,Netherlands,NL,2024-06-24,1,false,11,206.74,105.20,18.8,0.0,48.5,135.04
amsterdam,Amsterdam,Netherlands,NL,2024-07-01,1,false,11,242.10,124.52,15.1,0.9,54.2,100.69
amsterdam,Amsterdam,Netherlands,NL,2024-07-05,5,false,11,145.88,70.29,15.8,3.5,62.9,138.74
amsterdam,Amsterdam,Netherlands,NL,2024-07-10,3,false,10,118.98,57.82,18.0,1.1,58.1,127.12
amsterdam,Amsterdam,Netherlands,NL,2024-07-17,3,false,7,99.51,50.71,17.0,0.0,46.8,116.21
amsterdam,Amsterdam,Netherlands,NL,2024-07-30,2,false,9,160.64,76.13,22.0,0.0,65.7,127.15
amsterdam,Amsterdam,Netherlands,NL,2024-08-02,5,false,5,88.16,40.84,19.3,0.6,62.6,113.03
amsterdam,Amsterdam,Netherlands,NL,2024-08-13,2,false,8,179.30,91.46,22.7,0.0,59.3,120.07
amsterdam,Amsterdam,Netherlands,NL,2024-09-04,3,false,9,138.38,69.42,17.7,2.1,66.0,104.67
amsterdam,Amsterdam,Netherlands,NL,2024-09-09,1,false,9,138.77,69.07,16.3,1.8,72.1,114.97
amsterdam,Amsterdam,Netherlands,NL,2024-09-13,5,false,5,131.25,66.16,11.6,0.0,50.3,121.34
amsterdam,Amsterdam,Netherlands,NL,2024-09-24,2,false,13,293.57,149.07,14.4,2.5,67.9,76.34
amsterdam,Amsterdam,Netherlands,NL,2024-11-05,2,false,10,199.53,97.87,6.4,0.0,69.7,70.60
amsterdam,Amsterdam,Netherlands,NL,2024-12-01,7,true,5,104.04,50.16,6.3,0.0,30.1,51.51
amsterdam,Amsterdam,Netherlands,NL,2024-12-08,7,true,6,114.63,55.83,6.3,2.7,42.9,63.04
amsterdam,Amsterdam,Netherlands,NL,2024-12-22,7,true,6,109.38,54.03,5.4,9.6,50.8,49.66
amsterdam,Amsterdam,Netherlands,NL,2025-01-14,2,false,6,163.10,80.60,4.3,0.2,68.4,60.14
amsterdam,Amsterdam,Netherlands,NL,2025-01-22,3,false,6,105.38,54.92,0.9,5.7,63.7,51.98
amsterdam,Amsterdam,Netherlands,NL,2025-02-01,6,true,8,107.63,54.19,1.0,0.0,26.5,87.02
amsterdam,Amsterdam,Netherlands,NL,2025-03-21,5,false,7,117.22,59.25,13.1,0.0,60.3,81.31
amsterdam,Amsterdam,Netherlands,NL,2025-03-22,6,true,10,161.52,80.48,13.9,0.3,37.4,62.02
amsterdam,Amsterdam,Netherlands,NL,2025-04-15,2,false,11,160.69,82.17,13.8,5.1,47.0,86.56
amsterdam,Amsterdam,Netherlands,NL,2025-05-03,6,true,6,57.32,28.72,12.0,0.0,36.5,65.84
amsterdam,Amsterdam,Netherlands,NL,2025-05-14,3,false,8,108.23,55.69,14.2,0.0,36.3,104.07
amsterdam,Amsterdam,Netherlands,NL,2025-05-26,1,false,8,150.70,74.73,14.4,0.8,64.8,103.56
amsterdam,Amsterdam,Netherlands,NL,2025-05-27,2,false,10,119.81,58.74,14.2,24.9,74.0,120.25
amsterdam,Amsterdam,Netherlands,NL,2025-06-02,1,false,10,150.56,75.48,14.2,0.3,66.0,121.45
amsterdam,Amsterdam,Netherlands,NL,2025-07-12,6,true,1,9.33,4.67,19.3,0.0,35.4,105.95
amsterdam,Amsterdam,Netherlands,NL,2025-07-14,1,false,8,138.95,71.41,19.4,0.9,43.3,123.26
amsterdam,Amsterdam,Netherlands,NL,2025-07-20,7,true,9,189.33,93.66,19.8,17.8,21.4,85.45
amsterdam,Amsterdam,Netherlands,NL,2025-08-17,7,true,5,105.89,51.52,16.6,0.7,29.2,79.49
amsterdam,Amsterdam,Netherlands,NL,2025-08-30,6,true,6,54.94,26.77,17.7,0.7,40.1,90.97
amsterdam,Amsterdam,Netherlands,NL,2025-09-01,1,false,8,129.42,65.36,18.2,0.4,46.3,100.95
amsterdam,Amsterdam,Netherlands,NL,2025-09-07,7,true,2,24.47,12.74,19.8,0.0,39.7,98.33
amsterdam,Amsterdam,Netherlands,NL,2025-09-11,4,false,15,265.74,132.22,15.2,3.5,66.6,87.43
amsterdam,Amsterdam,Netherlands,NL,2025-09-23,2,false,11,160.79,79.82,12.0,0.3,57.4,117.58
amsterdam,Amsterdam,Netherlands,NL,2025-10-21,2,false,9,129.13,66.02,13.2,6.9,72.3,74.63
amsterdam,Amsterdam,Netherlands,NL,2025-10-22,3,false,11,116.67,59.02,12.4,0.9,62.3,78.50
amsterdam,Amsterdam,Netherlands,NL,2025-10-28,2,false,5,106.91,55.74,11.8,2.6,55.4,75.11
amsterdam,Amsterdam,Netherlands,NL,2025-10-31,5,false,7,123.17,61.40,10.6,0.0,79.5,77.67
amsterdam,Amsterdam,Netherlands,NL,2025-11-07,5,false,6,84.32,40.89,10.7,0.0,51.4,69.18
amsterdam,Amsterdam,Netherlands,NL,2025-12-01,1,false,8,149.22,74.53,5.5,2.5,48.6,59.43
amsterdam,Amsterdam,Netherlands,NL,2025-12-04,4,false,9,145.35,71.81,5.8,0.3,57.5,66.98
amsterdam,Amsterdam,Netherlands,NL,2025-12-10,3,false,7,113.83,57.15,11.6,0.0,55.9,70.31
amsterdam,Amsterdam,Netherlands,NL,2025-12-31,3,false,7,141.77,68.94,3.9,0.0,50.4,53.41
paris,Paris,France,FR,2024-01-14,7,true,13,169.83,74.19,-1.4,0.0,19.7,37.30
paris,Paris,France,FR,2024-01-27,6,true,13,220.86,92.99,2.0,0.0,33.8,42.94
paris,Paris,France,FR,2024-02-10,6,true,4,72.80,30.29,7.8,8.0,48.0,48.50
paris,Paris,France,FR,2024-02-15,4,false,7,76.74,34.68,12.4,4.9,66.4,62.06
paris,Paris,France,FR,2024-03-06,3,false,17,241.99,107.08,5.9,1.7,66.0,51.45
paris,Paris,France,FR,2024-03-12,2,false,11,186.59,80.61,9.1,5.6,62.5,62.50
paris,Paris,France,FR,2024-03-22,5,false,11,238.99,105.40,11.0,1.3,55.9,62.95
paris,Paris,France,FR,2024-05-09,4,false,7,133.54,58.85,13.6,0.0,56.5,89.51
paris,Paris,France,FR,2024-05-20,1,false,6,134.80,58.17,15.6,7.2,56.0,91.49
paris,Paris,France,FR,2024-06-21,5,false,12,126.75,54.02,17.8,17.3,71.9,107.83
paris,Paris,France,FR,2024-07-20,6,true,13,320.45,138.58,24.0,11.5,23.8,90.80
paris,Paris,France,FR,2024-07-22,1,false,18,276.83,121.55,20.0,0.0,44.8,119.34
paris,Paris,France,FR,2024-08-01,4,false,12,119.43,53.58,22.9,30.9,61.5,118.01
paris,Paris,France,FR,2024-08-29,4,false,8,160.22,70.68,20.4,1.9,70.1,102.46
paris,Paris,France,FR,2024-09-05,4,false,8,114.16,49.30,15.8,24.1,72.2,90.37
paris,Paris,France,FR,2024-09-11,3,false,15,206.30,93.11,14.0,4.4,73.8,100.00
paris,Paris,France,FR,2024-10-25,5,false,12,209.41,94.39,14.6,3.3,60.2,51.51
paris,Paris,France,FR,2024-10-31,4,false,12,188.87,84.37,12.0,0.0,76.6,75.11
paris,Paris,France,FR,2024-11-08,5,false,12,198.06,87.29,9.6,0.0,47.8,61.87
paris,Paris,France,FR,2024-12-04,3,false,17,337.42,148.96,4.7,0.0,58.5,67.94
paris,Paris,France,FR,2024-12-18,3,false,14,197.14,87.09,10.8,1.5,65.1,49.65
paris,Paris,France,FR,2024-12-19,4,false,15,232.11,101.58,8.2,7.8,65.0,46.78
paris,Paris,France,FR,2025-01-02,4,false,7,127.76,54.04,3.7,22.5,73.3,48.62
paris,Paris,France,FR,2025-01-13,1,false,8,97.36,42.13,0.5,0.0,52.8,42.81
paris,Paris,France,FR,2025-02-15,6,true,7,195.02,85.32,0.7,0.0,23.8,45.72
paris,Paris,France,FR,2025-02-16,7,true,9,155.55,68.83,2.0,0.0,28.3,52.16
paris,Paris,France,FR,2025-02-22,6,true,7,184.27,78.31,10.3,3.9,42.5,41.80
paris,Paris,France,FR,2025-03-30,7,true,6,94.67,42.63,9.9,0.1,26.6,61.13
paris,Paris,France,FR,2025-04-04,5,false,16,214.74,93.60,15.8,0.1,47.5,70.64
paris,Paris,France,FR,2025-04-23,3,false,16,355.70,157.34,11.0,8.6,82.2,67.36
paris,Paris,France,FR,2025-05-12,1,false,20,353.93,158.14,15.7,1.1,54.4,99.34
paris,Paris,France,FR,2025-05-30,5,false,13,204.92,90.71,22.9,0.0,52.8,103.37
paris,Paris,France,FR,2025-06-04,3,false,8,151.48,67.02,16.4,2.5,63.0,87.06
paris,Paris,France,FR,2025-06-09,1,false,13,307.26,133.83,16.3,0.1,61.1,104.93
paris,Paris,France,FR,2025-07-01,2,false,11,220.70,94.87,32.1,0.0,40.4,103.23
paris,Paris,France,FR,2025-07-10,4,false,9,150.29,64.90,21.0,0.0,44.7,93.52
paris,Paris,France,FR,2025-07-11,5,false,12,218.23,97.83,23.8,0.0,48.7,94.74
paris,Paris,France,FR,2025-07-30,3,false,8,215.18,91.80,19.0,5.7,72.5,98.94
paris,Paris,France,FR,2025-08-02,6,true,7,177.75,79.42,16.9,0.0,35.8,112.49
paris,Paris,France,FR,2025-08-03,7,true,3,22.76,10.22,18.4,0.0,32.6,82.38
paris,Paris,France,FR,2025-08-15,5,false,11,164.38,71.92,24.2,0.0,62.7,84.00
paris,Paris,France,FR,2025-08-22,5,false,16,288.88,127.52,16.8,0.0,55.9,106.25
paris,Paris,France,FR,2025-08-27,3,false,13,233.49,103.96,22.3,0.2,55.9,77.82
paris,Paris,France,FR,2025-10-27,1,false,11,136.67,60.37,11.9,4.9,70.7,72.22
paris,Paris,France,FR,2025-11-02,7,true,9,160.07,67.97,10.9,1.5,34.0,63.29
paris,Paris,France,FR,2025-11-28,5,false,10,187.99,81.52,9.0,7.2,79.3,44.11
paris,Paris,France,FR,2025-12-26,5,false,17,409.41,179.41,-0.5,0.0,65.7,56.00
madrid,Madrid,Spain,ES,2024-01-02,2,false,7,95.43,40.07,5.9,0.1,57.6,37.07
madrid,Madrid,Spain,ES,2024-01-03,3,false,10,127.36,51.66,10.5,2.0,55.9,40.76
madrid,Madrid,Spain,ES,2024-01-05,5,false,8,129.83,47.00,6.4,1.0,66.4,39.31
madrid,Madrid,Spain,ES,2024-01-23,2,false,11,165.09,65.47,6.7,0.0,57.0,40.58
madrid,Madrid,Spain,ES,2024-01-25,4,false,7,123.72,49.31,9.5,0.0,48.2,47.04
madrid,Madrid,Spain,ES,2024-01-31,3,false,10,179.67,72.40,6.4,0.0,55.5,46.88
madrid,Madrid,Spain,ES,2024-02-07,3,false,6,143.92,58.55,8.0,1.1,69.2,44.54
madrid,Madrid,Spain,ES,2024-03-24,7,true,7,103.11,40.41,16.6,0.0,22.6,52.23
madrid,Madrid,Spain,ES,2024-05-02,4,false,4,60.40,23.77,10.0,0.1,53.5,67.75
madrid,Madrid,Spain,ES,2024-05-03,5,false,7,118.54,48.06,12.3,0.0,53.5,78.68
madrid,Madrid,Spain,ES,2024-05-31,5,false,9,120.80,49.31,22.2,0.0,57.8,80.20
madrid,Madrid,Spain,ES,2024-06-29,6,true,7,61.82,23.85,19.5,1.4,24.1,78.81
madrid,Madrid,Spain,ES,2024-07-25,4,false,3,52.90,21.06,32.5,0.0,59.2,99.62
madrid,Madrid,Spain,ES,2024-07-26,5,false,7,169.25,67.33,30.9,0.0,50.3,117.35
madrid,Madrid,Spain,ES,2024-08-08,4,false,5,81.75,32.46,31.0,0.0,58.4,95.88
madrid,Madrid,Spain,ES,2024-08-20,2,false,12,127.10,50.83,29.0,0.0,63.3,62.02
madrid,Madrid,Spain,ES,2024-08-22,4,false,12,132.69,51.85,29.3,0.0,54.4,87.27
madrid,Madrid,Spain,ES,2024-09-28,6,true,4,38.12,14.98,14.5,0.0,41.4,61.59
madrid,Madrid,Spain,ES,2024-10-27,7,true,6,107.36,42.44,8.6,3.1,27.8,45.47
madrid,Madrid,Spain,ES,2024-10-28,1,false,12,154.87,62.00,13.1,1.1,65.7,66.67
madrid,Madrid,Spain,ES,2024-10-30,3,false,6,61.80,24.42,14.4,5.9,70.9,60.08
madrid,Madrid,Spain,ES,2024-11-01,5,false,7,108.12,44.06,14.3,5.0,60.9,63.55
madrid,Madrid,Spain,ES,2024-11-03,7,true,7,94.77,39.43,13.1,0.2,35.6,42.69
madrid,Madrid,Spain,ES,2024-11-14,4,false,12,152.06,61.97,11.6,2.3,58.7,57.65
madrid,Madrid,Spain,ES,2024-11-15,5,false,9,108.18,44.88,12.6,0.6,52.6,61.41
madrid,Madrid,Spain,ES,2024-11-24,7,true,12,169.85,65.90,12.0,0.0,30.6,44.68
madrid,Madrid,Spain,ES,2024-12-06,5,false,7,115.29,46.75,9.6,0.0,55.8,46.55
madrid,Madrid,Spain,ES,2024-12-09,1,false,4,93.96,37.97,5.1,0.0,53.5,49.60
madrid,Madrid,Spain,ES,2024-12-25,3,false,8,100.90,41.80,9.0,0.0,55.4,42.08
madrid,Madrid,Spain,ES,2024-12-27,5,false,7,173.22,68.77,5.9,0.0,55.2,45.64
madrid,Madrid,Spain,ES,2025-01-06,1,false,5,75.71,30.09,8.7,1.3,50.7,42.02
madrid,Madrid,Spain,ES,2025-02-14,5,false,13,200.73,81.30,9.0,0.0,66.3,84.63
madrid,Madrid,Spain,ES,2025-02-17,1,false,7,102.16,40.19,9.0,0.0,59.7,48.85
madrid,Madrid,Spain,ES,2025-02-23,7,true,4,64.00,21.11,8.3,0.0,20.3,43.90
madrid,Madrid,Spain,ES,2025-03-02,7,true,11,238.13,94.43,3.1,18.8,33.5,44.81
madrid,Madrid,Spain,ES,2025-03-03,1,false,14,175.33,71.28,7.3,14.0,67.6,54.66
madrid,Madrid,Spain,ES,2025-04-19,6,true,3,41.87,16.48,9.8,2.9,34.1,58.97
madrid,Madrid,Spain,ES,2025-04-30,3,false,8,112.28,46.20,15.2,10.5,68.9,57.21
madrid,Madrid,Spain,ES,2025-06-13,5,false,9,99.72,40.60,24.7,0.0,55.8,59.45
madrid,Madrid,Spain,ES,2025-06-23,1,false,12,205.63,86.03,29.8,0.0,51.6,79.57
madrid,Madrid,Spain,ES,2025-07-27,7,true,9,112.20,45.01,28.1,0.0,25.4,53.54
madrid,Madrid,Spain,ES,2025-08-07,4,false,9,165.37,65.70,31.6,0.0,46.9,70.48
madrid,Madrid,Spain,ES,2025-08-10,7,true,6,65.15,25.50,31.9,0.0,32.7,73.81
madrid,Madrid,Spain,ES,2025-09-10,3,false,11,152.61,60.16,21.5,0.1,50.9,71.59
madrid,Madrid,Spain,ES,2025-09-17,3,false,12,191.09,73.76,26.9,0.0,52.6,71.92
madrid,Madrid,Spain,ES,2025-09-24,3,false,9,117.97,46.07,15.6,0.0,51.9,80.09
madrid,Madrid,Spain,ES,2025-10-04,6,true,7,115.38,45.22,22.5,0.0,26.2,68.98
madrid,Madrid,Spain,ES,2025-10-05,7,true,1,5.66,2.34,20.2,0.0,32.4,58.85
madrid,Madrid,Spain,ES,2025-10-19,7,true,4,70.97,28.40,17.8,0.0,41.8,57.38
madrid,Madrid,Spain,ES,2025-12-07,7,true,5,100.94,40.97,10.6,0.0,31.9,38.07
madrid,Madrid,Spain,ES,2025-12-12,5,false,9,148.77,58.34,7.9,0.0,49.7,50.73
madrid,Madrid,Spain,ES,2025-12-21,7,true,7,141.66,56.97,5.0,13.1,36.1,38.62
warsaw,Warsaw,Poland,PL,2024-01-09,2,false,7,111.13,40.23,-9.7,0.0,50.9,50.41
warsaw,Warsaw,Poland,PL,2024-01-16,2,false,15,359.43,127.02,-6.1,0.0,43.2,86.59
warsaw,Warsaw,Poland,PL,2024-01-22,1,false,9,131.31,46.09,1.0,0.7,51.7,66.99
warsaw,Warsaw,Poland,PL,2024-02-08,4,false,12,180.75,66.56,0.3,0.7,50.5,49.38
warsaw,Warsaw,Poland,PL,2024-02-16,5,false,14,250.85,90.94,7.0,0.0,55.7,67.09
warsaw,Warsaw,Poland,PL,2024-04-03,3,false,9,124.62,44.63,7.5,1.2,50.4,76.67
warsaw,Warsaw,Poland,PL,2024-04-15,1,false,12,219.56,79.45,8.3,0.8,66.9,73.70
warsaw,Warsaw,Poland,PL,2024-04-18,4,false,12,198.79,70.92,4.1,3.7,76.5,84.24
warsaw,Warsaw,Poland,PL,2024-05-29,3,false,13,187.43,69.28,20.1,0.5,69.1,107.92
warsaw,Warsaw,Poland,PL,2024-05-30,4,false,10,131.52,48.29,20.7,3.8,65.3,93.05
warsaw,Warsaw,Poland,PL,2024-06-06,4,false,9,140.11,49.09,18.4,2.8,77.4,103.04
warsaw,Warsaw,Poland,PL,2024-06-20,4,false,18,341.72,120.58,17.6,0.0,54.9,96.26
warsaw,Warsaw,Poland,PL,2024-06-22,6,true,8,128.73,47.63,22.4,0.2,36.9,79.66
warsaw,Warsaw,Poland,PL,2024-06-23,7,true,5,60.36,21.84,18.6,0.0,23.9,86.07
warsaw,Warsaw,Poland,PL,2024-06-25,2,false,17,269.92,97.17,20.8,0.0,63.7,120.82
warsaw,Warsaw,Poland,PL,2024-06-27,4,false,7,107.07,39.72,25.6,0.0,58.0,103.60
warsaw,Warsaw,Poland,PL,2024-08-12,1,false,12,100.47,33.27,18.4,0.0,75.4,107.59
warsaw,Warsaw,Poland,PL,2024-08-16,5,false,7,133.31,47.53,24.4,2.0,57.2,102.02
warsaw,Warsaw,Poland,PL,2024-08-28,3,false,11,172.70,60.88,21.9,0.0,88.2,107.23
warsaw,Warsaw,Poland,PL,2024-10-01,2,false,8,99.66,35.61,7.6,0.0,64.9,62.92
warsaw,Warsaw,Poland,PL,2024-10-04,5,false,5,53.70,19.95,10.3,0.6,54.2,72.64
warsaw,Warsaw,Poland,PL,2024-10-24,4,false,5,73.81,26.73,6.4,0.0,55.2,81.65
warsaw,Warsaw,Poland,PL,2024-11-12,2,false,13,216.37,78.38,2.3,0.5,53.0,57.68
warsaw,Warsaw,Poland,PL,2024-12-11,3,false,9,166.28,59.92,1.0,0.4,50.2,59.19
warsaw,Warsaw,Poland,PL,2024-12-12,4,false,14,227.31,80.35,1.2,0.2,49.2,60.35
warsaw,Warsaw,Poland,PL,2024-12-21,6,true,6,84.86,27.97,3.2,0.0,34.4,53.10
warsaw,Warsaw,Poland,PL,2025-01-04,6,true,5,165.18,60.82,-3.0,0.2,15.2,45.96
warsaw,Warsaw,Poland,PL,2025-02-26,3,false,18,372.09,136.06,4.6,0.0,63.4,59.78
warsaw,Warsaw,Poland,PL,2025-03-06,4,false,14,309.05,112.71,9.5,0.0,65.2,62.01
warsaw,Warsaw,Poland,PL,2025-03-08,6,true,7,106.04,38.82,8.0,0.0,17.1,45.96
warsaw,Warsaw,Poland,PL,2025-03-24,1,false,14,227.11,81.49,6.9,0.2,55.3,74.49
warsaw,Warsaw,Poland,PL,2025-03-25,2,false,10,179.53,62.43,6.9,0.0,52.6,72.67
warsaw,Warsaw,Poland,PL,2025-04-09,3,false,20,363.81,132.34,4.3,3.5,87.3,68.97
warsaw,Warsaw,Poland,PL,2025-04-25,5,false,12,242.44,86.67,12.1,5.8,75.5,81.11
warsaw,Warsaw,Poland,PL,2025-06-01,7,true,6,82.18,28.14,20.0,2.7,42.6,75.12
warsaw,Warsaw,Poland,PL,2025-06-08,7,true,11,194.10,69.42,17.7,3.2,51.2,85.61
warsaw,Warsaw,Poland,PL,2025-06-14,6,true,4,63.79,22.27,18.0,0.0,30.6,78.04
warsaw,Warsaw,Poland,PL,2025-07-04,5,false,6,53.90,18.63,18.9,0.0,48.6,113.38
warsaw,Warsaw,Poland,PL,2025-07-18,5,false,11,197.67,71.98,19.1,1.7,56.9,119.22
warsaw,Warsaw,Poland,PL,2025-07-31,4,false,13,144.64,50.81,16.8,3.1,62.4,122.45
warsaw,Warsaw,Poland,PL,2025-08-01,5,false,11,161.93,58.98,16.9,1.1,55.8,110.66
warsaw,Warsaw,Poland,PL,2025-09-02,2,false,8,148.81,50.31,22.3,0.0,56.2,110.95
warsaw,Warsaw,Poland,PL,2025-09-28,7,true,5,130.35,46.46,10.1,0.3,28.6,59.39
warsaw,Warsaw,Poland,PL,2025-10-03,5,false,14,216.34,77.94,5.5,0.0,53.8,97.00
warsaw,Warsaw,Poland,PL,2025-11-11,2,false,13,214.11,78.44,6.2,3.0,59.0,64.58
warsaw,Warsaw,Poland,PL,2025-11-14,5,false,7,87.44,31.97,8.8,0.1,59.2,56.89
warsaw,Warsaw,Poland,PL,2025-11-23,7,true,9,202.74,72.35,-2.1,3.7,40.4,45.51
warsaw,Warsaw,Poland,PL,2025-11-30,7,true,7,153.38,54.76,1.0,0.0,38.2,55.61
warsaw,Warsaw,Poland,PL,2025-12-11,4,false,10,133.02,48.19,9.0,2.5,59.7,60.04
warsaw,Warsaw,Poland,PL,2025-12-30,2,false,11,220.31,79.74,-2.2,7.2,61.6,46.99
stockholm,Stockholm,Sweden,SE,2024-01-02,2,false,9,232.47,88.31,-6.0,2.8,77.2,25.76
stockholm,Stockholm,Sweden,SE,2024-01-03,3,false,16,293.46,111.29,-7.3,1.2,57.0,26.95
stockholm,Stockholm,Sweden,SE,2024-01-05,5,false,9,149.53,55.24,-9.8,0.0,53.6,26.14
stockholm,Stockholm,Sweden,SE,2024-01-23,2,false,5,79.69,32.61,2.3,0.0,56.8,32.39
stockholm,Stockholm,Sweden,SE,2024-01-25,4,false,8,74.71,28.76,-0.7,0.0,45.7,24.49
stockholm,Stockholm,Sweden,SE,2024-01-31,3,false,8,157.40,59.80,2.2,1.2,55.7,32.03
stockholm,Stockholm,Sweden,SE,2024-02-07,3,false,13,260.14,98.63,-5.1,0.1,53.7,32.53
stockholm,Stockholm,Sweden,SE,2024-03-24,7,true,8,290.47,108.32,1.1,0.0,45.8,31.04
stockholm,Stockholm,Sweden,SE,2024-05-02,4,false,10,142.85,53.78,9.2,0.0,67.4,39.45
stockholm,Stockholm,Sweden,SE,2024-05-03,5,false,9,187.63,71.05,10.1,0.0,53.5,46.83
stockholm,Stockholm,Sweden,SE,2024-05-31,5,false,6,106.37,39.28,19.1,0.1,45.9,61.38
stockholm,Stockholm,Sweden,SE,2024-06-29,6,true,11,201.50,78.35,18.1,0.0,22.2,62.71
stockholm,Stockholm,Sweden,SE,2024-07-25,4,false,8,125.37,48.72,18.8,0.5,62.6,63.68
stockholm,Stockholm,Sweden,SE,2024-07-26,5,false,7,106.31,41.93,19.1,1.6,70.8,61.71
stockholm,Stockholm,Sweden,SE,2024-08-08,4,false,11,213.26,83.57,19.3,1.2,55.7,65.19
stockholm,Stockholm,Sweden,SE,2024-08-20,2,false,6,54.50,21.32,17.0,0.0,55.6,58.22
stockholm,Stockholm,Sweden,SE,2024-08-22,4,false,9,163.52,59.97,16.4,0.2,60.9,44.76
stockholm,Stockholm,Sweden,SE,2024-09-28,6,true,3,75.85,28.11,8.2,1.0,37.8,41.82
stockholm,Stockholm,Sweden,SE,2024-10-27,7,true,4,54.38,21.98,9.7,7.0,47.0,29.55
stockholm,Stockholm,Sweden,SE,2024-10-28,1,false,7,122.20,47.31,7.7,0.0,67.6,44.98
stockholm,Stockholm,Sweden,SE,2024-10-30,3,false,6,112.79,41.31,8.6,0.0,66.3,39.44
stockholm,Stockholm,Sweden,SE,2024-11-01,5,false,11,169.68,62.44,8.4,3.8,56.3,35.78
stockholm,Stockholm,Sweden,SE,2024-11-03,7,true,6,109.87,41.88,6.9,0.0,27.7,31.65
stockholm,Stockholm,Sweden,SE,2024-11-14,4,false,9,187.44,71.02,4.4,0.0,55.0,38.74
stockholm,Stockholm,Sweden,SE,2024-11-15,5,false,6,111.89,43.18,5.9,0.0,46.3,35.28
stockholm,Stockholm,Sweden,SE,2024-11-24,7,true,6,127.49,47.04,0.5,4.3,36.7,27.81
stockholm,Stockholm,Sweden,SE,2024-12-06,5,false,8,151.70,56.83,1.5,0.0,66.9,31.61
stockholm,Stockholm,Sweden,SE,2024-12-09,1,false,15,272.01,102.31,-0.5,0.0,54.4,37.78
stockholm,Stockholm,Sweden,SE,2024-12-25,3,false,9,182.68,71.95,5.9,0.0,68.7,34.54
stockholm,Stockholm,Sweden,SE,2024-12-27,5,false,15,206.76,77.43,5.2,0.7,66.6,26.28
stockholm,Stockholm,Sweden,SE,2025-01-06,1,false,9,169.03,66.05,-2.8,5.6,70.5,30.07
stockholm,Stockholm,Sweden,SE,2025-02-14,5,false,8,146.95,58.50,-4.8,0.0,50.5,57.72
stockholm,Stockholm,Sweden,SE,2025-02-17,1,false,7,144.05,53.33,-5.3,0.2,55.7,33.73
stockholm,Stockholm,Sweden,SE,2025-02-23,7,true,6,114.79,45.25,3.2,0.7,27.5,26.96
stockholm,Stockholm,Sweden,SE,2025-03-02,7,true,6,103.73,39.80,3.0,0.0,38.8,31.94
stockholm,Stockholm,Sweden,SE,2025-03-03,1,false,11,207.46,76.54,5.0,0.0,40.5,36.54
stockholm,Stockholm,Sweden,SE,2025-04-19,6,true,5,65.85,24.61,8.6,4.0,32.4,38.89
stockholm,Stockholm,Sweden,SE,2025-04-30,3,false,7,110.48,42.11,9.1,0.4,58.1,47.73
stockholm,Stockholm,Sweden,SE,2025-06-13,5,false,7,124.10,47.46,14.7,0.0,51.9,60.61
stockholm,Stockholm,Sweden,SE,2025-06-23,1,false,9,127.67,47.98,14.6,11.8,85.3,74.69
stockholm,Stockholm,Sweden,SE,2025-07-27,7,true,1,16.21,5.82,21.9,0.0,26.6,51.92
stockholm,Stockholm,Sweden,SE,2025-08-07,4,false,5,75.58,28.60,17.2,0.4,51.8,49.86
stockholm,Stockholm,Sweden,SE,2025-08-10,7,true,5,39.88,16.07,17.4,0.1,25.5,61.45
stockholm,Stockholm,Sweden,SE,2025-09-10,3,false,10,116.25,44.08,17.1,5.2,78.6,51.29
stockholm,Stockholm,Sweden,SE,2025-09-17,3,false,10,184.63,72.03,13.9,4.8,81.4,57.45
stockholm,Stockholm,Sweden,SE,2025-09-24,3,false,7,174.68,66.49,9.5,0.0,52.7,41.84
stockholm,Stockholm,Sweden,SE,2025-10-04,6,true,3,29.48,10.95,9.9,14.8,28.1,40.77
stockholm,Stockholm,Sweden,SE,2025-10-05,7,true,8,118.92,43.07,10.7,3.4,41.5,45.42
stockholm,Stockholm,Sweden,SE,2025-10-19,7,true,8,152.41,56.83,4.1,0.0,38.2,32.88
stockholm,Stockholm,Sweden,SE,2025-12-07,7,true,8,100.07,37.17,4.8,1.0,30.2,25.22
stockholm,Stockholm,Sweden,SE,2025-12-12,5,false,9,155.08,57.93,2.9,0.0,57.9,35.71
stockholm,Stockholm,Sweden,SE,2025-12-21,7,true,4,48.14,16.86,2.3,0.0,37.9,25.12
oslo,Oslo,Norway,NO,2024-01-02,2,false,17,333.35,104.91,-7.8,0.4,67.8,26.64
oslo,Oslo,Norway,NO,2024-01-03,3,false,10,187.63,58.96,-9.6,0.0,57.4,25.82
oslo,Oslo,Norway,NO,2024-01-05,5,false,15,240.84,77.50,-23.6,0.0,45.1,21.67
oslo,Oslo,Norway,NO,2024-01-23,2,false,10,129.54,41.84,2.3,1.0,61.0,29.47
oslo,Oslo,Norway,NO,2024-01-25,4,false,7,144.79,47.25,-4.5,0.0,60.9,24.23
oslo,Oslo,Norway,NO,2024-01-31,3,false,9,171.03,53.84,-2.5,1.3,58.8,19.48
oslo,Oslo,Norway,NO,2024-02-07,3,false,13,348.25,109.79,-9.7,0.6,45.0,18.59
oslo,Oslo,Norway,NO,2024-03-24,7,true,8,180.39,49.35,2.7,3.7,40.4,26.00
oslo,Oslo,Norway,NO,2024-05-02,4,false,9,153.71,49.57,12.8,0.0,54.3,36.96
oslo,Oslo,Norway,NO,2024-05-03,5,false,11,183.56,57.01,13.0,0.0,49.5,47.02
oslo,Oslo,Norway,NO,2024-05-31,5,false,10,158.14,50.06,18.5,1.1,46.1,55.91
oslo,Oslo,Norway,NO,2024-06-29,6,true,8,162.33,49.81,15.2,0.1,37.7,43.31
oslo,Oslo,Norway,NO,2024-07-25,4,false,6,66.02,21.22,16.9,0.0,69.3,53.64
oslo,Oslo,Norway,NO,2024-07-26,5,false,4,55.86,18.81,15.6,19.2,67.6,55.17
oslo,Oslo,Norway,NO,2024-08-08,4,false,7,86.90,28.73,16.5,0.8,59.2,50.54
oslo,Oslo,Norway,NO,2024-08-20,2,false,11,212.98,68.95,15.9,4.6,77.7,44.80
oslo,Oslo,Norway,NO,2024-08-22,4,false,6,81.21,26.59,13.6,10.9,67.2,62.54
oslo,Oslo,Norway,NO,2024-09-28,6,true,7,100.16,32.70,7.0,1.0,34.8,38.88
oslo,Oslo,Norway,NO,2024-10-27,7,true,7,94.56,29.25,8.5,10.7,34.5,30.60
oslo,Oslo,Norway,NO,2024-10-28,1,false,6,133.62,43.12,6.8,0.0,59.4,27.86
oslo,Oslo,Norway,NO,2024-10-30,3,false,8,98.50,32.04,7.0,0.0,50.7,36.06
oslo,Oslo,Norway,NO,2024-11-01,5,false,12,177.84,56.92,7.9,0.1,70.2,33.53
oslo,Oslo,Norway,NO,2024-11-03,7,true,3,77.16,24.09,8.3,0.0,34.8,26.93
oslo,Oslo,Norway,NO,2024-11-14,4,false,10,185.16,60.31,2.1,0.0,51.4,31.64
oslo,Oslo,Norway,NO,2024-11-15,5,false,8,177.85,57.04,4.3,0.0,65.0,31.10
oslo,Oslo,Norway,NO,2024-11-24,7,true,14,215.40,69.28,-0.1,13.2,31.0,25.86
oslo,Oslo,Norway,NO,2024-12-06,5,false,11,206.94,67.71,0.7,5.7,67.8,24.45
oslo,Oslo,Norway,NO,2024-12-09,1,false,11,207.49,65.85,-3.7,0.0,57.6,30.27
oslo,Oslo,Norway,NO,2024-12-25,3,false,9,182.12,58.19,1.9,0.0,66.7,23.57
oslo,Oslo,Norway,NO,2024-12-27,5,false,8,119.76,38.09,0.3,0.6,67.2,26.53
oslo,Oslo,Norway,NO,2025-01-06,1,false,12,242.90,79.13,-5.1,22.8,67.5,30.65
oslo,Oslo,Norway,NO,2025-02-14,5,false,8,218.54,70.42,-9.3,0.0,48.0,50.12
oslo,Oslo,Norway,NO,2025-02-17,1,false,9,82.62,26.99,-8.6,0.0,46.5,23.65
oslo,Oslo,Norway,NO,2025-02-23,7,true,4,82.16,25.80,2.0,0.0,30.9,22.97
oslo,Oslo,Norway,NO,2025-03-02,7,true,6,94.58,31.02,4.8,0.0,29.5,27.29
oslo,Oslo,Norway,NO,2025-03-03,1,false,8,147.97,47.23,4.8,0.0,45.1,30.29
oslo,Oslo,Norway,NO,2025-04-19,6,true,12,216.39,67.52,8.5,5.5,38.7,31.45
oslo,Oslo,Norway,NO,2025-04-30,3,false,8,162.30,51.16,11.2,0.0,64.1,48.66
oslo,Oslo,Norway,NO,2025-06-13,5,false,9,135.24,42.08,15.7,0.0,44.9,55.71
oslo,Oslo,Norway,NO,2025-06-23,1,false,7,79.69,25.50,15.1,10.2,64.3,49.83
oslo,Oslo,Norway,NO,2025-07-27,7,true,5,65.51,20.94,19.3,6.5,62.7,43.39
oslo,Oslo,Norway,NO,2025-08-07,4,false,4,94.17,30.41,15.5,0.4,54.3,58.45
oslo,Oslo,Norway,NO,2025-08-10,7,true,6,90.28,27.80,16.4,0.0,32.5,41.96
oslo,Oslo,Norway,NO,2025-09-10,3,false,11,226.31,69.06,17.1,0.6,64.2,48.52
oslo,Oslo,Norway,NO,2025-09-17,3,false,5,92.52,28.81,13.4,0.0,45.5,60.81
oslo,Oslo,Norway,NO,2025-09-24,3,false,12,172.53,56.86,8.9,0.0,44.6,42.74
oslo,Oslo,Norway,NO,2025-10-04,6,true,9,121.75,38.08,7.7,45.7,43.8,36.87
oslo,Oslo,Norway,NO,2025-10-05,7,true,4,126.36,38.65,9.7,2.4,32.5,33.52
oslo,Oslo,Norway,NO,2025-10-19,7,true,10,231.65,72.62,0.9,0.0,36.2,36.24
oslo,Oslo,Norway,NO,2025-12-07,7,true,4,77.05,25.21,3.1,1.5,49.7,25.46
oslo,Oslo,Norway,NO,2025-12-12,5,false,13,223.12,71.18,2.9,0.2,55.8,31.31
oslo,Oslo,Norway,NO,2025-12-21,7,true,5,85.72,28.38,-1.6,0.0,15.3,21.68
copenhagen,Copenhagen,Denmark,DK,2024-01-08,1,false,8,104.03,50.10,-4.3,0.0,53.2,41.57
copenhagen,Copenhagen,Denmark,DK,2024-01-21,7,true,5,65.59,31.38,2.1,2.0,27.5,94.04
copenhagen,Copenhagen,Denmark,DK,2024-01-28,7,true,13,164.97,79.16,3.2,0.0,31.6,29.78
copenhagen,Copenhagen,Denmark,DK,2024-02-11,7,true,7,154.76,74.37,2.3,1.7,25.0,40.89
copenhagen,Copenhagen,Denmark,DK,2024-03-15,5,false,8,119.11,56.26,8.4,0.9,59.4,56.46
copenhagen,Copenhagen,Denmark,DK,2024-03-28,4,false,7,154.21,76.68,7.2,1.9,58.7,65.56
copenhagen,Copenhagen,Denmark,DK,2024-04-02,2,false,10,164.77,81.23,4.2,8.0,67.0,57.64
copenhagen,Copenhagen,Denmark,DK,2024-04-07,7,true,7,90.55,43.88,11.4,5.2,25.4,55.27
copenhagen,Copenhagen,Denmark,DK,2024-04-12,5,false,4,50.87,24.15,11.0,4.6,63.0,50.08
copenhagen,Copenhagen,Denmark,DK,2024-04-25,4,false,11,178.15,84.40,5.2,1.2,61.3,69.18
copenhagen,Copenhagen,Denmark,DK,2024-05-01,3,false,4,71.52,33.57,13.4,0.0,33.0,76.78
copenhagen,Copenhagen,Denmark,DK,2024-05-06,1,false,13,165.06,78.40,11.0,1.9,60.4,69.10
copenhagen,Copenhagen,Denmark,DK,2024-05-08,3,false,4,75.74,36.53,10.0,0.0,56.2,74.27
copenhagen,Copenhagen,Denmark,DK,2024-05-11,6,true,5,115.26,55.70,10.7,0.1,30.3,65.02
copenhagen,Copenhagen,Denmark,DK,2024-06-14,5,false,11,111.97,54.64,14.1,0.9,65.7,103.99
copenhagen,Copenhagen,Denmark,DK,2024-06-26,3,false,10,90.58,43.18,18.7,0.0,53.4,88.71
copenhagen,Copenhagen,Denmark,DK,2024-07-08,1,false,9,106.26,50.25,16.5,0.8,69.4,91.45
copenhagen,Copenhagen,Denmark,DK,2024-07-24,3,false,11,149.01,72.84,17.9,1.4,75.2,85.65
copenhagen,Copenhagen,Denmark,DK,2024-08-07,3,false,5,89.11,40.67,20.2,5.1,55.2,97.29
copenhagen,Copenhagen,Denmark,DK,2024-09-02,1,false,16,215.29,105.03,16.7,0.0,61.1,82.57
copenhagen,Copenhagen,Denmark,DK,2024-09-16,1,false,9,159.05,75.67,14.1,0.6,59.2,81.46
copenhagen,Copenhagen,Denmark,DK,2024-10-15,2,false,6,134.11,62.96,8.9,0.0,55.1,65.85
copenhagen,Copenhagen,Denmark,DK,2024-10-22,2,false,9,139.84,64.12,12.1,6.8,65.8,63.66
copenhagen,Copenhagen,Denmark,DK,2024-10-26,6,true,7,77.25,36.59,10.4,0.0,19.0,64.68
copenhagen,Copenhagen,Denmark,DK,2024-11-19,2,false,9,136.29,65.79,3.3,4.1,75.5,47.71
copenhagen,Copenhagen,Denmark,DK,2025-01-01,3,false,12,158.45,73.66,6.7,17.8,65.5,49.33
copenhagen,Copenhagen,Denmark,DK,2025-02-07,5,false,10,167.11,80.77,1.9,1.4,54.6,82.08
copenhagen,Copenhagen,Denmark,DK,2025-02-13,4,false,10,154.28,72.72,-0.1,0.7,67.6,82.83
copenhagen,Copenhagen,Denmark,DK,2025-03-17,1,false,13,184.58,87.36,1.8,0.0,60.2,52.74
copenhagen,Copenhagen,Denmark,DK,2025-03-28,5,false,10,180.73,86.51,7.3,0.0,54.7,63.22
copenhagen,Copenhagen,Denmark,DK,2025-03-31,1,false,9,193.05,93.81,6.5,0.0,60.1,63.41
copenhagen,Copenhagen,Denmark,DK,2025-04-01,2,false,5,77.44,37.55,7.6,0.0,58.1,61.94
copenhagen,Copenhagen,Denmark,DK,2025-04-03,4,false,10,153.37,75.42,9.2,0.0,49.1,64.34
copenhagen,Copenhagen,Denmark,DK,2025-04-06,7,true,3,33.32,16.00,5.2,0.0,22.1,56.02
copenhagen,Copenhagen,Denmark,DK,2025-04-11,5,false,11,152.65,75.98,10.5,0.2,51.0,66.52
copenhagen,Copenhagen,Denmark,DK,2025-05-07,3,false,8,86.12,40.21,10.6,0.0,69.1,80.38
copenhagen,Copenhagen,Denmark,DK,2025-06-07,6,true,9,126.81,60.45,13.3,2.3,24.9,75.75
copenhagen,Copenhagen,Denmark,DK,2025-07-03,4,false,6,93.02,43.07,18.1,0.1,67.0,107.24
copenhagen,Copenhagen,Denmark,DK,2025-08-06,3,false,11,133.31,65.91,15.7,1.2,55.8,73.62
copenhagen,Copenhagen,Denmark,DK,2025-08-20,3,false,5,90.14,44.80,16.6,0.0,67.5,97.29
copenhagen,Copenhagen,Denmark,DK,2025-08-21,4,false,5,69.31,33.36,15.4,0.1,51.9,88.88
copenhagen,Copenhagen,Denmark,DK,2025-09-03,3,false,11,154.54,74.08,18.7,0.0,59.2,76.73
copenhagen,Copenhagen,Denmark,DK,2025-10-06,1,false,14,167.63,82.31,13.1,0.3,43.4,74.79
copenhagen,Copenhagen,Denmark,DK,2025-10-07,2,false,6,80.89,37.75,13.2,3.2,75.8,63.34
copenhagen,Copenhagen,Denmark,DK,2025-10-15,3,false,6,82.47,39.27,11.1,0.1,57.6,62.64
copenhagen,Copenhagen,Denmark,DK,2025-11-15,6,true,8,114.18,55.83,3.0,0.0,30.5,46.59
copenhagen,Copenhagen,Denmark,DK,2025-11-18,2,false,7,142.76,69.06,3.8,0.0,54.2,54.73
copenhagen,Copenhagen,Denmark,DK,2025-12-05,5,false,7,88.61,44.25,5.6,3.8,56.3,49.80
copenhagen,Copenhagen,Denmark,DK,2025-12-13,6,true,8,177.26,88.27,6.5,0.5,31.9,49.84
copenhagen,Copenhagen,Denmark,DK,2025-12-18,4,false,10,151.81,73.55,7.2,0.1,60.8,41.86
berlin,Berlin,Germany,DE,2024-01-04,4,false,8,110.98,57.57,3.4,2.6,75.9,59.29
berlin,Berlin,Germany,DE,2024-01-20,6,true,4,70.80,35.17,0.4,0.0,35.9,94.15
berlin,Berlin,Germany,DE,2024-01-24,3,false,14,251.22,130.23,8.1,5.5,58.1,61.14
berlin,Berlin,Germany,DE,2024-02-06,2,false,9,116.93,59.25,9.2,1.8,61.1,57.99
berlin,Berlin,Germany,DE,2024-02-13,2,false,8,134.01,70.03,4.5,0.1,55.4,71.03
berlin,Berlin,Germany,DE,2024-03-03,7,true,7,76.28,38.96,9.6,0.0,27.4,62.16
berlin,Berlin,Germany,DE,2024-03-14,4,false,5,71.86,36.22,10.7,0.3,67.7,62.27
berlin,Berlin,Germany,DE,2024-03-25,1,false,6,91.09,46.51,5.4,2.1,58.2,84.20
berlin,Berlin,Germany,DE,2024-04-05,5,false,5,86.47,44.99,13.9,2.4,57.3,104.61
berlin,Berlin,Germany,DE,2024-04-21,7,true,13,215.12,110.88,3.4,1.6,35.3,83.11
berlin,Berlin,Germany,DE,2024-04-26,5,false,6,123.34,64.02,8.1,0.1,48.3,105.24
berlin,Berlin,Germany,DE,2024-05-05,7,true,5,73.75,39.91,15.0,8.6,39.5,85.15
berlin,Berlin,Germany,DE,2024-05-24,5,false,12,193.61,96.66,18.4,11.4,63.0,106.57
berlin,Berlin,Germany,DE,2024-06-19,3,false,10,219.80,115.51,16.3,1.9,58.8,110.52
berlin,Berlin,Germany,DE,2024-07-04,4,false,4,100.73,52.49,15.6,2.6,79.7,116.73
berlin,Berlin,Germany,DE,2024-07-19,5,false,5,142.06,73.02,23.1,0.0,61.1,124.53
berlin,Berlin,Germany,DE,2024-08-03,6,true,10,121.67,64.40,19.8,0.0,37.3,75.78
berlin,Berlin,Germany,DE,2024-08-27,2,false,1,15.50,7.84,20.3,0.0,59.8,99.22
berlin,Berlin,Germany,DE,2024-09-22,7,true,2,13.44,7.11,16.6,0.0,22.7,78.13
berlin,Berlin,Germany,DE,2024-10-07,1,false,2,33.82,18.48,11.2,0.1,51.5,88.18
berlin,Berlin,Germany,DE,2024-10-16,3,false,6,81.69,42.02,9.1,0.0,49.1,71.11
berlin,Berlin,Germany,DE,2024-11-07,4,false,7,101.20,53.44,5.3,0.0,61.3,66.60
berlin,Berlin,Germany,DE,2024-12-13,5,false,10,179.96,94.25,0.9,0.0,53.4,60.13
berlin,Berlin,Germany,DE,2024-12-17,2,false,8,112.98,57.24,8.6,0.3,60.8,59.81
berlin,Berlin,Germany,DE,2024-12-24,2,false,10,172.38,88.33,3.2,0.0,33.3,50.21
berlin,Berlin,Germany,DE,2025-01-10,5,false,9,171.23,86.99,0.5,4.6,73.8,58.30
berlin,Berlin,Germany,DE,2025-01-24,5,false,6,136.63,73.92,4.7,1.9,74.3,64.62
berlin,Berlin,Germany,DE,2025-02-18,2,false,16,314.48,165.66,-7.4,0.0,59.2,67.61
berlin,Berlin,Germany,DE,2025-03-27,4,false,7,165.81,86.39,6.2,0.0,57.1,66.79
berlin,Berlin,Germany,DE,2025-04-05,6,true,9,137.55,75.24,6.0,0.0,44.6,68.42
berlin,Berlin,Germany,DE,2025-04-12,6,true,2,23.04,12.03,12.6,0.0,20.3,66.24
berlin,Berlin,Germany,DE,2025-04-29,2,false,5,66.99,34.51,16.0,0.0,40.0,85.02
berlin,Berlin,Germany,DE,2025-05-09,5,false,8,146.14,76.41,13.7,0.0,46.2,95.12
berlin,Berlin,Germany,DE,2025-05-20,2,false,8,114.13,58.58,16.6,0.0,62.1,80.58
berlin,Berlin,Germany,DE,2025-05-25,7,true,5,94.88,50.04,14.1,3.1,43.4,84.58
berlin,Berlin,Germany,DE,2025-06-18,3,false,6,74.49,40.14,22.2,0.0,44.7,129.41
berlin,Berlin,Germany,DE,2025-06-22,7,true,7,116.28,60.99,27.4,0.0,17.8,96.67
berlin,Berlin,Germany,DE,2025-06-26,4,false,13,263.96,135.43,21.5,3.3,61.7,110.60
berlin,Berlin,Germany,DE,2025-06-27,5,false,6,111.05,57.28,18.7,1.5,62.0,118.69
berlin,Berlin,Germany,DE,2025-07-13,7,true,10,214.48,115.31,18.0,11.0,40.7,111.53
berlin,Berlin,Germany,DE,2025-07-22,2,false,4,89.81,46.44,18.1,9.2,80.2,121.19
berlin,Berlin,Germany,DE,2025-08-04,1,false,11,134.69,72.06,17.8,9.8,72.6,94.72
berlin,Berlin,Germany,DE,2025-08-11,1,false,5,96.99,49.30,19.3,0.0,60.2,114.96
berlin,Berlin,Germany,DE,2025-08-13,3,false,4,88.28,47.14,23.9,0.0,53.4,98.13
berlin,Berlin,Germany,DE,2025-09-13,6,true,2,4.84,2.62,14.8,3.3,42.1,89.33
berlin,Berlin,Germany,DE,2025-09-19,5,false,6,122.17,61.93,19.1,0.0,47.5,115.31
berlin,Berlin,Germany,DE,2025-10-02,4,false,7,99.94,52.41,8.5,0.0,62.3,68.78
berlin,Berlin,Germany,DE,2025-10-24,5,false,10,234.47,118.78,10.4,0.1,50.6,75.67
berlin,Berlin,Germany,DE,2025-12-03,3,false,8,104.50,55.53,2.1,0.0,54.7,52.52
berlin,Berlin,Germany,DE,2025-12-06,6,true,6,94.81,49.32,2.4,0.0,31.0,51.03
berlin,Berlin,Germany,DE,2025-12-14,7,true,2,34.79,16.69,4.4,0.0,22.2,53.77
berlin,Berlin,Germany,DE,2025-12-22,1,false,10,155.20,80.23,2.9,0.0,51.7,62.66
amsterdam,Amsterdam,Netherlands,NL,2024-01-09,2,false,13,280.22,139.58,-3.1,0.0,68.3,56.25
amsterdam,Amsterdam,Netherlands,NL,2024-01-16,2,false,7,134.10,66.30,1.0,3.0,62.1,131.36
amsterdam,Amsterdam,Netherlands,NL,2024-01-22,1,false,10,174.42,87.97,8.9,6.8,78.3,116.81
amsterdam,Amsterdam,Netherlands,NL,2024-02-08,4,false,7,79.35,39.10,2.0,11.8,53.8,61.63
amsterdam,Amsterdam,Netherlands,NL,2024-02-16,5,false,7,95.04,49.24,10.3,0.5,53.9,59.19
amsterdam,Amsterdam,Netherlands,NL,2024-04-03,3,false,7,122.01,61.71,10.6,7.6,94.6,89.60
amsterdam,Amsterdam,Netherlands,NL,2024-04-15,1,false,10,156.22,78.00,8.0,17.3,69.1,84.06
amsterdam,Amsterdam,Netherlands,NL,2024-04-18,4,false,11,161.10,81.61,7.1,2.2,79.9,90.66
amsterdam,Amsterdam,Netherlands,NL,2024-05-29,3,false,5,110.29,52.84,14.6,29.0,69.1,96.69
amsterdam,Amsterdam,Netherlands,NL,2024-05-30,4,false,7,138.04,67.11,13.7,1.8,58.9,106.42
amsterdam,Amsterdam,Netherlands,NL,2024-06-06,4,false,10,191.24,99.09,12.5,0.2,53.6,139.64
amsterdam,Amsterdam,Netherlands,NL,2024-06-20,4,false,9,163.41,81.46,14.8,0.0,57.9,116.11
amsterdam,Amsterdam,Netherlands,NL,2024-06-22,6,true,6,131.82,67.06,15.9,0.0,31.5,109.40
amsterdam,Amsterdam,Netherlands,NL,2024-06-23,7,true,6,71.36,37.02,17.3,0.1,26.0,110.60
amsterdam,Amsterdam,Netherlands,NL,2024-06-25,2,false,8,91.27,46.15,21.2,0.0,56.2,129.15
amsterdam,Amsterdam,Netherlands,NL,2024-06-27,4,false,4,77.70,38.58,21.1,0.0,62.0,127.54
amsterdam,Amsterdam,Netherlands,NL,2024-08-12,1,false,13,217.65,108.38,23.1,0.0,62.0,133.55
amsterdam,Amsterdam,Netherlands,NL,2024-08-16,5,false,12,163.95,81.84,19.7,11.9,75.9,127.29
amsterdam,Amsterdam,Netherlands,NL,2024-08-28,3,false,4,51.73,26.15,20.3,0.0,75.5,100.52
amsterdam,Amsterdam,Netherlands,NL,2024-10-01,2,false,5,92.90,46.71,13.2,23.2,61.8,96.21
amsterdam,Amsterdam,Netherlands,NL,2024-10-04,5,false,6,129.59,64.45,8.8,0.0,47.2,116.63
amsterdam,Amsterdam,Netherlands,NL,2024-10-24,4,false,8,102.42,51.66,10.2,0.0,65.0,91.27
amsterdam,Amsterdam,Netherlands,NL,2024-11-12,2,false,8,55.98,28.02,8.3,0.0,56.3,73.14
amsterdam,Amsterdam,Netherlands,NL,2024-12-11,3,false,8,105.08,53.27,3.6,0.0,49.0,67.78
amsterdam,Amsterdam,Netherlands,NL,2024-12-12,4,false,5,70.86,35.62,4.4,0.3,46.1,66.75
amsterdam,Amsterdam,Netherlands,NL,2024-12-21,6,true,5,55.47,28.41,8.2,4.9,29.2,52.79
amsterdam,Amsterdam,Netherlands,NL,2025-01-04,6,true,9,218.07,111.42,1.4,0.8,39.1,52.69
amsterdam,Amsterdam,Netherlands,NL,2025-02-26,3,false,9,178.20,88.16,7.0,4.5,64.4,59.17
amsterdam,Amsterdam,Netherlands,NL,2025-03-06,4,false,10,178.04,87.87,8.1,0.0,63.6,62.42
amsterdam,Amsterdam,Netherlands,NL,2025-03-08,6,true,10,154.39,71.06,10.6,0.0,30.7,47.29
amsterdam,Amsterdam,Netherlands,NL,2025-03-24,1,false,4,82.51,40.70,9.0,0.0,62.6,74.16
amsterdam,Amsterdam,Netherlands,NL,2025-03-25,2,false,10,126.48,63.72,8.1,0.0,60.8,64.80
amsterdam,Amsterdam,Netherlands,NL,2025-04-09,3,false,3,54.42,26.68,7.3,0.0,50.6,88.38
amsterdam,Amsterdam,Netherlands,NL,2025-04-25,5,false,8,179.02,88.54,10.3,0.0,48.7,112.38
amsterdam,Amsterdam,Netherlands,NL,2025-06-01,7,true,5,57.62,28.45,16.2,0.0,53.4,90.46
amsterdam,Amsterdam,Netherlands,NL,2025-06-08,7,true,3,64.26,32.93,12.5,17.2,36.5,93.37
amsterdam,Amsterdam,Netherlands,NL,2025-06-14,6,true,6,75.40,38.62,21.6,2.5,36.6,93.26
amsterdam,Amsterdam,Netherlands,NL,2025-07-04,5,false,7,137.55,69.41,18.6,0.0,57.8,112.29
amsterdam,Amsterdam,Netherlands,NL,2025-07-18,5,false,7,95.50,49.15,19.9,0.4,66.9,111.80
amsterdam,Amsterdam,Netherlands,NL,2025-07-31,4,false,9,124.11,60.85,17.6,8.2,69.1,118.66
amsterdam,Amsterdam,Netherlands,NL,2025-08-01,5,false,8,109.59,53.16,16.2,7.4,67.7,103.87
amsterdam,Amsterdam,Netherlands,NL,2025-09-02,2,false,9,125.80,62.80,17.3,0.7,54.6,112.02
amsterdam,Amsterdam,Netherlands,NL,2025-09-28,7,true,3,35.12,18.83,12.7,0.0,15.7,95.03
amsterdam,Amsterdam,Netherlands,NL,2025-10-03,5,false,8,113.46,55.43,11.2,9.9,68.9,94.34
amsterdam,Amsterdam,Netherlands,NL,2025-11-11,2,false,3,77.93,39.15,10.3,0.2,50.3,85.37
amsterdam,Amsterdam,Netherlands,NL,2025-11-14,5,false,5,86.63,43.65,10.1,10.2,73.2,64.15
amsterdam,Amsterdam,Netherlands,NL,2025-11-23,7,true,10,179.92,89.87,1.9,6.5,29.6,60.65
amsterdam,Amsterdam,Netherlands,NL,2025-11-30,7,true,8,117.99,60.07,7.1,0.5,28.2,59.66
amsterdam,Amsterdam,Netherlands,NL,2025-12-11,4,false,10,183.65,91.56,8.1,0.0,39.2,60.28
amsterdam,Amsterdam,Netherlands,NL,2025-12-30,2,false,7,178.96,88.79,3.4,0.0,42.5,58.27
paris,Paris,France,FR,2024-01-08,1,false,9,161.37,71.54,-1.9,0.8,62.1,51.64
paris,Paris,France,FR,2024-01-21,7,true,8,109.06,47.13,4.5,0.1,40.3,90.27
paris,Paris,France,FR,2024-01-28,7,true,6,123.04,54.52,3.6,0.0,33.7,47.93
paris,Paris,France,FR,2024-02-11,7,true,8,115.92,51.32,8.1,1.1,31.9,39.75
paris,Paris,France,FR,2024-03-15,5,false,15,280.38,119.03,12.9,9.8,66.5,47.52
paris,Paris,France,FR,2024-03-28,4,false,7,105.32,46.22,9.1,2.7,61.2,63.48
paris,Paris,France,FR,2024-04-02,2,false,12,246.51,111.12,10.8,1.7,51.4,63.61
paris,Paris,France,FR,2024-04-07,7,true,3,85.12,36.39,15.0,14.3,45.4,58.83
paris,Paris,France,FR,2024-04-12,5,false,10,182.32,79.91,15.7,0.0,66.0,77.51
paris,Paris,France,FR,2024-04-25,4,false,10,177.91,80.28,7.6,0.1,43.5,78.75
paris,Paris,France,FR,2024-05-01,3,false,6,83.57,36.75,15.4,3.6,51.4,85.87
paris,Paris,France,FR,2024-05-06,1,false,9,169.10,75.59,13.4,2.8,68.7,96.12
paris,Paris,France,FR,2024-05-08,3,false,11,177.42,78.14,11.9,0.0,49.3,83.19
paris,Paris,France,FR,2024-05-11,6,true,9,149.19,65.78,17.8,0.0,20.9,75.95
paris,Paris,France,FR,2024-06-14,5,false,13,235.42,103.37,16.8,8.1,59.3,87.74
paris,Paris,France,FR,2024-06-26,3,false,13,162.39,69.37,23.7,0.0,47.8,112.69
paris,Paris,France,FR,2024-07-08,1,false,7,134.86,61.16,17.8,0.0,68.8,78.94
paris,Paris,France,FR,2024-07-24,3,false,10,195.99,83.28,20.1,0.0,56.7,107.05
paris,Paris,France,FR,2024-08-07,3,false,12,258.71,115.02,20.0,1.1,59.3,106.01
paris,Paris,France,FR,2024-09-02,1,false,12,259.00,114.47,20.6,0.1,61.6,100.19
paris,Paris,France,FR,2024-09-16,1,false,13,209.70,90.09,14.5,0.2,54.0,93.36
paris,Paris,France,FR,2024-10-15,2,false,11,253.48,113.30,15.4,0.2,38.7,63.66
paris,Paris,France,FR,2024-10-22,2,false,17,206.14,87.75,12.3,0.0,63.6,62.57
paris,Paris,France,FR,2024-10-26,6,true,7,102.12,42.46,14.3,4.9,44.7,50.08
paris,Paris,France,FR,2024-11-19,2,false,13,210.88,91.79,10.0,16.9,58.9,56.07
paris,Paris,France,FR,2025-01-01,3,false,14,214.61,95.53,6.6,0.2,63.6,47.76
paris,Paris,France,FR,2025-02-07,5,false,10,245.31,106.35,4.3,1.1,62.5,90.42
paris,Paris,France,FR,2025-02-13,4,false,8,94.79,42.14,4.3,0.1,52.2,95.87
paris,Paris,France,FR,2025-03-17,1,false,9,171.58,75.22,5.9,0.0,49.0,64.74
paris,Paris,France,FR,2025-03-28,5,false,11,183.59,81.76,7.9,2.1,49.8,68.61
paris,Paris,France,FR,2025-03-31,1,false,19,264.71,115.40,9.1,0.0,67.7,57.74
paris,Paris,France,FR,2025-04-01,2,false,9,218.78,96.43,9.2,0.0,43.8,71.09
paris,Paris,France,FR,2025-04-03,4,false,11,184.99,83.43,13.9,0.0,49.4,73.07
paris,Paris,France,FR,2025-04-06,7,true,8,132.90,58.30,12.6,0.0,44.4,53.82
paris,Paris,France,FR,2025-04-11,5,false,10,162.65,70.17,13.9,0.0,50.7,68.32
paris,Paris,France,FR,2025-05-07,3,false,7,101.03,44.64,11.6,0.0,44.1,75.61
paris,Paris,France,FR,2025-06-07,6,true,10,168.65,73.73,16.1,5.1,33.5,71.19
paris,Paris,France,FR,2025-07-03,4,false,15,275.84,120.13,21.2,0.0,48.5,100.02
paris,Paris,France,FR,2025-08-06,3,false,7,105.11,46.35,17.9,0.0,57.4,99.04
paris,Paris,France,FR,2025-08-20,3,false,11,211.37,93.42,19.2,4.2,58.8,105.82
paris,Paris,France,FR,2025-08-21,4,false,7,77.19,33.19,18.6,1.2,72.1,76.13
paris,Paris,France,FR,2025-09-03,3,false,12,310.16,138.05,19.6,0.4,73.0,88.70
paris,Paris,France,FR,2025-10-06,1,false,12,185.79,82.58,12.7,0.0,51.7,80.28
paris,Paris,France,FR,2025-10-07,2,false,13,267.65,114.99,13.3,0.0,68.8,63.26
paris,Paris,France,FR,2025-10-15,3,false,8,140.85,61.89,13.1,0.2,57.5,71.36
paris,Paris,France,FR,2025-11-15,6,true,6,78.90,34.36,12.0,24.7,32.0,45.81
paris,Paris,France,FR,2025-11-18,2,false,10,322.46,136.29,3.9,0.0,43.1,57.28
paris,Paris,France,FR,2025-12-05,5,false,13,259.42,117.46,3.9,2.0,64.5,60.17
paris,Paris,France,FR,2025-12-13,6,true,9,151.56,65.70,8.6,0.0,35.1,39.44
paris,Paris,France,FR,2025-12-18,4,false,7,106.87,46.10,11.2,0.2,54.8,48.17
madrid,Madrid,Spain,ES,2024-01-06,6,true,4,27.62,10.82,5.2,0.0,37.7,37.15
madrid,Madrid,Spain,ES,2024-01-13,6,true,7,142.50,56.71,4.0,0.0,34.1,37.62
madrid,Madrid,Spain,ES,2024-01-19,5,false,15,220.22,86.48,6.9,29.4,60.7,91.93
madrid,Madrid,Spain,ES,2024-02-18,7,true,6,118.40,47.13,8.7,0.0,23.9,37.88
madrid,Madrid,Spain,ES,2024-02-21,3,false,7,104.15,41.84,9.6,0.0,63.8,49.24
madrid,Madrid,Spain,ES,2024-02-22,4,false,10,204.39,81.15,10.3,2.6,56.7,44.41
madrid,Madrid,Spain,ES,2024-02-24,6,true,6,63.63,25.45,6.0,2.3,23.5,37.63
madrid,Madrid,Spain,ES,2024-02-28,3,false,6,99.49,40.15,7.0,0.0,55.8,52.06
madrid,Madrid,Spain,ES,2024-03-04,1,false,16,272.48,109.82,8.3,0.7,72.8,52.47
madrid,Madrid,Spain,ES,2024-03-19,2,false,7,115.10,46.02,16.0,0.0,59.2,54.34
madrid,Madrid,Spain,ES,2024-03-27,3,false,13,226.19,87.90,8.7,4.2,75.6,51.62
madrid,Madrid,Spain,ES,2024-06-17,1,false,12,157.44,63.00,23.5,0.0,51.8,101.28
madrid,Madrid,Spain,ES,2024-07-29,1,false,8,102.14,39.95,29.9,0.0,65.7,82.00
madrid,Madrid,Spain,ES,2024-08-04,7,true,4,80.53,33.99,30.6,0.0,10.8,75.93
madrid,Madrid,Spain,ES,2024-09-26,4,false,11,109.12,43.83,19.1,0.4,42.4,70.03
madrid,Madrid,Spain,ES,2024-10-03,4,false,8,109.86,44.33,19.4,0.0,55.1,62.88
madrid,Madrid,Spain,ES,2024-10-10,4,false,9,151.47,59.95,14.3,0.0,62.1,75.51
madrid,Madrid,Spain,ES,2024-10-18,5,false,4,37.47,14.96,12.3,0.0,38.9,70.28
madrid,Madrid,Spain,ES,2024-10-20,7,true,5,78.25,31.09,14.8,0.0,33.2,61.66
madrid,Madrid,Spain,ES,2024-11-21,4,false,9,89.27,36.29,10.2,0.0,57.8,44.80
madrid,Madrid,Spain,ES,2024-12-15,7,true,5,55.33,21.24,3.3,0.0,22.2,29.90
madrid,Madrid,Spain,ES,2024-12-16,1,false,13,161.35,63.42,3.7,0.0,49.7,44.09
madrid,Madrid,Spain,ES,2025-02-27,4,false,9,211.03,85.91,7.7,3.2,66.3,45.56
madrid,Madrid,Spain,ES,2025-04-07,1,false,6,91.79,36.13,13.9,0.0,58.7,70.88
madrid,Madrid,Spain,ES,2025-04-16,3,false,8,121.19,47.20,7.7,2.5,58.2,68.03
madrid,Madrid,Spain,ES,2025-05-19,1,false,14,166.96,65.36,17.0,0.3,53.4,83.16
madrid,Madrid,Spain,ES,2025-06-05,4,false,8,112.73,45.67,22.8,0.0,58.3,78.34
madrid,Madrid,Spain,ES,2025-06-28,6,true,9,161.50,64.67,31.6,0.0,22.9,56.28
madrid,Madrid,Spain,ES,2025-06-29,7,true,9,150.35,59.28,32.7,0.0,39.6,79.95
madrid,Madrid,Spain,ES,2025-06-30,1,false,2,22.30,9.64,31.7,0.2,43.3,69.53
madrid,Madrid,Spain,ES,2025-07-06,7,true,9,122.05,48.09,28.6,0.0,39.0,68.52
madrid,Madrid,Spain,ES,2025-07-23,3,false,5,78.86,31.54,27.1,0.0,50.5,101.88
madrid,Madrid,Spain,ES,2025-08-08,5,false,5,65.80,27.05,31.8,0.0,45.8,96.70
madrid,Madrid,Spain,ES,2025-08-16,6,true,6,90.73,35.97,33.0,0.0,35.3,70.89
madrid,Madrid,Spain,ES,2025-09-05,5,false,5,117.38,48.07,24.2,0.0,55.8,61.39
madrid,Madrid,Spain,ES,2025-09-18,4,false,13,180.92,70.35,27.6,0.0,51.3,78.49
madrid,Madrid,Spain,ES,2025-12-27,6,true,5,91.35,37.17,5.5,0.6,34.1,43.50
warsaw,Warsaw,Poland,PL,2024-01-01,1,false,13,238.35,84.54,3.3,9.6,67.1,52.72
warsaw,Warsaw,Poland,PL,2024-02-01,4,false,7,92.55,34.55,3.3,1.1,51.2,55.24
warsaw,Warsaw,Poland,PL,2024-04-14,7,true,11,230.11,81.78,14.2,7.2,29.8,57.56
warsaw,Warsaw,Poland,PL,2024-04-20,6,true,8,172.82,60.24,6.4,7.9,30.5,63.74
warsaw,Warsaw,Poland,PL,2024-04-23,2,false,18,422.69,155.58,4.7,0.2,55.7,78.87
warsaw,Warsaw,Poland,PL,2024-05-23,4,false,13,261.82,96.10,18.1,5.1,70.1,82.15
warsaw,Warsaw,Poland,PL,2024-06-02,7,true,5,91.02,32.82,18.1,1.8,32.2,70.13
warsaw,Warsaw,Poland,PL,2024-06-09,7,true,9,94.99,34.24,19.0,1.1,37.7,92.03
warsaw,Warsaw,Poland,PL,2024-06-12,3,false,7,64.70,23.15,14.3,0.0,50.8,107.35
warsaw,Warsaw,Poland,PL,2024-06-24,1,false,9,133.34,41.46,18.8,0.1,64.0,126.88
warsaw,Warsaw,Poland,PL,2024-07-01,1,false,9,144.93,52.04,21.3,0.4,51.6,103.47
warsaw,Warsaw,Poland,PL,2024-07-05,5,false,7,104.62,36.67,18.6,0.3,70.9,105.85
warsaw,Warsaw,Poland,PL,2024-07-10,3,false,8,73.56,26.39,27.6,0.2,70.1,113.08
warsaw,Warsaw,Poland,PL,2024-07-17,3,false,14,220.91,79.37,24.0,0.7,62.8,101.09
warsaw,Warsaw,Poland,PL,2024-07-30,2,false,17,259.97,93.72,19.8,0.0,65.2,106.92
warsaw,Warsaw,Poland,PL,2024-08-02,5,false,12,211.21,76.41,20.3,0.0,45.6,86.12
warsaw,Warsaw,Poland,PL,2024-08-13,2,false,10,133.24,47.22,18.1,0.0,52.7,115.31
warsaw,Warsaw,Poland,PL,2024-09-04,3,false,10,154.76,51.19,22.6,1.5,49.4,89.81
warsaw,Warsaw,Poland,PL,2024-09-09,1,false,13,251.80,90.55,21.1,1.0,57.6,89.31
warsaw,Warsaw,Poland,PL,2024-09-13,5,false,12,170.21,63.63,16.5,1.1,46.8,90.92
warsaw,Warsaw,Poland,PL,2024-09-24,2,false,13,283.87,105.12,18.0,0.6,65.4,79.51
warsaw,Warsaw,Poland,PL,2024-11-05,2,false,10,201.26,73.62,2.8,0.0,56.4,62.70
warsaw,Warsaw,Poland,PL,2024-12-01,7,true,12,193.40,70.02,1.4,0.0,15.1,44.65
warsaw,Warsaw,Poland,PL,2024-12-08,7,true,5,101.81,36.95,1.9,4.8,42.7,47.76
warsaw,Warsaw,Poland,PL,2024-12-22,7,true,7,156.59,57.06,3.9,2.9,22.0,47.51
warsaw,Warsaw,Poland,PL,2025-01-14,2,false,7,100.72,35.83,-0.9,5.2,57.9,42.77
warsaw,Warsaw,Poland,PL,2025-01-22,3,false,19,342.47,123.17,0.1,0.0,61.0,53.92
warsaw,Warsaw,Poland,PL,2025-02-01,6,true,7,72.77,25.28,2.2,0.3,18.4,68.88
warsaw,Warsaw,Poland,PL,2025-03-21,5,false,12,213.97,75.70,7.6,0.0,44.4,60.40
warsaw,Warsaw,Poland,PL,2025-03-22,6,true,8,122.99,43.79,7.7,1.0,38.0,51.20
warsaw,Warsaw,Poland,PL,2025-04-15,2,false,13,240.62,86.14,14.5,1.2,61.7,85.27
warsaw,Warsaw,Poland,PL,2025-05-03,6,true,6,81.63,29.68,17.4,7.3,39.3,59.86
warsaw,Warsaw,Poland,PL,2025-05-14,3,false,15,185.59,67.47,12.6,6.4,70.9,82.34
warsaw,Warsaw,Poland,PL,2025-05-26,1,false,11,268.99,97.08,14.8,4.7,54.4,99.60
warsaw,Warsaw,Poland,PL,2025-05-27,2,false,13,226.33,82.37,16.5,0.0,58.1,84.17
warsaw,Warsaw,Poland,PL,2025-06-02,1,false,8,95.90,34.38,20.9,0.2,53.2,108.51
warsaw,Warsaw,Poland,PL,2025-07-12,6,true,9,124.57,45.81,16.0,3.4,21.0,95.08
warsaw,Warsaw,Poland,PL,2025-07-14,1,false,9,161.70,57.07,20.0,0.6,54.6,110.17
warsaw,Warsaw,Poland,PL,2025-07-20,7,true,12,138.66,50.03,20.5,7.6,38.6,98.01
warsaw,Warsaw,Poland,PL,2025-08-17,7,true,10,155.13,55.84,18.8,0.0,29.5,89.22
warsaw,Warsaw,Poland,PL,2025-08-30,6,true,2,30.99,10.40,22.2,0.6,32.5,79.91
warsaw,Warsaw,Poland,PL,2025-09-01,1,false,14,226.86,78.84,19.7,0.0,77.9,108.62
warsaw,Warsaw,Poland,PL,2025-09-07,7,true,6,115.00,41.62,17.5,1.4,26.0,91.81
warsaw,Warsaw,Poland,PL,2025-09-11,4,false,14,202.71,73.84,18.2,11.0,68.9,90.44
warsaw,Warsaw,Poland,PL,2025-09-23,2,false,15,208.26,75.50,12.6,1.5,66.5,96.26
warsaw,Warsaw,Poland,PL,2025-10-21,2,false,2,24.92,8.71,6.1,0.0,49.9,96.38
warsaw,Warsaw,Poland,PL,2025-10-22,3,false,15,199.31,71.78,9.7,6.9,77.9,61.56
warsaw,Warsaw,Poland,PL,2025-10-28,2,false,13,265.93,94.42,7.5,4.9,67.5,67.26
warsaw,Warsaw,Poland,PL,2025-10-31,5,false,8,161.50,58.49,8.2,0.0,54.6,75.13
warsaw,Warsaw,Poland,PL,2025-11-07,5,false,10,130.75,48.21,6.5,0.0,61.9,54.83
warsaw,Warsaw,Poland,PL,2025-12-01,1,false,13,276.35,98.99,1.3,0.2,56.8,56.47
warsaw,Warsaw,Poland,PL,2025-12-04,4,false,9,186.52,68.11,3.7,12.5,89.6,54.93
warsaw,Warsaw,Poland,PL,2025-12-10,3,false,11,182.16,66.86,9.7,2.2,57.4,49.23
warsaw,Warsaw,Poland,PL,2025-12-31,3,false,16,264.19,95.84,-4.0,2.6,75.1,48.58
berlin,Berlin,Germany,DE,2025-08-23,6,true,0,0.00,0.00,14.0,1.1,23.3,96.64
