country_code,date,price_eur_per_mwh
DE,2024-01-01,45.33
DE,2024-01-02,50.66
DE,2024-01-03,58.83
DE,2024-01-04,59.29
DE,2024-01-05,57.54
DE,2024-01-06,39.25
DE,2024-01-07,34.12
DE,2024-01-08,55.83
DE,2024-01-09,52.27
DE,2024-01-10,58.41
DE,2024-01-11,59.98
DE,2024-01-12,56.21
DE,2024-01-13,51.26
DE,2024-01-14,48.26
DE,2024-01-15,123.41
DE,2024-01-16,106.22
DE,2024-01-17,113.56
DE,2024-01-18,118.85
DE,2024-01-19,127.61
DE,2024-01-20,94.15
DE,2024-01-21,105.09
DE,2024-01-22,112.76
DE,2024-01-23,54.75
DE,2024-01-24,61.14
DE,2024-01-25,42.37
DE,2024-01-26,47.1
DE,2024-01-27,39.05
DE,2024-01-28,34.26
DE,2024-01-29,51.54
DE,2024-01-30,61.29
DE,2024-01-31,54.44
DE,2024-02-01,57.85
DE,2024-02-02,64.07
DE,2024-02-03,56.0
DE,2024-02-04,48.04
DE,2024-02-05,66.46
DE,2024-02-06,57.99
DE,2024-02-07,51.77
DE,2024-02-08,53.63
DE,2024-02-09,47.66
DE,2024-02-10,44.18
DE,2024-02-11,47.51
DE,2024-02-12,64.29
DE,2024-02-13,71.03
DE,2024-02-14,49.32
DE,2024-02-15,62.18
DE,2024-02-16,52.2
DE,2024-02-17,53.83
DE,2024-02-18,50.36
DE,2024-02-19,47.19
DE,2024-02-20,67.54
DE,2024-02-21,56.64
DE,2024-02-22,57.45
DE,2024-02-23,53.78
DE,2024-02-24,48.58
DE,2024-02-25,55.72
DE,2024-02-26,61.26
DE,2024-02-27,65.51
DE,2024-02-28,66.13
DE,2024-02-29,73.83
DE,2024-03-01,61.45
DE,2024-03-02,45.08
DE,2024-03-03,62.16
DE,2024-03-04,62.61
DE,2024-03-05,74.37
DE,2024-03-06,69.02
DE,2024-03-07,65.34
DE,2024-03-08,69.58
DE,2024-03-09,70.48
DE,2024-03-10,71.78
DE,2024-03-11,68.59
DE,2024-03-12,69.76
DE,2024-03-13,77.76
DE,2024-03-14,62.27
DE,2024-03-15,72.53
DE,2024-03-16,59.47
DE,2024-03-17,62.29
DE,2024-03-18,63.97
DE,2024-03-19,57.89
DE,2024-03-20,54.08
DE,2024-03-21,62.74
DE,2024-03-22,68.9
DE,2024-03-23,60.18
DE,2024-03-24,77.37
DE,2024-03-25,84.2
DE,2024-03-26,66.18
DE,2024-03-27,78.44
DE,2024-03-28,72.08
DE,2024-03-29,73.67
DE,2024-03-30,66.7
DE,2024-03-31,70.54
DE,2024-04-01,74.58
DE,2024-04-02,88.24
DE,2024-04-03,67.96
DE,2024-04-04,79.31
DE,2024-04-05,104.61
DE,2024-04-06,70.04
DE,2024-04-07,80.45
DE,2024-04-08,82.16
DE,2024-04-09,87.48
DE,2024-04-10,81.72
DE,2024-04-11,81.1
DE,2024-04-12,75.51
DE,2024-04-13,74.92
DE,2024-04-14,64.35
DE,2024-04-15,91.62
DE,2024-04-16,96.47
DE,2024-04-17,89.64
DE,2024-04-18,83.41
DE,2024-04-19,91.62
DE,2024-04-20,71.54
DE,2024-04-21,83.11
DE,2024-04-22,68.98
DE,2024-04-23,85.34
DE,2024-04-24,68.07
DE,2024-04-25,73.8
DE,2024-04-26,105.24
DE,2024-04-27,85.6
DE,2024-04-28,71.01
DE,2024-04-29,75.36
DE,2024-04-30,59.55
DE,2024-05-01,86.87
DE,2024-05-02,120.56
DE,2024-05-03,98.81
DE,2024-05-04,74.85
DE,2024-05-05,85.15
DE,2024-05-06,77.5
DE,2024-05-07,92.42
DE,2024-05-08,97.47
DE,2024-05-09,95.79
DE,2024-05-10,106.49
DE,2024-05-11,86.5
DE,2024-05-12,90.15
DE,2024-05-13,90.49
DE,2024-05-14,109.77
DE,2024-05-15,119.0
DE,2024-05-16,88.35
DE,2024-05-17,89.73
DE,2024-05-18,99.47
DE,2024-05-19,84.12
DE,2024-05-20,118.85
DE,2024-05-21,96.71
DE,2024-05-22,120.46
DE,2024-05-23,104.59
DE,2024-05-24,106.57
DE,2024-05-25,104.77
DE,2024-05-26,84.7
DE,2024-05-27,92.74
DE,2024-05-28,99.29
DE,2024-05-29,111.03
DE,2024-05-30,85.83
DE,2024-05-31,114.16
DE,2024-06-01,84.6
DE,2024-06-02,103.24
DE,2024-06-03,76.33
DE,2024-06-04,97.3
DE,2024-06-05,85.96
DE,2024-06-06,97.38
DE,2024-06-07,111.64
DE,2024-06-08,90.44
DE,2024-06-09,89.86
DE,2024-06-10,107.25
DE,2024-06-11,112.3
DE,2024-06-12,96.61
DE,2024-06-13,119.53
DE,2024-06-14,119.24
DE,2024-06-15,98.46
DE,2024-06-16,100.62
DE,2024-06-17,115.17
DE,2024-06-18,138.67
DE,2024-06-19,110.52
DE,2024-06-20,107.78
DE,2024-06-21,101.98
DE,2024-06-22,83.65
DE,2024-06-23,81.36
DE,2024-06-24,100.69
DE,2024-06-25,111.94
DE,2024-06-26,117.61
DE,2024-06-27,113.93
DE,2024-06-28,102.98
DE,2024-06-29,106.94
DE,2024-06-30,105.2
DE,2024-07-01,111.63
DE,2024-07-02,105.01
DE,2024-07-03,121.56
DE,2024-07-04,116.73
DE,2024-07-05,94.4
DE,2024-07-06,96.4
DE,2024-07-07,100.32
DE,2024-07-08,102.13
DE,2024-07-09,117.17
DE,2024-07-10,94.6
DE,2024-07-11,133.04
DE,2024-07-12,131.87
DE,2024-07-13,94.56
DE,2024-07-14,101.78
DE,2024-07-15,81.56
DE,2024-07-16,98.83
DE,2024-07-17,110.7
DE,2024-07-18,99.97
DE,2024-07-19,124.53
DE,2024-07-20,120.83
DE,2024-07-21,83.67
DE,2024-07-22,103.06
DE,2024-07-23,117.75
DE,2024-07-24,136.57
DE,2024-07-25,97.59
DE,2024-07-26,117.69
DE,2024-07-27,118.27
DE,2024-07-28,77.75
DE,2024-07-29,96.45
DE,2024-07-30,108.06
DE,2024-07-31,106.61
DE,2024-08-01,124.65
DE,2024-08-02,116.72
DE,2024-08-03,75.78
DE,2024-08-04,102.09
DE,2024-08-05,105.11
DE,2024-08-06,130.01
DE,2024-08-07,104.1
DE,2024-08-08,103.79
DE,2024-08-09,119.46
DE,2024-08-10,103.88
DE,2024-08-11,100.09
DE,2024-08-12,88.96
DE,2024-08-13,118.46
DE,2024-08-14,97.25
DE,2024-08-15,113.91
DE,2024-08-16,91.64
DE,2024-08-17,98.74
DE,2024-08-18,84.43
DE,2024-08-19,92.81
DE,2024-08-20,118.78
DE,2024-08-21,112.28
DE,2024-08-22,100.79
DE,2024-08-23,127.39
DE,2024-08-24,87.09
DE,2024-08-25,92.03
DE,2024-08-26,111.0
DE,2024-08-27,99.22
DE,2024-08-28,112.89
DE,2024-08-29,99.68
DE,2024-08-30,100.9
DE,2024-08-31,104.61
DE,2024-09-01,78.41
DE,2024-09-02,74.62
DE,2024-09-03,124.88
DE,2024-09-04,136.16
DE,2024-09-05,98.82
DE,2024-09-06,79.42
DE,2024-09-07,84.34
DE,2024-09-08,84.26
DE,2024-09-09,99.91
DE,2024-09-10,88.22
DE,2024-09-11,108.45
DE,2024-09-12,107.32
DE,2024-09-13,82.51
DE,2024-09-14,92.22
DE,2024-09-15,105.57
DE,2024-09-16,101.25
DE,2024-09-17,94.76
DE,2024-09-18,96.62
DE,2024-09-19,105.06
DE,2024-09-20,77.15
DE,2024-09-21,84.0
DE,2024-09-22,78.13
DE,2024-09-23,117.24
DE,2024-09-24,93.49
DE,2024-09-25,114.02
DE,2024-09-26,82.0
DE,2024-09-27,100.66
DE,2024-09-28,82.56
DE,2024-09-29,70.85
DE,2024-09-30,94.53
DE,2024-10-01,105.46
DE,2024-10-02,88.01
DE,2024-10-03,72.58
DE,2024-10-04,90.37
DE,2024-10-05,68.26
DE,2024-10-06,73.0
DE,2024-10-07,88.18
DE,2024-10-08,70.42
DE,2024-10-09,70.97
DE,2024-10-10,92.59
DE,2024-10-11,81.56
DE,2024-10-12,50.9
DE,2024-10-13,79.98
DE,2024-10-14,88.27
DE,2024-10-15,77.69
DE,2024-10-16,71.11
DE,2024-10-17,92.36
DE,2024-10-18,86.93
DE,2024-10-19,90.64
DE,2024-10-20,73.58
DE,2024-10-21,85.71
DE,2024-10-22,79.76
DE,2024-10-23,88.82
DE,2024-10-24,86.41
DE,2024-10-25,91.87
DE,2024-10-26,63.25
DE,2024-10-27,63.54
DE,2024-10-28,73.87
DE,2024-10-29,85.26
DE,2024-10-30,91.29
DE,2024-10-31,72.65
DE,2024-11-01,72.5
DE,2024-11-02,66.95
DE,2024-11-03,62.21
DE,2024-11-04,83.5
DE,2024-11-05,54.34
DE,2024-11-06,66.64
DE,2024-11-07,66.6
DE,2024-11-08,52.7
DE,2024-11-09,54.55
DE,2024-11-10,54.56
DE,2024-11-11,69.92
DE,2024-11-12,80.7
DE,2024-11-13,68.66
DE,2024-11-14,61.6
DE,2024-11-15,69.37
DE,2024-11-16,66.43
DE,2024-11-17,51.76
DE,2024-11-18,61.06
DE,2024-11-19,72.69
DE,2024-11-20,65.91
DE,2024-11-21,72.52
DE,2024-11-22,66.77
DE,2024-11-23,61.27
DE,2024-11-24,49.19
DE,2024-11-25,65.59
DE,2024-11-26,63.65
DE,2024-11-27,55.45
DE,2024-11-28,52.44
DE,2024-11-29,69.46
DE,2024-11-30,51.96
DE,2024-12-01,47.32
DE,2024-12-02,62.38
DE,2024-12-03,71.26
DE,2024-12-04,45.34
DE,2024-12-05,50.95
DE,2024-12-06,54.94
DE,2024-12-07,61.4
DE,2024-12-08,53.74
DE,2024-12-09,66.45
DE,2024-12-10,52.27
DE,2024-12-11,52.17
DE,2024-12-12,63.21
DE,2024-12-13,60.13
DE,2024-12-14,53.86
DE,2024-12-15,49.18
DE,2024-12-16,60.9
DE,2024-12-17,59.81
DE,2024-12-18,63.92
DE,2024-12-19,63.87
DE,2024-12-20,46.74
DE,2024-12-21,35.88
DE,2024-12-22,54.84
DE,2024-12-23,65.58
DE,2024-12-24,50.21
DE,2024-12-25,44.31
DE,2024-12-26,57.54
DE,2024-12-27,63.04
DE,2024-12-28,58.44
DE,2024-12-29,50.91
DE,2024-12-30,53.76
DE,2024-12-31,50.12
DE,2025-01-01,56.19
DE,2025-01-02,53.98
DE,2025-01-03,49.07
DE,2025-01-04,59.07
DE,2025-01-05,57.48
DE,2025-01-06,63.19
DE,2025-01-07,49.39
DE,2025-01-08,61.16
DE,2025-01-09,59.66
DE,2025-01-10,58.3
DE,2025-01-11,54.07
DE,2025-01-12,50.58
DE,2025-01-13,60.18
DE,2025-01-14,59.48
DE,2025-01-15,57.51
DE,2025-01-16,43.43
DE,2025-01-17,55.82
DE,2025-01-18,43.86
DE,2025-01-19,39.8
DE,2025-01-20,66.53
DE,2025-01-21,66.9
DE,2025-01-22,64.51
DE,2025-01-23,57.23
DE,2025-01-24,64.62
DE,2025-01-25,47.4
DE,2025-01-26,48.57
DE,2025-01-27,48.55
DE,2025-01-28,58.66
DE,2025-01-29,56.52
DE,2025-01-30,47.44
DE,2025-01-31,56.02
DE,2025-02-01,85.64
DE,2025-02-02,105.4
DE,2025-02-03,113.26
DE,2025-02-04,102.73
DE,2025-02-05,105.98
DE,2025-02-06,103.79
DE,2025-02-07,101.06
DE,2025-02-08,76.88
DE,2025-02-09,87.07
DE,2025-02-10,95.34
DE,2025-02-11,89.35
DE,2025-02-12,112.02
DE,2025-02-13,110.95
DE,2025-02-14,83.61
DE,2025-02-15,49.73
DE,2025-02-16,56.76
DE,2025-02-17,67.53
DE,2025-02-18,67.61
DE,2025-02-19,60.76
DE,2025-02-20,54.61
DE,2025-02-21,53.13
DE,2025-02-22,54.33
DE,2025-02-23,54.83
DE,2025-02-24,71.6
DE,2025-02-25,70.58
DE,2025-02-26,61.69
DE,2025-02-27,53.61
DE,2025-02-28,60.95
DE,2025-03-01,55.58
DE,2025-03-02,53.15
DE,2025-03-03,59.99
DE,2025-03-04,66.8
DE,2025-03-05,61.26
DE,2025-03-06,60.65
DE,2025-03-07,68.45
DE,2025-03-08,53.7
DE,2025-03-09,58.43
DE,2025-03-10,69.39
DE,2025-03-11,58.36
DE,2025-03-12,64.09
DE,2025-03-13,80.25
DE,2025-03-14,59.27
DE,2025-03-15,43.94
DE,2025-03-16,46.03
DE,2025-03-17,70.43
DE,2025-03-18,70.89
DE,2025-03-19,70.07
DE,2025-03-20,81.95
DE,2025-03-21,48.9
DE,2025-03-22,64.51
DE,2025-03-23,73.59
DE,2025-03-24,63.45
DE,2025-03-25,70.49
DE,2025-03-26,67.62
DE,2025-03-27,66.79
DE,2025-03-28,72.35
DE,2025-03-29,75.45
DE,2025-03-30,79.12
DE,2025-03-31,73.67
DE,2025-04-01,94.91
DE,2025-04-02,78.08
DE,2025-04-03,94.71
DE,2025-04-04,77.86
DE,2025-04-05,68.42
DE,2025-04-06,70.76
DE,2025-04-07,110.87
DE,2025-04-08,89.01
DE,2025-04-09,74.37
DE,2025-04-10,91.28
DE,2025-04-11,78.71
DE,2025-04-12,66.24
DE,2025-04-13,78.53
DE,2025-04-14,84.13
DE,2025-04-15,87.15
DE,2025-04-16,84.98
DE,2025-04-17,88.8
DE,2025-04-18,90.24
DE,2025-04-19,56.35
DE,2025-04-20,79.76
DE,2025-04-21,77.1
DE,2025-04-22,72.69
DE,2025-04-23,87.8
DE,2025-04-24,89.82
DE,2025-04-25,81.99
DE,2025-04-26,84.07
DE,2025-04-27,64.49
DE,2025-04-28,86.5
DE,2025-04-29,85.02
DE,2025-04-30,91.43
DE,2025-05-01,95.53
DE,2025-05-02,81.69
DE,2025-05-03,86.31
DE,2025-05-04,80.43
DE,2025-05-05,72.97
DE,2025-05-06,72.58
DE,2025-05-07,95.22
DE,2025-05-08,93.3
DE,2025-05-09,95.12
DE,2025-05-10,82.0
DE,2025-05-11,84.91
DE,2025-05-12,108.84
DE,2025-05-13,85.09
DE,2025-05-14,84.77
DE,2025-05-15,86.09
DE,2025-05-16,102.99
DE,2025-05-17,97.68
DE,2025-05-18,80.94
DE,2025-05-19,70.58
DE,2025-05-20,80.58
DE,2025-05-21,91.55
DE,2025-05-22,95.3
DE,2025-05-23,97.53
DE,2025-05-24,87.92
DE,2025-05-25,84.58
DE,2025-05-26,116.84
DE,2025-05-27,95.71
DE,2025-05-28,93.73
DE,2025-05-29,110.97
DE,2025-05-30,85.91
DE,2025-05-31,94.03
DE,2025-06-01,91.25
DE,2025-06-02,104.52
DE,2025-06-03,127.11
DE,2025-06-04,99.11
DE,2025-06-05,134.01
DE,2025-06-06,104.86
DE,2025-06-07,77.81
DE,2025-06-08,92.93
DE,2025-06-09,94.69
DE,2025-06-10,99.2
DE,2025-06-11,114.55
DE,2025-06-12,116.94
DE,2025-06-13,101.7
DE,2025-06-14,104.76
DE,2025-06-15,106.93
DE,2025-06-16,129.8
DE,2025-06-17,118.02
DE,2025-06-18,129.41
DE,2025-06-19,86.3
DE,2025-06-20,107.42
DE,2025-06-21,85.22
DE,2025-06-22,96.67
DE,2025-06-23,104.62
DE,2025-06-24,110.28
DE,2025-06-25,138.17
DE,2025-06-26,110.6
DE,2025-06-27,118.69
DE,2025-06-28,93.57
DE,2025-06-29,97.26
DE,2025-06-30,113.62
DE,2025-07-01,119.8
DE,2025-07-02,129.73
DE,2025-07-03,136.46
DE,2025-07-04,118.29
DE,2025-07-05,103.9
DE,2025-07-06,83.7
DE,2025-07-07,113.14
DE,2025-07-08,127.33
DE,2025-07-09,126.39
DE,2025-07-10,117.47
DE,2025-07-11,126.8
DE,2025-07-12,103.2
DE,2025-07-13,111.53
DE,2025-07-14,118.7
DE,2025-07-15,109.84
DE,2025-07-16,119.37
DE,2025-07-17,74.4
DE,2025-07-18,120.01
DE,2025-07-19,54.82
DE,2025-07-20,77.33
DE,2025-07-21,120.88
DE,2025-07-22,121.19
DE,2025-07-23,98.59
DE,2025-07-24,104.73
DE,2025-07-25,133.26
DE,2025-07-26,91.56
DE,2025-07-27,123.28
DE,2025-07-28,114.16
DE,2025-07-29,119.66
DE,2025-07-30,136.08
DE,2025-07-31,115.64
DE,2025-08-01,100.04
DE,2025-08-02,95.27
DE,2025-08-03,96.0
DE,2025-08-04,94.72
DE,2025-08-05,109.64
DE,2025-08-06,102.88
DE,2025-08-07,125.27
DE,2025-08-08,113.04
DE,2025-08-09,92.28
DE,2025-08-10,94.13
DE,2025-08-11,114.96
DE,2025-08-12,120.01
DE,2025-08-13,98.13
DE,2025-08-14,97.37
DE,2025-08-15,125.75
DE,2025-08-16,89.5
DE,2025-08-17,77.97
DE,2025-08-18,116.13
DE,2025-08-19,116.1
DE,2025-08-20,89.55
DE,2025-08-21,112.42
DE,2025-08-22,118.74
DE,2025-08-23,96.64
DE,2025-08-24,99.22
DE,2025-08-25,89.95
DE,2025-08-26,112.14
DE,2025-08-27,103.62
DE,2025-08-28,100.98
DE,2025-08-29,118.01
DE,2025-08-30,106.59
DE,2025-08-31,109.64
DE,2025-09-01,122.46
DE,2025-09-02,104.02
DE,2025-09-03,109.48
DE,2025-09-04,114.28
DE,2025-09-05,105.78
DE,2025-09-06,89.67
DE,2025-09-07,96.64
DE,2025-09-08,102.33
DE,2025-09-09,93.67
DE,2025-09-10,97.16
DE,2025-09-11,109.57
DE,2025-09-12,101.43
DE,2025-09-13,89.33
DE,2025-09-14,92.33
DE,2025-09-15,95.59
DE,2025-09-16,108.7
DE,2025-09-17,103.72
DE,2025-09-18,84.12
DE,2025-09-19,115.31
DE,2025-09-20,78.17
DE,2025-09-21,66.33
DE,2025-09-22,84.75
DE,2025-09-23,84.62
DE,2025-09-24,96.56
DE,2025-09-25,92.35
DE,2025-09-26,91.16
DE,2025-09-27,86.32
DE,2025-09-28,83.19
DE,2025-09-29,97.09
DE,2025-09-30,97.63
DE,2025-10-01,99.4
DE,2025-10-02,68.78
DE,2025-10-03,87.56
DE,2025-10-04,57.15
DE,2025-10-05,77.31
DE,2025-10-06,90.01
DE,2025-10-07,100.79
DE,2025-10-08,101.74
DE,2025-10-09,90.7
DE,2025-10-10,82.75
DE,2025-10-11,78.73
DE,2025-10-12,69.28
DE,2025-10-13,86.49
DE,2025-10-14,96.17
DE,2025-10-15,79.76
DE,2025-10-16,93.18
DE,2025-10-17,91.32
DE,2025-10-18,63.18
DE,2025-10-19,79.21
DE,2025-10-20,89.87
DE,2025-10-21,83.42
DE,2025-10-22,74.41
DE,2025-10-23,73.0
DE,2025-10-24,75.67
DE,2025-10-25,72.77
DE,2025-10-26,60.11
DE,2025-10-27,83.54
DE,2025-10-28,67.12
DE,2025-10-29,76.45
DE,2025-10-30,78.9
DE,2025-10-31,100.08
DE,2025-11-01,54.55
DE,2025-11-02,76.4
DE,2025-11-03,77.27
DE,2025-11-04,79.14
DE,2025-11-05,76.0
DE,2025-11-06,78.43
DE,2025-11-07,72.61
DE,2025-11-08,73.38
DE,2025-11-09,58.68
DE,2025-11-10,82.43
DE,2025-11-11,66.53
DE,2025-11-12,71.13
DE,2025-11-13,62.03
DE,2025-11-14,74.6
DE,2025-11-15,70.11
DE,2025-11-16,58.82
DE,2025-11-17,67.77
DE,2025-11-18,59.75
DE,2025-11-19,66.66
DE,2025-11-20,55.1
DE,2025-11-21,60.29
DE,2025-11-22,58.75
DE,2025-11-23,65.85
DE,2025-11-24,88.89
DE,2025-11-25,61.43
DE,2025-11-26,77.0
DE,2025-11-27,67.21
DE,2025-11-28,63.74
DE,2025-11-29,57.71
DE,2025-11-30,54.96
DE,2025-12-01,64.66
DE,2025-12-02,60.35
DE,2025-12-03,52.52
DE,2025-12-04,51.14
DE,2025-12-05,67.32
DE,2025-12-06,51.03
DE,2025-12-07,48.75
DE,2025-12-08,61.52
DE,2025-12-09,66.99
DE,2025-12-10,62.17
DE,2025-12-11,55.79
DE,2025-12-12,69.13
DE,2025-12-13,60.65
DE,2025-12-14,53.77
DE,2025-12-15,66.39
DE,2025-12-16,68.01
DE,2025-12-17,66.93
DE,2025-12-18,63.02
DE,2025-12-19,62.66
DE,2025-12-20,52.58
DE,2025-12-21,42.82
DE,2025-12-22,62.66
DE,2025-12-23,48.23
DE,2025-12-24,51.93
DE,2025-12-25,66.17
DE,2025-12-26,62.79
DE,2025-12-27,56.96
DE,2025-12-28,46.63
DE,2025-12-29,48.73
DE,2025-12-30,54.78
DE,2025-12-31,56.96
DK,2024-01-01,46.65
DK,2024-01-02,52.38
DK,2024-01-03,44.03
DK,2024-01-04,47.88
DK,2024-01-05,40.42
DK,2024-01-06,41.03
DK,2024-01-07,38.89
DK,2024-01-08,41.57
DK,2024-01-09,44.34
DK,2024-01-10,44.58
DK,2024-01-11,44.08
DK,2024-01-12,55.21
DK,2024-01-13,38.23
DK,2024-01-14,37.55
DK,2024-01-15,71.5
DK,2024-01-16,85.3
DK,2024-01-17,92.56
DK,2024-01-18,87.75
DK,2024-01-19,111.53
DK,2024-01-20,79.77
DK,2024-01-21,94.04
DK,2024-01-22,96.63
DK,2024-01-23,45.94
DK,2024-01-24,45.31
DK,2024-01-25,45.88
DK,2024-01-26,55.41
DK,2024-01-27,28.23
DK,2024-01-28,29.78
DK,2024-01-29,43.2
DK,2024-01-30,46.39
DK,2024-01-31,50.27
DK,2024-02-01,49.18
DK,2024-02-02,44.51
DK,2024-02-03,44.64
DK,2024-02-04,44.83
DK,2024-02-05,48.12
DK,2024-02-06,52.69
DK,2024-02-07,48.94
DK,2024-02-08,44.35
DK,2024-02-09,51.73
DK,2024-02-10,41.26
DK,2024-02-11,40.89
DK,2024-02-12,56.82
DK,2024-02-13,34.23
DK,2024-02-14,40.41
DK,2024-02-15,41.94
DK,2024-02-16,46.98
DK,2024-02-17,40.66
DK,2024-02-18,34.51
DK,2024-02-19,43.92
DK,2024-02-20,44.88
DK,2024-02-21,65.13
DK,2024-02-22,61.48
DK,2024-02-23,48.3
DK,2024-02-24,41.52
DK,2024-02-25,37.62
DK,2024-02-26,39.8
DK,2024-02-27,51.17
DK,2024-02-28,45.94
DK,2024-02-29,51.95
DK,2024-03-01,42.64
DK,2024-03-02,40.99
DK,2024-03-03,46.19
DK,2024-03-04,56.06
DK,2024-03-05,56.72
DK,2024-03-06,45.73
DK,2024-03-07,60.27
DK,2024-03-08,49.72
DK,2024-03-09,50.6
DK,2024-03-10,47.26
DK,2024-03-11,46.76
DK,2024-03-12,54.23
DK,2024-03-13,59.2
DK,2024-03-14,61.27
DK,2024-03-15,56.46
DK,2024-03-16,58.16
DK,2024-03-17,55.42
DK,2024-03-18,56.73
DK,2024-03-19,64.21
DK,2024-03-20,73.04
DK,2024-03-21,73.7
DK,2024-03-22,51.2
DK,2024-03-23,45.66
DK,2024-03-24,60.91
DK,2024-03-25,53.44
DK,2024-03-26,51.83
DK,2024-03-27,58.39
DK,2024-03-28,65.56
DK,2024-03-29,62.04
DK,2024-03-30,49.54
DK,2024-03-31,49.7
DK,2024-04-01,58.56
DK,2024-04-02,57.64
DK,2024-04-03,82.61
DK,2024-04-04,67.59
DK,2024-04-05,72.67
DK,2024-04-06,52.88
DK,2024-04-07,55.27
DK,2024-04-08,61.2
DK,2024-04-09,45.92
DK,2024-04-10,56.56
DK,2024-04-11,53.37
DK,2024-04-12,50.08
DK,2024-04-13,50.26
DK,2024-04-14,68.42
DK,2024-04-15,69.5
DK,2024-04-16,81.18
DK,2024-04-17,74.2
DK,2024-04-18,77.81
DK,2024-04-19,63.82
DK,2024-04-20,65.02
DK,2024-04-21,66.92
DK,2024-04-22,67.77
DK,2024-04-23,78.15
DK,2024-04-24,78.65
DK,2024-04-25,69.18
DK,2024-04-26,64.44
DK,2024-04-27,54.61
DK,2024-04-28,64.67
DK,2024-04-29,78.69
DK,2024-04-30,68.88
DK,2024-05-01,76.78
DK,2024-05-02,82.2
DK,2024-05-03,83.08
DK,2024-05-04,78.39
DK,2024-05-05,76.6
DK,2024-05-06,69.1
DK,2024-05-07,94.88
DK,2024-05-08,74.27
DK,2024-05-09,89.7
DK,2024-05-10,80.75
DK,2024-05-11,65.02
DK,2024-05-12,53.82
DK,2024-05-13,79.56
DK,2024-05-14,66.34
DK,2024-05-15,91.49
DK,2024-05-16,97.33
DK,2024-05-17,74.79
DK,2024-05-18,73.16
DK,2024-05-19,64.73
DK,2024-05-20,77.45
DK,2024-05-21,91.93
DK,2024-05-22,84.07
DK,2024-05-23,102.5
DK,2024-05-24,80.2
DK,2024-05-25,81.35
DK,2024-05-26,73.77
DK,2024-05-27,94.32
DK,2024-05-28,81.78
DK,2024-05-29,86.21
DK,2024-05-30,85.83
DK,2024-05-31,78.57
DK,2024-06-01,80.4
DK,2024-06-02,80.56
DK,2024-06-03,94.49
DK,2024-06-04,104.8
DK,2024-06-05,104.19
DK,2024-06-06,85.02
DK,2024-06-07,93.28
DK,2024-06-08,70.42
DK,2024-06-09,76.54
DK,2024-06-10,83.56
DK,2024-06-11,107.83
DK,2024-06-12,94.46
DK,2024-06-13,88.37
DK,2024-06-14,103.99
DK,2024-06-15,57.31
DK,2024-06-16,58.9
DK,2024-06-17,100.34
DK,2024-06-18,92.45
DK,2024-06-19,94.74
DK,2024-06-20,77.49
DK,2024-06-21,92.08
DK,2024-06-22,97.53
DK,2024-06-23,86.56
DK,2024-06-24,94.71
DK,2024-06-25,88.08
DK,2024-06-26,88.71
DK,2024-06-27,69.43
DK,2024-06-28,96.27
DK,2024-06-29,87.54
DK,2024-06-30,64.53
DK,2024-07-01,86.29
DK,2024-07-02,80.8
DK,2024-07-03,83.04
DK,2024-07-04,94.62
DK,2024-07-05,70.56
DK,2024-07-06,85.94
DK,2024-07-07,87.34
DK,2024-07-08,91.45
DK,2024-07-09,66.26
DK,2024-07-10,83.1
DK,2024-07-11,108.39
DK,2024-07-12,62.97
DK,2024-07-13,76.95
DK,2024-07-14,68.94
DK,2024-07-15,103.62
DK,2024-07-16,86.84
DK,2024-07-17,99.07
DK,2024-07-18,100.89
DK,2024-07-19,115.27
DK,2024-07-20,78.31
DK,2024-07-21,83.86
DK,2024-07-22,77.54
DK,2024-07-23,107.77
DK,2024-07-24,85.65
DK,2024-07-25,87.84
DK,2024-07-26,93.86
DK,2024-07-27,64.94
DK,2024-07-28,82.05
DK,2024-07-29,104.75
DK,2024-07-30,97.05
DK,2024-07-31,75.79
DK,2024-08-01,92.14
DK,2024-08-02,101.73
DK,2024-08-03,61.42
DK,2024-08-04,68.97
DK,2024-08-05,102.79
DK,2024-08-06,95.87
DK,2024-08-07,97.29
DK,2024-08-08,113.2
DK,2024-08-09,97.57
DK,2024-08-10,84.56
DK,2024-08-11,103.66
DK,2024-08-12,89.48
DK,2024-08-13,82.86
DK,2024-08-14,96.13
DK,2024-08-15,96.04
DK,2024-08-16,85.26
DK,2024-08-17,67.62
DK,2024-08-18,98.33
DK,2024-08-19,93.88
DK,2024-08-20,82.18
DK,2024-08-21,99.73
DK,2024-08-22,88.43
DK,2024-08-23,86.64
DK,2024-08-24,80.84
DK,2024-08-25,63.8
DK,2024-08-26,92.3
DK,2024-08-27,108.54
DK,2024-08-28,92.91
DK,2024-08-29,83.74
DK,2024-08-30,82.09
DK,2024-08-31,70.4
DK,2024-09-01,71.54
DK,2024-09-02,82.57
DK,2024-09-03,95.66
DK,2024-09-04,68.0
DK,2024-09-05,94.39
DK,2024-09-06,81.33
DK,2024-09-07,75.41
DK,2024-09-08,62.14
DK,2024-09-09,97.62
DK,2024-09-10,96.39
DK,2024-09-11,93.12
DK,2024-09-12,68.04
DK,2024-09-13,91.03
DK,2024-09-14,73.47
DK,2024-09-15,56.32
DK,2024-09-16,81.46
DK,2024-09-17,84.88
DK,2024-09-18,86.35
DK,2024-09-19,82.29
DK,2024-09-20,82.99
DK,2024-09-21,79.83
DK,2024-09-22,77.44
DK,2024-09-23,51.84
DK,2024-09-24,75.64
DK,2024-09-25,76.69
DK,2024-09-26,61.47
DK,2024-09-27,78.32
DK,2024-09-28,75.29
DK,2024-09-29,56.64
DK,2024-09-30,79.3
DK,2024-10-01,67.49
DK,2024-10-02,69.33
DK,2024-10-03,88.29
DK,2024-10-04,69.73
DK,2024-10-05,66.54
DK,2024-10-06,48.61
DK,2024-10-07,89.72
DK,2024-10-08,78.19
DK,2024-10-09,70.91
DK,2024-10-10,77.06
DK,2024-10-11,59.54
DK,2024-10-12,69.14
DK,2024-10-13,57.85
DK,2024-10-14,68.67
DK,2024-10-15,65.85
DK,2024-10-16,64.71
DK,2024-10-17,74.89
DK,2024-10-18,70.82
DK,2024-10-19,62.59
DK,2024-10-20,57.63
DK,2024-10-21,71.6
DK,2024-10-22,63.66
DK,2024-10-23,84.44
DK,2024-10-24,53.74
DK,2024-10-25,75.73
DK,2024-10-26,64.68
DK,2024-10-27,49.56
DK,2024-10-28,81.81
DK,2024-10-29,71.79
DK,2024-10-30,71.15
DK,2024-10-31,63.53
DK,2024-11-01,61.27
DK,2024-11-02,51.8
DK,2024-11-03,55.27
DK,2024-11-04,72.09
DK,2024-11-05,62.65
DK,2024-11-06,54.26
DK,2024-11-07,66.52
DK,2024-11-08,66.79
DK,2024-11-09,54.79
DK,2024-11-10,54.99
DK,2024-11-11,57.08
DK,2024-11-12,52.09
DK,2024-11-13,52.19
DK,2024-11-14,46.53
DK,2024-11-15,59.16
DK,2024-11-16,48.1
DK,2024-11-17,45.73
DK,2024-11-18,36.43
DK,2024-11-19,47.71
DK,2024-11-20,63.26
DK,2024-11-21,51.0
DK,2024-11-22,57.46
DK,2024-11-23,38.77
DK,2024-11-24,54.24
DK,2024-11-25,53.16
DK,2024-11-26,55.65
DK,2024-11-27,68.39
DK,2024-11-28,62.83
DK,2024-11-29,50.91
DK,2024-11-30,41.49
DK,2024-12-01,42.69
DK,2024-12-02,55.15
DK,2024-12-03,51.04
DK,2024-12-04,48.98
DK,2024-12-05,60.15
DK,2024-12-06,50.18
DK,2024-12-07,54.89
DK,2024-12-08,43.27
DK,2024-12-09,60.85
DK,2024-12-10,52.01
DK,2024-12-11,55.37
DK,2024-12-12,45.1
DK,2024-12-13,44.14
DK,2024-12-14,43.91
DK,2024-12-15,46.35
DK,2024-12-16,48.77
DK,2024-12-17,40.87
DK,2024-12-18,40.28
DK,2024-12-19,39.74
DK,2024-12-20,37.64
DK,2024-12-21,40.99
DK,2024-12-22,45.76
DK,2024-12-23,47.2
DK,2024-12-24,34.34
DK,2024-12-25,45.9
DK,2024-12-26,45.92
DK,2024-12-27,58.44
DK,2024-12-28,32.66
DK,2024-12-29,37.63
DK,2024-12-30,55.82
DK,2024-12-31,48.73
DK,2025-01-01,49.33
DK,2025-01-02,46.74
DK,2025-01-03,47.84
DK,2025-01-04,42.69
DK,2025-01-05,35.2
DK,2025-01-06,50.62
DK,2025-01-07,38.2
DK,2025-01-08,47.48
DK,2025-01-09,46.61
DK,2025-01-10,42.22
DK,2025-01-11,38.62
DK,2025-01-12,35.81
DK,2025-01-13,39.66
DK,2025-01-14,43.57
DK,2025-01-15,39.47
DK,2025-01-16,47.27
DK,2025-01-17,39.23
DK,2025-01-18,42.01
DK,2025-01-19,33.23
DK,2025-01-20,42.49
DK,2025-01-21,42.21
DK,2025-01-22,52.94
DK,2025-01-23,47.54
DK,2025-01-24,44.63
DK,2025-01-25,41.32
DK,2025-01-26,29.17
DK,2025-01-27,45.78
DK,2025-01-28,57.16
DK,2025-01-29,46.94
DK,2025-01-30,46.69
DK,2025-01-31,49.48
DK,2025-02-01,78.86
DK,2025-02-02,54.28
DK,2025-02-03,67.23
DK,2025-02-04,86.62
DK,2025-02-05,77.48
DK,2025-02-06,98.41
DK,2025-02-07,82.08
DK,2025-02-08,55.87
DK,2025-02-09,61.92
DK,2025-02-10,57.78
DK,2025-02-11,84.14
DK,2025-02-12,84.95
DK,2025-02-13,82.83
DK,2025-02-14,98.99
DK,2025-02-15,47.54
DK,2025-02-16,40.9
DK,2025-02-17,36.7
DK,2025-02-18,53.24
DK,2025-02-19,53.13
DK,2025-02-20,51.91
DK,2025-02-21,56.22
DK,2025-02-22,36.96
DK,2025-02-23,53.6
DK,2025-02-24,45.19
DK,2025-02-25,55.96
DK,2025-02-26,41.17
DK,2025-02-27,46.11
DK,2025-02-28,61.69
DK,2025-03-01,43.21
DK,2025-03-02,49.38
DK,2025-03-03,54.59
DK,2025-03-04,52.72
DK,2025-03-05,62.49
DK,2025-03-06,52.48
DK,2025-03-07,42.73
DK,2025-03-08,41.99
DK,2025-03-09,49.84
DK,2025-03-10,57.96
DK,2025-03-11,45.2
DK,2025-03-12,51.15
DK,2025-03-13,52.43
DK,2025-03-14,54.23
DK,2025-03-15,40.5
DK,2025-03-16,45.14
DK,2025-03-17,52.74
DK,2025-03-18,63.55
DK,2025-03-19,64.22
DK,2025-03-20,57.88
DK,2025-03-21,56.5
DK,2025-03-22,51.57
DK,2025-03-23,46.04
DK,2025-03-24,52.12
DK,2025-03-25,53.96
DK,2025-03-26,56.55
DK,2025-03-27,53.01
DK,2025-03-28,63.22
DK,2025-03-29,57.69
DK,2025-03-30,43.22
DK,2025-03-31,63.41
DK,2025-04-01,61.94
DK,2025-04-02,66.65
DK,2025-04-03,64.34
DK,2025-04-04,53.54
DK,2025-04-05,47.07
DK,2025-04-06,56.02
DK,2025-04-07,74.25
DK,2025-04-08,48.84
DK,2025-04-09,69.7
DK,2025-04-10,76.96
DK,2025-04-11,66.52
DK,2025-04-12,61.78
DK,2025-04-13,53.39
DK,2025-04-14,68.04
DK,2025-04-15,55.94
DK,2025-04-16,50.21
DK,2025-04-17,78.24
DK,2025-04-18,62.35
DK,2025-04-19,57.16
DK,2025-04-20,50.7
DK,2025-04-21,59.8
DK,2025-04-22,70.88
DK,2025-04-23,66.44
DK,2025-04-24,76.55
DK,2025-04-25,77.65
DK,2025-04-26,65.38
DK,2025-04-27,65.12
DK,2025-04-28,89.07
DK,2025-04-29,65.66
DK,2025-04-30,75.22
DK,2025-05-01,86.47
DK,2025-05-02,88.14
DK,2025-05-03,54.24
DK,2025-05-04,63.27
DK,2025-05-05,90.41
DK,2025-05-06,82.9
DK,2025-05-07,80.38
DK,2025-05-08,76.87
DK,2025-05-09,75.67
DK,2025-05-10,70.1
DK,2025-05-11,66.02
DK,2025-05-12,80.07
DK,2025-05-13,81.62
DK,2025-05-14,74.62
DK,2025-05-15,86.82
DK,2025-05-16,110.64
DK,2025-05-17,55.07
DK,2025-05-18,73.03
DK,2025-05-19,75.48
DK,2025-05-20,89.2
DK,2025-05-21,84.24
DK,2025-05-22,91.8
DK,2025-05-23,96.37
DK,2025-05-24,73.74
DK,2025-05-25,82.19
DK,2025-05-26,61.42
DK,2025-05-27,102.15
DK,2025-05-28,89.98
DK,2025-05-29,97.59
DK,2025-05-30,74.03
DK,2025-05-31,66.6
DK,2025-06-01,75.53
DK,2025-06-02,87.45
DK,2025-06-03,90.91
DK,2025-06-04,99.68
DK,2025-06-05,69.74
DK,2025-06-06,99.13
DK,2025-06-07,75.75
DK,2025-06-08,74.04
DK,2025-06-09,73.74
DK,2025-06-10,95.22
DK,2025-06-11,63.96
DK,2025-06-12,97.31
DK,2025-06-13,74.31
DK,2025-06-14,77.63
DK,2025-06-15,76.21
DK,2025-06-16,103.97
DK,2025-06-17,89.43
DK,2025-06-18,83.96
DK,2025-06-19,86.21
DK,2025-06-20,106.02
DK,2025-06-21,83.38
DK,2025-06-22,74.85
DK,2025-06-23,89.88
DK,2025-06-24,75.24
DK,2025-06-25,97.15
DK,2025-06-26,73.34
DK,2025-06-27,101.52
DK,2025-06-28,80.49
DK,2025-06-29,102.11
DK,2025-06-30,81.16
DK,2025-07-01,92.47
DK,2025-07-02,113.95
DK,2025-07-03,107.24
DK,2025-07-04,86.08
DK,2025-07-05,82.06
DK,2025-07-06,80.0
DK,2025-07-07,97.35
DK,2025-07-08,86.33
DK,2025-07-09,93.28
DK,2025-07-10,76.25
DK,2025-07-11,95.92
DK,2025-07-12,84.59
DK,2025-07-13,78.09
DK,2025-07-14,76.17
DK,2025-07-15,105.7
DK,2025-07-16,98.63
DK,2025-07-17,86.27
DK,2025-07-18,91.31
DK,2025-07-19,65.85
DK,2025-07-20,70.41
DK,2025-07-21,88.34
DK,2025-07-22,108.31
DK,2025-07-23,87.11
DK,2025-07-24,101.55
DK,2025-07-25,88.16
DK,2025-07-26,82.44
DK,2025-07-27,78.64
DK,2025-07-28,103.88
DK,2025-07-29,87.92
DK,2025-07-30,76.14
DK,2025-07-31,78.21
DK,2025-08-01,87.67
DK,2025-08-02,67.59
DK,2025-08-03,83.31
DK,2025-08-04,88.07
DK,2025-08-05,119.7
DK,2025-08-06,73.62
DK,2025-08-07,95.13
DK,2025-08-08,80.16
DK,2025-08-09,74.01
DK,2025-08-10,79.85
DK,2025-08-11,66.47
DK,2025-08-12,94.64
DK,2025-08-13,112.8
DK,2025-08-14,86.65
DK,2025-08-15,94.29
DK,2025-08-16,87.08
DK,2025-08-17,75.84
DK,2025-08-18,84.47
DK,2025-08-19,65.84
DK,2025-08-20,97.29
DK,2025-08-21,88.88
DK,2025-08-22,78.94
DK,2025-08-23,77.32
DK,2025-08-24,70.63
DK,2025-08-25,83.44
DK,2025-08-26,95.29
DK,2025-08-27,74.33
DK,2025-08-28,99.37
DK,2025-08-29,73.23
DK,2025-08-30,68.62
DK,2025-08-31,91.44
DK,2025-09-01,98.89
DK,2025-09-02,87.82
DK,2025-09-03,76.73
DK,2025-09-04,80.71
DK,2025-09-05,86.62
DK,2025-09-06,73.04
DK,2025-09-07,71.64
DK,2025-09-08,84.56
DK,2025-09-09,82.37
DK,2025-09-10,69.63
DK,2025-09-11,78.66
DK,2025-09-12,92.67
DK,2025-09-13,59.07
DK,2025-09-14,68.77
DK,2025-09-15,74.32
DK,2025-09-16,83.16
DK,2025-09-17,77.89
DK,2025-09-18,95.74
DK,2025-09-19,85.87
DK,2025-09-20,57.71
DK,2025-09-21,73.65
DK,2025-09-22,72.39
DK,2025-09-23,73.92
DK,2025-09-24,82.0
DK,2025-09-25,73.99
DK,2025-09-26,86.62
DK,2025-09-27,60.02
DK,2025-09-28,60.94
DK,2025-09-29,70.97
DK,2025-09-30,71.43
DK,2025-10-01,86.28
DK,2025-10-02,81.54
DK,2025-10-03,90.88
DK,2025-10-04,81.09
DK,2025-10-05,55.55
DK,2025-10-06,74.79
DK,2025-10-07,63.34
DK,2025-10-08,66.49
DK,2025-10-09,67.4
DK,2025-10-10,63.3
DK,2025-10-11,53.53
DK,2025-10-12,59.85
DK,2025-10-13,60.84
DK,2025-10-14,77.97
DK,2025-10-15,62.64
DK,2025-10-16,93.57
DK,2025-10-17,65.78
DK,2025-10-18,59.27
DK,2025-10-19,49.33
DK,2025-10-20,82.27
DK,2025-10-21,76.99
DK,2025-10-22,69.85
DK,2025-10-23,56.2
DK,2025-10-24,68.3
DK,2025-10-25,48.69
DK,2025-10-26,65.72
DK,2025-10-27,71.71
DK,2025-10-28,65.7
DK,2025-10-29,45.67
DK,2025-10-30,56.56
DK,2025-10-31,68.98
DK,2025-11-01,61.65
DK,2025-11-02,60.59
DK,2025-11-03,50.57
DK,2025-11-04,64.36
DK,2025-11-05,69.23
DK,2025-11-06,49.11
DK,2025-11-07,60.87
DK,2025-11-08,53.14
DK,2025-11-09,49.28
DK,2025-11-10,46.48
DK,2025-11-11,57.06
DK,2025-11-12,56.68
DK,2025-11-13,57.59
DK,2025-11-14,54.32
DK,2025-11-15,46.59
DK,2025-11-16,48.66
DK,2025-11-17,60.2
DK,2025-11-18,54.73
DK,2025-11-19,53.68
DK,2025-11-20,56.72
DK,2025-11-21,42.9
DK,2025-11-22,49.8
DK,2025-11-23,46.81
DK,2025-11-24,55.01
DK,2025-11-25,60.69
DK,2025-11-26,41.42
DK,2025-11-27,41.04
DK,2025-11-28,55.22
DK,2025-11-29,45.15
DK,2025-11-30,45.84
DK,2025-12-01,49.64
DK,2025-12-02,56.43
DK,2025-12-03,57.79
DK,2025-12-04,54.69
DK,2025-12-05,49.8
DK,2025-12-06,32.48
DK,2025-12-07,47.24
DK,2025-12-08,58.04
DK,2025-12-09,54.26
DK,2025-12-10,44.82
DK,2025-12-11,53.9
DK,2025-12-12,54.76
DK,2025-12-13,49.84
DK,2025-12-14,37.4
DK,2025-12-15,47.63
DK,2025-12-16,53.11
DK,2025-12-17,48.87
DK,2025-12-18,41.86
DK,2025-12-19,50.54
DK,2025-12-20,43.59
DK,2025-12-21,41.04
DK,2025-12-22,48.86
DK,2025-12-23,45.96
DK,2025-12-24,55.66
DK,2025-12-25,42.03
DK,2025-12-26,43.66
DK,2025-12-27,39.86
DK,2025-12-28,43.88
DK,2025-12-29,38.2
DK,2025-12-30,39.15
DK,2025-12-31,35.01
ES,2024-01-01,43.07
ES,2024-01-02,37.07
ES,2024-01-03,40.76
ES,2024-01-04,46.04
ES,2024-01-05,39.31
ES,2024-01-06,37.15
ES,2024-01-07,34.8
ES,2024-01-08,45.84
ES,2024-01-09,44.79
ES,2024-01-10,38.82
ES,2024-01-11,41.45
ES,2024-01-12,47.58
ES,2024-01-13,37.62
ES,2024-01-14,29.89
ES,2024-01-15,95.71
ES,2024-01-16,77.18
ES,2024-01-17,103.8
ES,2024-01-18,99.7
ES,2024-01-19,91.93
ES,2024-01-20,76.99
ES,2024-01-21,73.74
ES,2024-01-22,96.32
ES,2024-01-23,40.58
ES,2024-01-24,43.72
ES,2024-01-25,47.04
ES,2024-01-26,39.78
ES,2024-01-27,33.64
ES,2024-01-28,31.18
ES,2024-01-29,37.43
ES,2024-01-30,33.57
ES,2024-01-31,46.88
ES,2024-02-01,52.6
ES,2024-02-02,50.74
ES,2024-02-03,29.73
ES,2024-02-04,40.27
ES,2024-02-05,51.18
ES,2024-02-06,41.46
ES,2024-02-07,44.54
ES,2024-02-08,33.52
ES,2024-02-09,45.74
ES,2024-02-10,32.99
ES,2024-02-11,38.87
ES,2024-02-12,36.44
ES,2024-02-13,47.96
ES,2024-02-14,50.77
ES,2024-02-15,41.14
ES,2024-02-16,39.39
ES,2024-02-17,28.87
ES,2024-02-18,37.88
ES,2024-02-19,43.02
ES,2024-02-20,37.82
ES,2024-02-21,49.24
ES,2024-02-22,44.41
ES,2024-02-23,41.09
ES,2024-02-24,37.63
ES,2024-02-25,45.74
ES,2024-02-26,51.4
ES,2024-02-27,47.44
ES,2024-02-28,52.06
ES,2024-02-29,41.94
ES,2024-03-01,49.2
ES,2024-03-02,42.64
ES,2024-03-03,39.76
ES,2024-03-04,52.47
ES,2024-03-05,45.46
ES,2024-03-06,53.54
ES,2024-03-07,54.12
ES,2024-03-08,33.19
ES,2024-03-09,49.91
ES,2024-03-10,27.87
ES,2024-03-11,48.17
ES,2024-03-12,58.78
ES,2024-03-13,50.66
ES,2024-03-14,43.67
ES,2024-03-15,46.33
ES,2024-03-16,51.24
ES,2024-03-17,35.32
ES,2024-03-18,61.72
ES,2024-03-19,54.34
ES,2024-03-20,47.17
ES,2024-03-21,51.53
ES,2024-03-22,48.95
ES,2024-03-23,52.66
ES,2024-03-24,52.23
ES,2024-03-25,45.12
ES,2024-03-26,54.44
ES,2024-03-27,51.62
ES,2024-03-28,66.95
ES,2024-03-29,48.88
ES,2024-03-30,59.5
ES,2024-03-31,50.01
ES,2024-04-01,51.17
ES,2024-04-02,54.97
ES,2024-04-03,54.42
ES,2024-04-04,51.33
ES,2024-04-05,61.68
ES,2024-04-06,44.48
ES,2024-04-07,38.76
ES,2024-04-08,59.31
ES,2024-04-09,49.01
ES,2024-04-10,57.24
ES,2024-04-11,56.41
ES,2024-04-12,57.04
ES,2024-04-13,67.56
ES,2024-04-14,55.18
ES,2024-04-15,66.79
ES,2024-04-16,51.36
ES,2024-04-17,60.51
ES,2024-04-18,67.76
ES,2024-04-19,58.27
ES,2024-04-20,63.0
ES,2024-04-21,48.89
ES,2024-04-22,65.29
ES,2024-04-23,63.22
ES,2024-04-24,69.74
ES,2024-04-25,63.49
ES,2024-04-26,66.91
ES,2024-04-27,57.44
ES,2024-04-28,54.2
ES,2024-04-29,74.4
ES,2024-04-30,72.71
ES,2024-05-01,70.31
ES,2024-05-02,67.75
ES,2024-05-03,78.68
ES,2024-05-04,59.62
ES,2024-05-05,59.4
ES,2024-05-06,73.84
ES,2024-05-07,88.21
ES,2024-05-08,61.81
ES,2024-05-09,80.85
ES,2024-05-10,57.48
ES,2024-05-11,65.18
ES,2024-05-12,75.88
ES,2024-05-13,79.85
ES,2024-05-14,77.33
ES,2024-05-15,71.0
ES,2024-05-16,76.74
ES,2024-05-17,74.47
ES,2024-05-18,59.38
ES,2024-05-19,63.55
ES,2024-05-20,79.64
ES,2024-05-21,70.91
ES,2024-05-22,70.84
ES,2024-05-23,65.89
ES,2024-05-24,82.75
ES,2024-05-25,71.86
ES,2024-05-26,69.59
ES,2024-05-27,89.21
ES,2024-05-28,81.09
ES,2024-05-29,84.32
ES,2024-05-30,83.76
ES,2024-05-31,80.2
ES,2024-06-01,64.76
ES,2024-06-02,87.83
ES,2024-06-03,77.46
ES,2024-06-04,75.6
ES,2024-06-05,86.71
ES,2024-06-06,85.16
ES,2024-06-07,68.93
ES,2024-06-08,80.2
ES,2024-06-09,70.07
ES,2024-06-10,72.46
ES,2024-06-11,95.79
ES,2024-06-12,90.36
ES,2024-06-13,71.47
ES,2024-06-14,102.48
ES,2024-06-15,77.65
ES,2024-06-16,72.04
ES,2024-06-17,101.28
ES,2024-06-18,86.86
ES,2024-06-19,85.12
ES,2024-06-20,78.79
ES,2024-06-21,91.73
ES,2024-06-22,77.19
ES,2024-06-23,73.27
ES,2024-06-24,78.02
ES,2024-06-25,87.68
ES,2024-06-26,85.74
ES,2024-06-27,72.74
ES,2024-06-28,71.4
ES,2024-06-29,78.81
ES,2024-06-30,50.82
ES,2024-07-01,89.18
ES,2024-07-02,82.13
ES,2024-07-03,100.91
ES,2024-07-04,82.13
ES,2024-07-05,94.29
ES,2024-07-06,70.78
ES,2024-07-07,75.39
ES,2024-07-08,95.3
ES,2024-07-09,82.74
ES,2024-07-10,98.12
ES,2024-07-11,77.22
ES,2024-07-12,90.81
ES,2024-07-13,82.82
ES,2024-07-14,80.49
ES,2024-07-15,107.93
ES,2024-07-16,79.71
ES,2024-07-17,73.22
ES,2024-07-18,77.26
ES,2024-07-19,94.66
ES,2024-07-20,78.99
ES,2024-07-21,75.42
ES,2024-07-22,75.81
ES,2024-07-23,95.63
ES,2024-07-24,74.65
ES,2024-07-25,99.62
ES,2024-07-26,117.35
ES,2024-07-27,77.48
ES,2024-07-28,79.34
ES,2024-07-29,82.0
ES,2024-07-30,68.15
ES,2024-07-31,80.67
ES,2024-08-01,75.46
ES,2024-08-02,71.68
ES,2024-08-03,88.85
ES,2024-08-04,75.93
ES,2024-08-05,90.3
ES,2024-08-06,83.03
ES,2024-08-07,84.3
ES,2024-08-08,95.88
ES,2024-08-09,85.45
ES,2024-08-10,77.41
ES,2024-08-11,70.92
ES,2024-08-12,81.77
ES,2024-08-13,70.73
ES,2024-08-14,64.76
ES,2024-08-15,82.06
ES,2024-08-16,85.09
ES,2024-08-17,60.6
ES,2024-08-18,71.19
ES,2024-08-19,84.43
ES,2024-08-20,62.02
ES,2024-08-21,74.28
ES,2024-08-22,87.27
ES,2024-08-23,86.82
ES,2024-08-24,60.58
ES,2024-08-25,71.44
ES,2024-08-26,92.32
ES,2024-08-27,89.61
ES,2024-08-28,80.77
ES,2024-08-29,76.86
ES,2024-08-30,75.03
ES,2024-08-31,72.61
ES,2024-09-01,70.12
ES,2024-09-02,86.38
ES,2024-09-03,81.29
ES,2024-09-04,87.56
ES,2024-09-05,80.33
ES,2024-09-06,86.57
ES,2024-09-07,73.99
ES,2024-09-08,60.28
ES,2024-09-09,61.22
ES,2024-09-10,92.29
ES,2024-09-11,79.93
ES,2024-09-12,61.33
ES,2024-09-13,70.29
ES,2024-09-14,71.09
ES,2024-09-15,62.6
ES,2024-09-16,71.2
ES,2024-09-17,88.21
ES,2024-09-18,65.72
ES,2024-09-19,67.65
ES,2024-09-20,76.35
ES,2024-09-21,65.94
ES,2024-09-22,66.42
ES,2024-09-23,81.41
ES,2024-09-24,74.76
ES,2024-09-25,76.92
ES,2024-09-26,70.03
ES,2024-09-27,72.45
ES,2024-09-28,61.59
ES,2024-09-29,62.05
ES,2024-09-30,77.34
ES,2024-10-01,75.09
ES,2024-10-02,70.39
ES,2024-10-03,62.88
ES,2024-10-04,69.82
ES,2024-10-05,58.34
ES,2024-10-06,59.56
ES,2024-10-07,86.13
ES,2024-10-08,63.45
ES,2024-10-09,70.73
ES,2024-10-10,75.51
ES,2024-10-11,67.32
ES,2024-10-12,72.0
ES,2024-10-13,53.36
ES,2024-10-14,67.91
ES,2024-10-15,58.75
ES,2024-10-16,61.86
ES,2024-10-17,66.11
ES,2024-10-18,70.28
ES,2024-10-19,55.96
ES,2024-10-20,61.66
ES,2024-10-21,61.92
ES,2024-10-22,59.76
ES,2024-10-23,81.93
ES,2024-10-24,64.38
ES,2024-10-25,55.81
ES,2024-10-26,47.29
ES,2024-10-27,45.47
ES,2024-10-28,66.67
ES,2024-10-29,56.95
ES,2024-10-30,60.08
ES,2024-10-31,58.35
ES,2024-11-01,63.55
ES,2024-11-02,44.32
ES,2024-11-03,42.69
ES,2024-11-04,58.85
ES,2024-11-05,61.04
ES,2024-11-06,58.83
ES,2024-11-07,50.75
ES,2024-11-08,60.39
ES,2024-11-09,42.96
ES,2024-11-10,43.93
ES,2024-11-11,48.58
ES,2024-11-12,62.94
ES,2024-11-13,58.21
ES,2024-11-14,57.65
ES,2024-11-15,61.41
ES,2024-11-16,60.34
ES,2024-11-17,35.64
ES,2024-11-18,47.77
ES,2024-11-19,48.24
ES,2024-11-20,46.49
ES,2024-11-21,44.8
ES,2024-11-22,49.31
ES,2024-11-23,36.9
ES,2024-11-24,44.68
ES,2024-11-25,50.55
ES,2024-11-26,52.82
ES,2024-11-27,52.67
ES,2024-11-28,52.93
ES,2024-11-29,46.88
ES,2024-11-30,52.04
ES,2024-12-01,42.41
ES,2024-12-02,37.48
ES,2024-12-03,42.23
ES,2024-12-04,37.77
ES,2024-12-05,47.59
ES,2024-12-06,46.55
ES,2024-12-07,37.7
ES,2024-12-08,49.34
ES,2024-12-09,49.6
ES,2024-12-10,50.34
ES,2024-12-11,40.94
ES,2024-12-12,40.37
ES,2024-12-13,45.86
ES,2024-12-14,39.44
ES,2024-12-15,29.9
ES,2024-12-16,44.09
ES,2024-12-17,44.96
ES,2024-12-18,43.55
ES,2024-12-19,40.18
ES,2024-12-20,41.49
ES,2024-12-21,36.77
ES,2024-12-22,37.85
ES,2024-12-23,47.08
ES,2024-12-24,49.43
ES,2024-12-25,42.08
ES,2024-12-26,41.11
ES,2024-12-27,45.64
ES,2024-12-28,39.45
ES,2024-12-29,34.75
ES,2024-12-30,47.11
ES,2024-12-31,47.98
ES,2025-01-01,49.56
ES,2025-01-02,51.95
ES,2025-01-03,38.29
ES,2025-01-04,36.32
ES,2025-01-05,36.25
ES,2025-01-06,42.02
ES,2025-01-07,39.16
ES,2025-01-08,34.85
ES,2025-01-09,42.84
ES,2025-01-10,38.43
ES,2025-01-11,36.33
ES,2025-01-12,32.51
ES,2025-01-13,36.69
ES,2025-01-14,43.44
ES,2025-01-15,43.02
ES,2025-01-16,45.19
ES,2025-01-17,53.35
ES,2025-01-18,37.13
ES,2025-01-19,38.05
ES,2025-01-20,36.86
ES,2025-01-21,35.83
ES,2025-01-22,50.47
ES,2025-01-23,37.76
ES,2025-01-24,37.2
ES,2025-01-25,36.03
ES,2025-01-26,35.87
ES,2025-01-27,38.1
ES,2025-01-28,41.25
ES,2025-01-29,49.24
ES,2025-01-30,38.84
ES,2025-01-31,35.9
ES,2025-02-01,73.6
ES,2025-02-02,70.21
ES,2025-02-03,72.39
ES,2025-02-04,63.56
ES,2025-02-05,71.66
ES,2025-02-06,78.43
ES,2025-02-07,90.29
ES,2025-02-08,59.16
ES,2025-02-09,67.12
ES,2025-02-10,86.57
ES,2025-02-11,57.42
ES,2025-02-12,90.72
ES,2025-02-13,69.54
ES,2025-02-14,84.63
ES,2025-02-15,39.74
ES,2025-02-16,43.81
ES,2025-02-17,48.85
ES,2025-02-18,32.9
ES,2025-02-19,41.89
ES,2025-02-20,47.25
ES,2025-02-21,45.61
ES,2025-02-22,42.19
ES,2025-02-23,43.9
ES,2025-02-24,50.89
ES,2025-02-25,46.45
ES,2025-02-26,37.31
ES,2025-02-27,45.56
ES,2025-02-28,50.88
ES,2025-03-01,36.0
ES,2025-03-02,44.81
ES,2025-03-03,54.66
ES,2025-03-04,50.33
ES,2025-03-05,31.53
ES,2025-03-06,42.47
ES,2025-03-07,61.88
ES,2025-03-08,40.32
ES,2025-03-09,33.07
ES,2025-03-10,59.0
ES,2025-03-11,51.78
ES,2025-03-12,58.91
ES,2025-03-13,54.08
ES,2025-03-14,55.56
ES,2025-03-15,47.01
ES,2025-03-16,49.12
ES,2025-03-17,68.33
ES,2025-03-18,60.3
ES,2025-03-19,44.05
ES,2025-03-20,57.63
ES,2025-03-21,62.59
ES,2025-03-22,53.89
ES,2025-03-23,44.97
ES,2025-03-24,63.96
ES,2025-03-25,62.77
ES,2025-03-26,74.39
ES,2025-03-27,52.06
ES,2025-03-28,54.07
ES,2025-03-29,47.45
ES,2025-03-30,46.66
ES,2025-03-31,52.43
ES,2025-04-01,39.49
ES,2025-04-02,56.35
ES,2025-04-03,62.49
ES,2025-04-04,56.65
ES,2025-04-05,63.47
ES,2025-04-06,51.92
ES,2025-04-07,70.88
ES,2025-04-08,63.7
ES,2025-04-09,68.31
ES,2025-04-10,64.63
ES,2025-04-11,73.26
ES,2025-04-12,54.18
ES,2025-04-13,57.37
ES,2025-04-14,66.91
ES,2025-04-15,62.26
ES,2025-04-16,68.03
ES,2025-04-17,82.77
ES,2025-04-18,63.53
ES,2025-04-19,58.97
ES,2025-04-20,65.0
ES,2025-04-21,75.98
ES,2025-04-22,67.32
ES,2025-04-23,48.27
ES,2025-04-24,72.22
ES,2025-04-25,50.17
ES,2025-04-26,68.77
ES,2025-04-27,59.98
ES,2025-04-28,77.89
ES,2025-04-29,62.36
ES,2025-04-30,57.21
ES,2025-05-01,72.9
ES,2025-05-02,70.78
ES,2025-05-03,57.14
ES,2025-05-04,61.66
ES,2025-05-05,96.16
ES,2025-05-06,79.82
ES,2025-05-07,82.11
ES,2025-05-08,80.71
ES,2025-05-09,86.73
ES,2025-05-10,61.48
ES,2025-05-11,47.63
ES,2025-05-12,73.04
ES,2025-05-13,82.39
ES,2025-05-14,66.65
ES,2025-05-15,74.17
ES,2025-05-16,69.8
ES,2025-05-17,76.7
ES,2025-05-18,71.15
ES,2025-05-19,83.16
ES,2025-05-20,83.24
ES,2025-05-21,77.44
ES,2025-05-22,79.96
ES,2025-05-23,67.27
ES,2025-05-24,49.37
ES,2025-05-25,68.4
ES,2025-05-26,82.44
ES,2025-05-27,91.21
ES,2025-05-28,95.03
ES,2025-05-29,95.36
ES,2025-05-30,70.89
ES,2025-05-31,65.79
ES,2025-06-01,72.9
ES,2025-06-02,106.09
ES,2025-06-03,96.14
ES,2025-06-04,92.91
ES,2025-06-05,78.34
ES,2025-06-06,73.68
ES,2025-06-07,76.92
ES,2025-06-08,61.17
ES,2025-06-09,80.77
ES,2025-06-10,82.23
ES,2025-06-11,99.59
ES,2025-06-12,80.26
ES,2025-06-13,59.45
ES,2025-06-14,75.96
ES,2025-06-15,65.77
ES,2025-06-16,85.1
ES,2025-06-17,83.98
ES,2025-06-18,82.25
ES,2025-06-19,93.31
ES,2025-06-20,69.7
ES,2025-06-21,68.23
ES,2025-06-22,78.86
ES,2025-06-23,79.57
ES,2025-06-24,69.44
ES,2025-06-25,93.11
ES,2025-06-26,97.97
ES,2025-06-27,86.0
ES,2025-06-28,56.28
ES,2025-06-29,79.95
ES,2025-06-30,69.53
ES,2025-07-01,90.15
ES,2025-07-02,77.77
ES,2025-07-03,75.0
ES,2025-07-04,82.59
ES,2025-07-05,72.57
ES,2025-07-06,68.52
ES,2025-07-07,93.62
ES,2025-07-08,82.82
ES,2025-07-09,97.85
ES,2025-07-10,90.56
ES,2025-07-11,80.31
ES,2025-07-12,66.78
ES,2025-07-13,59.81
ES,2025-07-14,90.79
ES,2025-07-15,84.01
ES,2025-07-16,62.77
ES,2025-07-17,82.11
ES,2025-07-18,78.26
ES,2025-07-19,88.67
ES,2025-07-20,59.32
ES,2025-07-21,72.52
ES,2025-07-22,99.33
ES,2025-07-23,101.88
ES,2025-07-24,79.74
ES,2025-07-25,80.88
ES,2025-07-26,79.83
ES,2025-07-27,53.54
ES,2025-07-28,67.81
ES,2025-07-29,84.3
ES,2025-07-30,103.36
ES,2025-07-31,82.51
ES,2025-08-01,88.01
ES,2025-08-02,83.87
ES,2025-08-03,92.37
ES,2025-08-04,80.63
ES,2025-08-05,86.32
ES,2025-08-06,105.25
ES,2025-08-07,70.48
ES,2025-08-08,96.7
ES,2025-08-09,64.12
ES,2025-08-10,73.81
ES,2025-08-11,83.12
ES,2025-08-12,75.63
ES,2025-08-13,75.21
ES,2025-08-14,87.92
ES,2025-08-15,95.05
ES,2025-08-16,70.89
ES,2025-08-17,72.44
ES,2025-08-18,90.09
ES,2025-08-19,74.3
ES,2025-08-20,91.33
ES,2025-08-21,91.89
ES,2025-08-22,109.51
ES,2025-08-23,67.53
ES,2025-08-24,66.65
ES,2025-08-25,90.36
ES,2025-08-26,90.59
ES,2025-08-27,76.95
ES,2025-08-28,78.0
ES,2025-08-29,87.01
ES,2025-08-30,62.35
ES,2025-08-31,65.59
ES,2025-09-01,81.76
ES,2025-09-02,90.24
ES,2025-09-03,74.49
ES,2025-09-04,62.33
ES,2025-09-05,61.39
ES,2025-09-06,57.31
ES,2025-09-07,56.66
ES,2025-09-08,77.35
ES,2025-09-09,67.3
ES,2025-09-10,71.59
ES,2025-09-11,70.63
ES,2025-09-12,73.44
ES,2025-09-13,76.05
ES,2025-09-14,70.54
ES,2025-09-15,76.69
ES,2025-09-16,71.99
ES,2025-09-17,71.92
ES,2025-09-18,78.49
ES,2025-09-19,80.44
ES,2025-09-20,56.67
ES,2025-09-21,63.57
ES,2025-09-22,56.04
ES,2025-09-23,75.62
ES,2025-09-24,80.09
ES,2025-09-25,70.56
ES,2025-09-26,88.49
ES,2025-09-27,54.94
ES,2025-09-28,62.72
ES,2025-09-29,71.23
ES,2025-09-30,70.3
ES,2025-10-01,69.81
ES,2025-10-02,71.31
ES,2025-10-03,77.15
ES,2025-10-04,68.98
ES,2025-10-05,58.85
ES,2025-10-06,75.61
ES,2025-10-07,62.72
ES,2025-10-08,74.36
ES,2025-10-09,61.52
ES,2025-10-10,76.13
ES,2025-10-11,71.98
ES,2025-10-12,55.73
ES,2025-10-13,48.74
ES,2025-10-14,61.43
ES,2025-10-15,75.03
ES,2025-10-16,69.29
ES,2025-10-17,66.51
ES,2025-10-18,61.17
ES,2025-10-19,57.38
ES,2025-10-20,72.68
ES,2025-10-21,69.97
ES,2025-10-22,74.07
ES,2025-10-23,64.92
ES,2025-10-24,68.57
ES,2025-10-25,50.32
ES,2025-10-26,48.17
ES,2025-10-27,73.13
ES,2025-10-28,61.88
ES,2025-10-29,65.72
ES,2025-10-30,60.43
ES,2025-10-31,55.01
ES,2025-11-01,50.04
ES,2025-11-02,58.21
ES,2025-11-03,61.91
ES,2025-11-04,45.83
ES,2025-11-05,55.82
ES,2025-11-06,69.11
ES,2025-11-07,55.12
ES,2025-11-08,37.46
ES,2025-11-09,58.26
ES,2025-11-10,60.04
ES,2025-11-11,54.68
ES,2025-11-12,52.35
ES,2025-11-13,61.51
ES,2025-11-14,50.58
ES,2025-11-15,51.99
ES,2025-11-16,48.36
ES,2025-11-17,54.64
ES,2025-11-18,53.67
ES,2025-11-19,51.32
ES,2025-11-20,58.63
ES,2025-11-21,46.4
ES,2025-11-22,35.23
ES,2025-11-23,46.68
ES,2025-11-24,54.69
ES,2025-11-25,53.45
ES,2025-11-26,52.69
ES,2025-11-27,48.02
ES,2025-11-28,54.34
ES,2025-11-29,41.73
ES,2025-11-30,39.28
ES,2025-12-01,46.97
ES,2025-12-02,60.3
ES,2025-12-03,38.21
ES,2025-12-04,50.88
ES,2025-12-05,38.12
ES,2025-12-06,39.84
ES,2025-12-07,38.07
ES,2025-12-08,35.24
ES,2025-12-09,48.95
ES,2025-12-10,44.41
ES,2025-12-11,34.64
ES,2025-12-12,50.73
ES,2025-12-13,45.7
ES,2025-12-14,45.75
ES,2025-12-15,47.42
ES,2025-12-16,45.51
ES,2025-12-17,52.25
ES,2025-12-18,53.95
ES,2025-12-19,50.79
ES,2025-12-20,33.57
ES,2025-12-21,38.62
ES,2025-12-22,46.53
ES,2025-12-23,34.48
ES,2025-12-24,46.37
ES,2025-12-25,55.69
ES,2025-12-26,46.97
ES,2025-12-27,43.5
ES,2025-12-28,37.67
ES,2025-12-29,42.86
ES,2025-12-30,45.11
ES,2025-12-31,38.82
FR,2024-01-01,43.78
FR,2024-01-02,56.91
FR,2024-01-03,57.43
FR,2024-01-04,43.36
FR,2024-01-05,54.85
FR,2024-01-06,41.27
FR,2024-01-07,43.35
FR,2024-01-08,51.64
FR,2024-01-09,54.72
FR,2024-01-10,49.33
FR,2024-01-11,57.07
FR,2024-01-12,50.6
FR,2024-01-13,44.56
FR,2024-01-14,37.3
FR,2024-01-15,128.89
FR,2024-01-16,108.16
FR,2024-01-17,111.17
FR,2024-01-18,82.68
FR,2024-01-19,92.39
FR,2024-01-20,100.14
FR,2024-01-21,90.27
FR,2024-01-22,79.17
FR,2024-01-23,55.1
FR,2024-01-24,45.86
FR,2024-01-25,57.46
FR,2024-01-26,48.7
FR,2024-01-27,42.94
FR,2024-01-28,47.93
FR,2024-01-29,44.18
FR,2024-01-30,43.71
FR,2024-01-31,48.57
FR,2024-02-01,54.81
FR,2024-02-02,42.01
FR,2024-02-03,34.09
FR,2024-02-04,46.97
FR,2024-02-05,46.79
FR,2024-02-06,48.23
FR,2024-02-07,39.46
FR,2024-02-08,46.8
FR,2024-02-09,51.09
FR,2024-02-10,48.5
FR,2024-02-11,39.75
FR,2024-02-12,62.03
FR,2024-02-13,47.68
FR,2024-02-14,47.89
FR,2024-02-15,62.06
FR,2024-02-16,53.96
FR,2024-02-17,41.96
FR,2024-02-18,44.31
FR,2024-02-19,62.03
FR,2024-02-20,63.06
FR,2024-02-21,48.61
FR,2024-02-22,53.89
FR,2024-02-23,55.03
FR,2024-02-24,41.01
FR,2024-02-25,46.45
FR,2024-02-26,55.34
FR,2024-02-27,63.22
FR,2024-02-28,64.02
FR,2024-02-29,54.01
FR,2024-03-01,55.1
FR,2024-03-02,52.2
FR,2024-03-03,45.21
FR,2024-03-04,61.6
FR,2024-03-05,57.27
FR,2024-03-06,51.45
FR,2024-03-07,51.85
FR,2024-03-08,69.16
FR,2024-03-09,49.45
FR,2024-03-10,60.68
FR,2024-03-11,56.32
FR,2024-03-12,62.5
FR,2024-03-13,78.21
FR,2024-03-14,53.39
FR,2024-03-15,47.52
FR,2024-03-16,60.76
FR,2024-03-17,47.71
FR,2024-03-18,62.56
FR,2024-03-19,58.68
FR,2024-03-20,65.56
FR,2024-03-21,56.64
FR,2024-03-22,62.95
FR,2024-03-23,58.01
FR,2024-03-24,48.69
FR,2024-03-25,60.08
FR,2024-03-26,63.26
FR,2024-03-27,55.05
FR,2024-03-28,63.48
FR,2024-03-29,68.26
FR,2024-03-30,54.81
FR,2024-03-31,56.05
FR,2024-04-01,68.44
FR,2024-04-02,63.61
FR,2024-04-03,75.24
FR,2024-04-04,81.97
FR,2024-04-05,66.45
FR,2024-04-06,63.7
FR,2024-04-07,58.83
FR,2024-04-08,74.85
FR,2024-04-09,85.71
FR,2024-04-10,77.04
FR,2024-04-11,57.51
FR,2024-04-12,77.51
FR,2024-04-13,72.16
FR,2024-04-14,61.56
FR,2024-04-15,83.8
FR,2024-04-16,69.07
FR,2024-04-17,62.26
FR,2024-04-18,77.5
FR,2024-04-19,60.5
FR,2024-04-20,63.66
FR,2024-04-21,76.11
FR,2024-04-22,60.13
FR,2024-04-23,66.41
FR,2024-04-24,69.14
FR,2024-04-25,78.75
FR,2024-04-26,76.3
FR,2024-04-27,79.66
FR,2024-04-28,76.44
FR,2024-04-29,85.95
FR,2024-04-30,82.99
FR,2024-05-01,85.87
FR,2024-05-02,73.91
FR,2024-05-03,91.39
FR,2024-05-04,61.35
FR,2024-05-05,78.3
FR,2024-05-06,96.12
FR,2024-05-07,86.71
FR,2024-05-08,83.19
FR,2024-05-09,89.51
FR,2024-05-10,56.35
FR,2024-05-11,75.95
FR,2024-05-12,72.64
FR,2024-05-13,86.51
FR,2024-05-14,94.85
FR,2024-05-15,87.04
FR,2024-05-16,76.15
FR,2024-05-17,87.11
FR,2024-05-18,76.26
FR,2024-05-19,77.02
FR,2024-05-20,91.49
FR,2024-05-21,101.36
FR,2024-05-22,78.7
FR,2024-05-23,92.77
FR,2024-05-24,105.33
FR,2024-05-25,61.63
FR,2024-05-26,79.81
FR,2024-05-27,85.77
FR,2024-05-28,88.47
FR,2024-05-29,82.83
FR,2024-05-30,91.35
FR,2024-05-31,114.25
FR,2024-06-01,67.7
FR,2024-06-02,68.83
FR,2024-06-03,79.74
FR,2024-06-04,114.45
FR,2024-06-05,89.82
FR,2024-06-06,95.09
FR,2024-06-07,91.04
FR,2024-06-08,72.31
FR,2024-06-09,79.47
FR,2024-06-10,124.93
FR,2024-06-11,112.89
FR,2024-06-12,87.05
FR,2024-06-13,104.78
FR,2024-06-14,87.74
FR,2024-06-15,65.34
FR,2024-06-16,93.41
FR,2024-06-17,111.79
FR,2024-06-18,110.69
FR,2024-06-19,92.99
FR,2024-06-20,96.76
FR,2024-06-21,107.83
FR,2024-06-22,88.2
FR,2024-06-23,80.41
FR,2024-06-24,80.13
FR,2024-06-25,100.98
FR,2024-06-26,112.69
FR,2024-06-27,85.56
FR,2024-06-28,107.72
FR,2024-06-29,88.54
FR,2024-06-30,92.94
FR,2024-07-01,110.93
FR,2024-07-02,92.15
FR,2024-07-03,81.11
FR,2024-07-04,94.28
FR,2024-07-05,111.57
FR,2024-07-06,80.18
FR,2024-07-07,78.67
FR,2024-07-08,78.94
FR,2024-07-09,122.34
FR,2024-07-10,111.15
FR,2024-07-11,110.51
FR,2024-07-12,112.95
FR,2024-07-13,91.99
FR,2024-07-14,83.53
FR,2024-07-15,99.26
FR,2024-07-16,96.05
FR,2024-07-17,133.25
FR,2024-07-18,107.98
FR,2024-07-19,95.57
FR,2024-07-20,90.8
FR,2024-07-21,75.54
FR,2024-07-22,119.34
FR,2024-07-23,93.02
FR,2024-07-24,107.05
FR,2024-07-25,113.82
FR,2024-07-26,105.49
FR,2024-07-27,86.61
FR,2024-07-28,85.67
FR,2024-07-29,99.88
FR,2024-07-30,93.5
FR,2024-07-31,94.93
FR,2024-08-01,118.01
FR,2024-08-02,98.78
FR,2024-08-03,76.95
FR,2024-08-04,79.58
FR,2024-08-05,112.81
FR,2024-08-06,107.56
FR,2024-08-07,106.01
FR,2024-08-08,96.09
FR,2024-08-09,105.79
FR,2024-08-10,77.49
FR,2024-08-11,81.19
FR,2024-08-12,109.84
FR,2024-08-13,108.49
FR,2024-08-14,86.43
FR,2024-08-15,87.71
FR,2024-08-16,98.79
FR,2024-08-17,99.82
FR,2024-08-18,63.52
FR,2024-08-19,100.03
FR,2024-08-20,80.6
FR,2024-08-21,88.95
FR,2024-08-22,91.81
FR,2024-08-23,90.9
FR,2024-08-24,75.94
FR,2024-08-25,80.96
FR,2024-08-26,88.78
FR,2024-08-27,77.98
FR,2024-08-28,103.1
FR,2024-08-29,102.46
FR,2024-08-30,103.13
FR,2024-08-31,64.66
FR,2024-09-01,81.89
FR,2024-09-02,100.19
FR,2024-09-03,80.91
FR,2024-09-04,92.1
FR,2024-09-05,90.37
FR,2024-09-06,111.48
FR,2024-09-07,95.15
FR,2024-09-08,61.62
FR,2024-09-09,117.21
FR,2024-09-10,79.98
FR,2024-09-11,100.0
FR,2024-09-12,99.47
FR,2024-09-13,78.11
FR,2024-09-14,79.52
FR,2024-09-15,73.78
FR,2024-09-16,93.36
FR,2024-09-17,89.55
FR,2024-09-18,99.18
FR,2024-09-19,87.11
FR,2024-09-20,84.19
FR,2024-09-21,82.24
FR,2024-09-22,77.36
FR,2024-09-23,92.11
FR,2024-09-24,77.53
FR,2024-09-25,73.31
FR,2024-09-26,77.72
FR,2024-09-27,76.79
FR,2024-09-28,76.78
FR,2024-09-29,77.96
FR,2024-09-30,80.15
FR,2024-10-01,95.18
FR,2024-10-02,94.06
FR,2024-10-03,82.7
FR,2024-10-04,72.03
FR,2024-10-05,80.31
FR,2024-10-06,66.68
FR,2024-10-07,79.76
FR,2024-10-08,74.94
FR,2024-10-09,69.38
FR,2024-10-10,63.62
FR,2024-10-11,82.61
FR,2024-10-12,58.78
FR,2024-10-13,88.17
FR,2024-10-14,65.59
FR,2024-10-15,63.66
FR,2024-10-16,79.08
FR,2024-10-17,87.66
FR,2024-10-18,74.19
FR,2024-10-19,66.46
FR,2024-10-20,48.14
FR,2024-10-21,66.39
FR,2024-10-22,62.57
FR,2024-10-23,55.14
FR,2024-10-24,71.92
FR,2024-10-25,51.51
FR,2024-10-26,50.08
FR,2024-10-27,55.34
FR,2024-10-28,62.25
FR,2024-10-29,71.98
FR,2024-10-30,70.78
FR,2024-10-31,75.11
FR,2024-11-01,73.49
FR,2024-11-02,64.72
FR,2024-11-03,56.55
FR,2024-11-04,68.53
FR,2024-11-05,69.73
FR,2024-11-06,66.38
FR,2024-11-07,61.77
FR,2024-11-08,61.87
FR,2024-11-09,49.09
FR,2024-11-10,56.81
FR,2024-11-11,62.5
FR,2024-11-12,57.82
FR,2024-11-13,57.46
FR,2024-11-14,53.01
FR,2024-11-15,68.87
FR,2024-11-16,52.55
FR,2024-11-17,46.38
FR,2024-11-18,66.35
FR,2024-11-19,56.07
FR,2024-11-20,49.66
FR,2024-11-21,66.65
FR,2024-11-22,55.21
FR,2024-11-23,47.41
FR,2024-11-24,49.81
FR,2024-11-25,65.91
FR,2024-11-26,57.76
FR,2024-11-27,49.04
FR,2024-11-28,60.67
FR,2024-11-29,53.33
FR,2024-11-30,58.71
FR,2024-12-01,47.59
FR,2024-12-02,40.75
FR,2024-12-03,57.76
FR,2024-12-04,67.94
FR,2024-12-05,65.16
FR,2024-12-06,66.49
FR,2024-12-07,40.46
FR,2024-12-08,50.88
FR,2024-12-09,49.04
FR,2024-12-10,54.87
FR,2024-12-11,45.05
FR,2024-12-12,48.84
FR,2024-12-13,48.41
FR,2024-12-14,49.39
FR,2024-12-15,48.66
FR,2024-12-16,53.73
FR,2024-12-17,43.4
FR,2024-12-18,49.65
FR,2024-12-19,46.78
FR,2024-12-20,56.53
FR,2024-12-21,49.48
FR,2024-12-22,48.67
FR,2024-12-23,46.06
FR,2024-12-24,33.89
FR,2024-12-25,39.66
FR,2024-12-26,58.74
FR,2024-12-27,47.62
FR,2024-12-28,38.59
FR,2024-12-29,50.64
FR,2024-12-30,57.19
FR,2024-12-31,49.68
FR,2025-01-01,47.76
FR,2025-01-02,48.62
FR,2025-01-03,50.65
FR,2025-01-04,49.87
FR,2025-01-05,43.88
FR,2025-01-06,53.34
FR,2025-01-07,55.87
FR,2025-01-08,42.07
FR,2025-01-09,53.32
FR,2025-01-10,47.12
FR,2025-01-11,28.96
FR,2025-01-12,30.88
FR,2025-01-13,42.81
FR,2025-01-14,51.86
FR,2025-01-15,49.42
FR,2025-01-16,49.83
FR,2025-01-17,60.18
FR,2025-01-18,35.15
FR,2025-01-19,41.35
FR,2025-01-20,50.63
FR,2025-01-21,44.57
FR,2025-01-22,49.11
FR,2025-01-23,39.59
FR,2025-01-24,57.37
FR,2025-01-25,38.35
FR,2025-01-26,52.03
FR,2025-01-27,49.12
FR,2025-01-28,55.5
FR,2025-01-29,49.19
FR,2025-01-30,49.44
FR,2025-01-31,46.25
FR,2025-02-01,77.38
FR,2025-02-02,79.42
FR,2025-02-03,81.76
FR,2025-02-04,89.16
FR,2025-02-05,84.15
FR,2025-02-06,116.23
FR,2025-02-07,90.42
FR,2025-02-08,92.42
FR,2025-02-09,76.41
FR,2025-02-10,95.27
FR,2025-02-11,78.05
FR,2025-02-12,88.13
FR,2025-02-13,95.87
FR,2025-02-14,111.78
FR,2025-02-15,45.72
FR,2025-02-16,52.16
FR,2025-02-17,56.93
FR,2025-02-18,63.49
FR,2025-02-19,52.99
FR,2025-02-20,69.01
FR,2025-02-21,50.75
FR,2025-02-22,41.8
FR,2025-02-23,39.55
FR,2025-02-24,70.03
FR,2025-02-25,60.42
FR,2025-02-26,53.09
FR,2025-02-27,63.94
FR,2025-02-28,60.53
FR,2025-03-01,59.07
FR,2025-03-02,39.14
FR,2025-03-03,55.06
FR,2025-03-04,54.03
FR,2025-03-05,43.91
FR,2025-03-06,65.24
FR,2025-03-07,56.33
FR,2025-03-08,54.2
FR,2025-03-09,64.27
FR,2025-03-10,56.77
FR,2025-03-11,56.63
FR,2025-03-12,60.87
FR,2025-03-13,67.54
FR,2025-03-14,56.63
FR,2025-03-15,48.04
FR,2025-03-16,58.94
FR,2025-03-17,64.74
FR,2025-03-18,47.03
FR,2025-03-19,53.49
FR,2025-03-20,74.49
FR,2025-03-21,66.58
FR,2025-03-22,49.37
FR,2025-03-23,53.57
FR,2025-03-24,64.86
FR,2025-03-25,70.92
FR,2025-03-26,54.9
FR,2025-03-27,59.35
FR,2025-03-28,68.61
FR,2025-03-29,56.16
FR,2025-03-30,61.13
FR,2025-03-31,57.74
FR,2025-04-01,71.09
FR,2025-04-02,77.59
FR,2025-04-03,73.07
FR,2025-04-04,70.64
FR,2025-04-05,58.75
FR,2025-04-06,53.82
FR,2025-04-07,70.2
FR,2025-04-08,82.03
FR,2025-04-09,70.68
FR,2025-04-10,64.45
FR,2025-04-11,68.32
FR,2025-04-12,63.59
FR,2025-04-13,59.68
FR,2025-04-14,78.26
FR,2025-04-15,79.08
FR,2025-04-16,82.84
FR,2025-04-17,88.18
FR,2025-04-18,84.82
FR,2025-04-19,57.52
FR,2025-04-20,58.1
FR,2025-04-21,76.41
FR,2025-04-22,73.36
FR,2025-04-23,67.36
FR,2025-04-24,74.3
FR,2025-04-25,74.42
FR,2025-04-26,62.01
FR,2025-04-27,65.26
FR,2025-04-28,91.59
FR,2025-04-29,82.61
FR,2025-04-30,105.19
FR,2025-05-01,83.23
FR,2025-05-02,79.14
FR,2025-05-03,70.1
FR,2025-05-04,72.6
FR,2025-05-05,87.64
FR,2025-05-06,104.58
FR,2025-05-07,75.61
FR,2025-05-08,93.29
FR,2025-05-09,87.11
FR,2025-05-10,58.91
FR,2025-05-11,79.69
FR,2025-05-12,99.34
FR,2025-05-13,77.72
FR,2025-05-14,86.94
FR,2025-05-15,69.33
FR,2025-05-16,74.56
FR,2025-05-17,84.42
FR,2025-05-18,71.1
FR,2025-05-19,77.15
FR,2025-05-20,91.84
FR,2025-05-21,84.12
FR,2025-05-22,85.03
FR,2025-05-23,98.52
FR,2025-05-24,66.46
FR,2025-05-25,69.1
FR,2025-05-26,93.25
FR,2025-05-27,102.6
FR,2025-05-28,105.96
FR,2025-05-29,85.2
FR,2025-05-30,103.37
FR,2025-05-31,71.8
FR,2025-06-01,96.97
FR,2025-06-02,81.11
FR,2025-06-03,109.22
FR,2025-06-04,87.06
FR,2025-06-05,117.71
FR,2025-06-06,101.84
FR,2025-06-07,71.19
FR,2025-06-08,76.22
FR,2025-06-09,104.93
FR,2025-06-10,108.36
FR,2025-06-11,95.65
FR,2025-06-12,97.25
FR,2025-06-13,105.81
FR,2025-06-14,83.95
FR,2025-06-15,69.98
FR,2025-06-16,88.16
FR,2025-06-17,100.68
FR,2025-06-18,112.44
FR,2025-06-19,117.41
FR,2025-06-20,107.76
FR,2025-06-21,86.82
FR,2025-06-22,91.65
FR,2025-06-23,91.18
FR,2025-06-24,97.46
FR,2025-06-25,89.62
FR,2025-06-26,84.69
FR,2025-06-27,103.76
FR,2025-06-28,86.82
FR,2025-06-29,92.06
FR,2025-06-30,106.75
FR,2025-07-01,103.23
FR,2025-07-02,107.13
FR,2025-07-03,100.02
FR,2025-07-04,105.62
FR,2025-07-05,78.16
FR,2025-07-06,89.49
FR,2025-07-07,108.98
FR,2025-07-08,92.85
FR,2025-07-09,101.65
FR,2025-07-10,93.52
FR,2025-07-11,94.74
FR,2025-07-12,74.38
FR,2025-07-13,99.08
FR,2025-07-14,114.17
FR,2025-07-15,107.77
FR,2025-07-16,125.21
FR,2025-07-17,98.95
FR,2025-07-18,138.08
FR,2025-07-19,83.69
FR,2025-07-20,88.66
FR,2025-07-21,96.35
FR,2025-07-22,105.66
FR,2025-07-23,111.23
FR,2025-07-24,99.66
FR,2025-07-25,122.51
FR,2025-07-26,88.23
FR,2025-07-27,88.49
FR,2025-07-28,89.76
FR,2025-07-29,105.71
FR,2025-07-30,98.94
FR,2025-07-31,93.12
FR,2025-08-01,90.99
FR,2025-08-02,112.49
FR,2025-08-03,82.38
FR,2025-08-04,82.47
FR,2025-08-05,91.44
FR,2025-08-06,99.04
FR,2025-08-07,106.02
FR,2025-08-08,105.94
FR,2025-08-09,91.13
FR,2025-08-10,77.62
FR,2025-08-11,102.82
FR,2025-08-12,88.23
FR,2025-08-13,91.08
FR,2025-08-14,87.37
FR,2025-08-15,84.0
FR,2025-08-16,93.7
FR,2025-08-17,89.74
FR,2025-08-18,108.68
FR,2025-08-19,97.5
FR,2025-08-20,105.82
FR,2025-08-21,76.13
FR,2025-08-22,106.25
FR,2025-08-23,83.34
FR,2025-08-24,87.5
FR,2025-08-25,99.81
FR,2025-08-26,83.9
FR,2025-08-27,77.82
FR,2025-08-28,86.5
FR,2025-08-29,100.67
FR,2025-08-30,86.49
FR,2025-08-31,66.54
FR,2025-09-01,82.34
FR,2025-09-02,84.93
FR,2025-09-03,88.7
FR,2025-09-04,77.24
FR,2025-09-05,76.3
FR,2025-09-06,70.22
FR,2025-09-07,78.41
FR,2025-09-08,78.06
FR,2025-09-09,89.32
FR,2025-09-10,101.67
FR,2025-09-11,75.81
FR,2025-09-12,87.25
FR,2025-09-13,85.04
FR,2025-09-14,71.62
FR,2025-09-15,82.24
FR,2025-09-16,100.21
FR,2025-09-17,84.32
FR,2025-09-18,98.68
FR,2025-09-19,91.2
FR,2025-09-20,70.36
FR,2025-09-21,77.23
FR,2025-09-22,88.79
FR,2025-09-23,95.52
FR,2025-09-24,79.1
FR,2025-09-25,84.67
FR,2025-09-26,83.21
FR,2025-09-27,76.88
FR,2025-09-28,61.85
FR,2025-09-29,92.61
FR,2025-09-30,86.7
FR,2025-10-01,68.76
FR,2025-10-02,93.01
FR,2025-10-03,102.45
FR,2025-10-04,76.51
FR,2025-10-05,79.55
FR,2025-10-06,80.28
FR,2025-10-07,63.26
FR,2025-10-08,61.19
FR,2025-10-09,80.52
FR,2025-10-10,72.16
FR,2025-10-11,58.44
FR,2025-10-12,64.77
FR,2025-10-13,81.96
FR,2025-10-14,62.65
FR,2025-10-15,71.36
FR,2025-10-16,88.56
FR,2025-10-17,64.9
FR,2025-10-18,69.53
FR,2025-10-19,58.94
FR,2025-10-20,77.96
FR,2025-10-21,82.29
FR,2025-10-22,78.7
FR,2025-10-23,79.65
FR,2025-10-24,61.51
FR,2025-10-25,68.34
FR,2025-10-26,53.78
FR,2025-10-27,72.22
FR,2025-10-28,71.75
FR,2025-10-29,73.18
FR,2025-10-30,71.49
FR,2025-10-31,61.36
FR,2025-11-01,48.32
FR,2025-11-02,63.29
FR,2025-11-03,68.47
FR,2025-11-04,75.72
FR,2025-11-05,65.76
FR,2025-11-06,54.62
FR,2025-11-07,72.84
FR,2025-11-08,52.68
FR,2025-11-09,57.02
FR,2025-11-10,59.06
FR,2025-11-11,76.17
FR,2025-11-12,56.57
FR,2025-11-13,60.27
FR,2025-11-14,63.22
FR,2025-11-15,45.81
FR,2025-11-16,54.46
FR,2025-11-17,73.09
FR,2025-11-18,57.28
FR,2025-11-19,63.35
FR,2025-11-20,40.28
FR,2025-11-21,59.46
FR,2025-11-22,48.57
FR,2025-11-23,45.24
FR,2025-11-24,66.27
FR,2025-11-25,56.02
FR,2025-11-26,56.73
FR,2025-11-27,55.01
FR,2025-11-28,44.11
FR,2025-11-29,41.84
FR,2025-11-30,53.69
FR,2025-12-01,42.05
FR,2025-12-02,50.85
FR,2025-12-03,53.02
FR,2025-12-04,66.97
FR,2025-12-05,60.17
FR,2025-12-06,43.46
FR,2025-12-07,53.59
FR,2025-12-08,49.41
FR,2025-12-09,60.49
FR,2025-12-10,44.94
FR,2025-12-11,60.31
FR,2025-12-12,50.58
FR,2025-12-13,39.44
FR,2025-12-14,43.62
FR,2025-12-15,54.2
FR,2025-12-16,49.12
FR,2025-12-17,55.46
FR,2025-12-18,48.17
FR,2025-12-19,55.42
FR,2025-12-20,45.99
FR,2025-12-21,43.19
FR,2025-12-22,48.3
FR,2025-12-23,51.75
FR,2025-12-24,53.99
FR,2025-12-25,62.98
FR,2025-12-26,56.0
FR,2025-12-27,47.64
FR,2025-12-28,58.29
FR,2025-12-29,52.99
FR,2025-12-30,52.66
FR,2025-12-31,53.84
NL,2024-01-01,51.06
NL,2024-01-02,54.88
NL,2024-01-03,54.34
NL,2024-01-04,62.24
NL,2024-01-05,56.45
NL,2024-01-06,49.74
NL,2024-01-07,55.24
NL,2024-01-08,63.37
NL,2024-01-09,56.25
NL,2024-01-10,52.71
NL,2024-01-11,65.08
NL,2024-01-12,62.56
NL,2024-01-13,39.26
NL,2024-01-14,46.8
NL,2024-01-15,122.51
NL,2024-01-16,131.36
NL,2024-01-17,133.28
NL,2024-01-18,124.3
NL,2024-01-19,128.72
NL,2024-01-20,103.09
NL,2024-01-21,94.11
NL,2024-01-22,116.81
NL,2024-01-23,57.62
NL,2024-01-24,57.33
NL,2024-01-25,44.61
NL,2024-01-26,55.0
NL,2024-01-27,49.51
NL,2024-01-28,47.61
NL,2024-01-29,56.37
NL,2024-01-30,61.63
NL,2024-01-31,50.8
NL,2024-02-01,47.08
NL,2024-02-02,56.21
NL,2024-02-03,54.59
NL,2024-02-04,60.31
NL,2024-02-05,64.74
NL,2024-02-06,48.92
NL,2024-02-07,57.92
NL,2024-02-08,61.63
NL,2024-02-09,61.28
NL,2024-02-10,54.51
NL,2024-02-11,45.74
NL,2024-02-12,61.18
NL,2024-02-13,64.03
NL,2024-02-14,67.28
NL,2024-02-15,55.53
NL,2024-02-16,59.19
NL,2024-02-17,35.62
NL,2024-02-18,49.02
NL,2024-02-19,58.68
NL,2024-02-20,55.22
NL,2024-02-21,64.49
NL,2024-02-22,63.12
NL,2024-02-23,46.56
NL,2024-02-24,55.99
NL,2024-02-25,48.75
NL,2024-02-26,68.68
NL,2024-02-27,55.21
NL,2024-02-28,65.85
NL,2024-02-29,63.73
NL,2024-03-01,68.76
NL,2024-03-02,57.57
NL,2024-03-03,55.3
NL,2024-03-04,55.06
NL,2024-03-05,55.87
NL,2024-03-06,63.53
NL,2024-03-07,68.65
NL,2024-03-08,64.09
NL,2024-03-09,63.56
NL,2024-03-10,57.5
NL,2024-03-11,62.27
NL,2024-03-12,68.49
NL,2024-03-13,73.23
NL,2024-03-14,74.54
NL,2024-03-15,88.47
NL,2024-03-16,56.8
NL,2024-03-17,61.6
NL,2024-03-18,77.35
NL,2024-03-19,73.85
NL,2024-03-20,70.05
NL,2024-03-21,61.06
NL,2024-03-22,70.86
NL,2024-03-23,56.26
NL,2024-03-24,51.53
NL,2024-03-25,69.61
NL,2024-03-26,67.72
NL,2024-03-27,83.42
NL,2024-03-28,84.12
NL,2024-03-29,70.4
NL,2024-03-30,65.44
NL,2024-03-31,52.82
NL,2024-04-01,75.72
NL,2024-04-02,84.89
NL,2024-04-03,89.6
NL,2024-04-04,75.02
NL,2024-04-05,92.99
NL,2024-04-06,57.78
NL,2024-04-07,60.43
NL,2024-04-08,91.3
NL,2024-04-09,101.64
NL,2024-04-10,90.23
NL,2024-04-11,85.3
NL,2024-04-12,63.53
NL,2024-04-13,55.86
NL,2024-04-14,75.36
NL,2024-04-15,84.06
NL,2024-04-16,76.64
NL,2024-04-17,89.59
NL,2024-04-18,90.66
NL,2024-04-19,100.15
NL,2024-04-20,78.17
NL,2024-04-21,88.76
NL,2024-04-22,91.62
NL,2024-04-23,90.79
NL,2024-04-24,104.41
NL,2024-04-25,82.18
NL,2024-04-26,125.25
NL,2024-04-27,83.63
NL,2024-04-28,84.15
NL,2024-04-29,101.18
NL,2024-04-30,117.26
NL,2024-05-01,105.36
NL,2024-05-02,78.09
NL,2024-05-03,113.6
NL,2024-05-04,79.67
NL,2024-05-05,84.57
NL,2024-05-06,83.57
NL,2024-05-07,105.49
NL,2024-05-08,91.92
NL,2024-05-09,101.41
NL,2024-05-10,97.26
NL,2024-05-11,105.86
NL,2024-05-12,106.95
NL,2024-05-13,102.69
NL,2024-05-14,103.38
NL,2024-05-15,98.44
NL,2024-05-16,117.25
NL,2024-05-17,99.87
NL,2024-05-18,84.27
NL,2024-05-19,99.6
NL,2024-05-20,98.5
NL,2024-05-21,105.26
NL,2024-05-22,86.03
NL,2024-05-23,115.61
NL,2024-05-24,131.94
NL,2024-05-25,99.22
NL,2024-05-26,107.74
NL,2024-05-27,97.25
NL,2024-05-28,111.72
NL,2024-05-29,96.69
NL,2024-05-30,106.42
NL,2024-05-31,119.96
NL,2024-06-01,94.78
NL,2024-06-02,78.02
NL,2024-06-03,93.39
NL,2024-06-04,92.8
NL,2024-06-05,118.16
NL,2024-06-06,139.64
NL,2024-06-07,130.6
NL,2024-06-08,73.91
NL,2024-06-09,112.32
NL,2024-06-10,125.91
NL,2024-06-11,92.45
NL,2024-06-12,109.65
NL,2024-06-13,129.07
NL,2024-06-14,121.91
NL,2024-06-15,82.12
NL,2024-06-16,104.81
NL,2024-06-17,85.61
NL,2024-06-18,112.3
NL,2024-06-19,131.41
NL,2024-06-20,116.11
NL,2024-06-21,109.13
NL,2024-06-22,109.4
NL,2024-06-23,110.6
NL,2024-06-24,135.04
NL,2024-06-25,129.15
NL,2024-06-26,132.25
NL,2024-06-27,127.54
NL,2024-06-28,121.14
NL,2024-06-29,100.99
NL,2024-06-30,97.19
NL,2024-07-01,100.69
NL,2024-07-02,104.44
NL,2024-07-03,114.08
NL,2024-07-04,121.61
NL,2024-07-05,138.74
NL,2024-07-06,100.12
NL,2024-07-07,112.82
NL,2024-07-08,133.89
NL,2024-07-09,115.31
NL,2024-07-10,127.12
NL,2024-07-11,115.23
NL,2024-07-12,137.58
NL,2024-07-13,108.66
NL,2024-07-14,86.55
NL,2024-07-15,121.1
NL,2024-07-16,142.29
NL,2024-07-17,116.21
NL,2024-07-18,125.16
NL,2024-07-19,126.53
NL,2024-07-20,88.35
NL,2024-07-21,107.05
NL,2024-07-22,98.78
NL,2024-07-23,109.65
NL,2024-07-24,133.78
NL,2024-07-25,123.47
NL,2024-07-26,113.99
NL,2024-07-27,105.86
NL,2024-07-28,99.67
NL,2024-07-29,118.17
NL,2024-07-30,127.15
NL,2024-07-31,107.45
NL,2024-08-01,118.16
NL,2024-08-02,113.03
NL,2024-08-03,80.72
NL,2024-08-04,88.54
NL,2024-08-05,138.93
NL,2024-08-06,122.13
NL,2024-08-07,98.04
NL,2024-08-08,94.84
NL,2024-08-09,114.57
NL,2024-08-10,116.98
NL,2024-08-11,96.13
NL,2024-08-12,133.55
NL,2024-08-13,120.07
NL,2024-08-14,121.45
NL,2024-08-15,96.31
NL,2024-08-16,127.29
NL,2024-08-17,93.12
NL,2024-08-18,106.81
NL,2024-08-19,102.47
NL,2024-08-20,115.68
NL,2024-08-21,117.74
NL,2024-08-22,110.57
NL,2024-08-23,117.78
NL,2024-08-24,92.16
NL,2024-08-25,87.52
NL,2024-08-26,132.77
NL,2024-08-27,124.94
NL,2024-08-28,100.52
NL,2024-08-29,117.77
NL,2024-08-30,100.09
NL,2024-08-31,79.85
NL,2024-09-01,104.26
NL,2024-09-02,86.5
NL,2024-09-03,120.39
NL,2024-09-04,104.67
NL,2024-09-05,104.8
NL,2024-09-06,112.39
NL,2024-09-07,97.02
NL,2024-09-08,81.38
NL,2024-09-09,114.97
NL,2024-09-10,106.85
NL,2024-09-11,89.15
NL,2024-09-12,102.4
NL,2024-09-13,121.34
NL,2024-09-14,105.81
NL,2024-09-15,95.24
NL,2024-09-16,88.04
NL,2024-09-17,108.26
NL,2024-09-18,112.16
NL,2024-09-19,110.11
NL,2024-09-20,110.31
NL,2024-09-21,89.0
NL,2024-09-22,84.13
NL,2024-09-23,92.1
NL,2024-09-24,76.34
NL,2024-09-25,102.37
NL,2024-09-26,100.04
NL,2024-09-27,103.87
NL,2024-09-28,69.11
NL,2024-09-29,88.23
NL,2024-09-30,119.45
NL,2024-10-01,96.21
NL,2024-10-02,94.1
NL,2024-10-03,97.78
NL,2024-10-04,116.63
NL,2024-10-05,69.52
NL,2024-10-06,80.73
NL,2024-10-07,83.35
NL,2024-10-08,85.65
NL,2024-10-09,90.6
NL,2024-10-10,105.26
NL,2024-10-11,109.55
NL,2024-10-12,80.22
NL,2024-10-13,72.25
NL,2024-10-14,114.97
NL,2024-10-15,83.45
NL,2024-10-16,81.44
NL,2024-10-17,68.4
NL,2024-10-18,100.85
NL,2024-10-19,81.45
NL,2024-10-20,93.56
NL,2024-10-21,70.65
NL,2024-10-22,99.01
NL,2024-10-23,84.45
NL,2024-10-24,91.27
NL,2024-10-25,66.34
NL,2024-10-26,82.15
NL,2024-10-27,75.96
NL,2024-10-28,80.76
NL,2024-10-29,86.86
NL,2024-10-30,72.75
NL,2024-10-31,74.06
NL,2024-11-01,74.69
NL,2024-11-02,51.95
NL,2024-11-03,73.23
NL,2024-11-04,88.67
NL,2024-11-05,70.6
NL,2024-11-06,79.79
NL,2024-11-07,73.67
NL,2024-11-08,78.59
NL,2024-11-09,59.05
NL,2024-11-10,56.73
NL,2024-11-11,83.54
NL,2024-11-12,73.14
NL,2024-11-13,91.01
NL,2024-11-14,73.18
NL,2024-11-15,64.28
NL,2024-11-16,70.07
NL,2024-11-17,65.29
NL,2024-11-18,77.16
NL,2024-11-19,80.61
NL,2024-11-20,64.6
NL,2024-11-21,68.6
NL,2024-11-22,67.82
NL,2024-11-23,49.44
NL,2024-11-24,56.31
NL,2024-11-25,78.91
NL,2024-11-26,69.53
NL,2024-11-27,56.36
NL,2024-11-28,54.35
NL,2024-11-29,79.72
NL,2024-11-30,55.55
NL,2024-12-01,51.51
NL,2024-12-02,63.19
NL,2024-12-03,53.46
NL,2024-12-04,75.67
NL,2024-12-05,61.26
NL,2024-12-06,74.45
NL,2024-12-07,54.42
NL,2024-12-08,63.04
NL,2024-12-09,64.94
NL,2024-12-10,69.11
NL,2024-12-11,67.78
NL,2024-12-12,66.75
NL,2024-12-13,64.4
NL,2024-12-14,50.85
NL,2024-12-15,64.06
NL,2024-12-16,54.38
NL,2024-12-17,60.8
NL,2024-12-18,60.63
NL,2024-12-19,63.2
NL,2024-12-20,56.96
NL,2024-12-21,52.79
NL,2024-12-22,49.66
NL,2024-12-23,48.15
NL,2024-12-24,59.3
NL,2024-12-25,51.25
NL,2024-12-26,46.62
NL,2024-12-27,59.67
NL,2024-12-28,52.68
NL,2024-12-29,52.77
NL,2024-12-30,62.22
NL,2024-12-31,44.64
NL,2025-01-01,48.6
NL,2025-01-02,71.69
NL,2025-01-03,50.58
NL,2025-01-04,52.69
NL,2025-01-05,44.97
NL,2025-01-06,58.12
NL,2025-01-07,53.12
NL,2025-01-08,61.29
NL,2025-01-09,58.31
NL,2025-01-10,54.23
NL,2025-01-11,42.55
NL,2025-01-12,50.22
NL,2025-01-13,48.89
NL,2025-01-14,60.14
NL,2025-01-15,75.23
NL,2025-01-16,66.47
NL,2025-01-17,62.15
NL,2025-01-18,48.16
NL,2025-01-19,37.36
NL,2025-01-20,48.22
NL,2025-01-21,66.19
NL,2025-01-22,51.98
NL,2025-01-23,52.67
NL,2025-01-24,56.42
NL,2025-01-25,42.76
NL,2025-01-26,41.86
NL,2025-01-27,57.5
NL,2025-01-28,51.77
NL,2025-01-29,52.92
NL,2025-01-30,52.76
NL,2025-01-31,62.02
NL,2025-02-01,87.02
NL,2025-02-02,87.83
NL,2025-02-03,113.48
NL,2025-02-04,104.4
NL,2025-02-05,102.98
NL,2025-02-06,112.92
NL,2025-02-07,115.84
NL,2025-02-08,89.86
NL,2025-02-09,92.7
NL,2025-02-10,98.24
NL,2025-02-11,97.59
NL,2025-02-12,119.35
NL,2025-02-13,115.57
NL,2025-02-14,116.2
NL,2025-02-15,54.02
NL,2025-02-16,52.78
NL,2025-02-17,67.21
NL,2025-02-18,69.31
NL,2025-02-19,69.46
NL,2025-02-20,62.16
NL,2025-02-21,73.76
NL,2025-02-22,55.5
NL,2025-02-23,58.41
NL,2025-02-24,66.38
NL,2025-02-25,66.46
NL,2025-02-26,59.17
NL,2025-02-27,70.74
NL,2025-02-28,88.01
NL,2025-03-01,53.56
NL,2025-03-02,56.88
NL,2025-03-03,63.16
NL,2025-03-04,63.19
NL,2025-03-05,80.02
NL,2025-03-06,62.42
NL,2025-03-07,64.43
NL,2025-03-08,47.29
NL,2025-03-09,53.43
NL,2025-03-10,55.3
NL,2025-03-11,75.29
NL,2025-03-12,94.08
NL,2025-03-13,67.74
NL,2025-03-14,57.04
NL,2025-03-15,67.57
NL,2025-03-16,56.02
NL,2025-03-17,83.99
NL,2025-03-18,70.64
NL,2025-03-19,68.01
NL,2025-03-20,72.47
NL,2025-03-21,81.31
NL,2025-03-22,62.02
NL,2025-03-23,60.34
NL,2025-03-24,74.16
NL,2025-03-25,64.8
NL,2025-03-26,80.63
NL,2025-03-27,60.85
NL,2025-03-28,73.8
NL,2025-03-29,72.77
NL,2025-03-30,69.56
NL,2025-03-31,85.1
NL,2025-04-01,79.36
NL,2025-04-02,91.79
NL,2025-04-03,90.0
NL,2025-04-04,85.89
NL,2025-04-05,77.5
NL,2025-04-06,76.5
NL,2025-04-07,78.71
NL,2025-04-08,70.13
NL,2025-04-09,88.38
NL,2025-04-10,90.21
NL,2025-04-11,96.34
NL,2025-04-12,64.67
NL,2025-04-13,65.34
NL,2025-04-14,91.56
NL,2025-04-15,86.56
NL,2025-04-16,67.96
NL,2025-04-17,92.34
NL,2025-04-18,69.13
NL,2025-04-19,67.39
NL,2025-04-20,88.86
NL,2025-04-21,110.29
NL,2025-04-22,77.73
NL,2025-04-23,87.92
NL,2025-04-24,92.53
NL,2025-04-25,112.38
NL,2025-04-26,74.46
NL,2025-04-27,75.03
NL,2025-04-28,111.65
NL,2025-04-29,90.41
NL,2025-04-30,103.43
NL,2025-05-01,78.74
NL,2025-05-02,94.23
NL,2025-05-03,65.84
NL,2025-05-04,72.18
NL,2025-05-05,107.57
NL,2025-05-06,97.64
NL,2025-05-07,94.95
NL,2025-05-08,90.31
NL,2025-05-09,97.08
NL,2025-05-10,88.25
NL,2025-05-11,95.68
NL,2025-05-12,69.3
NL,2025-05-13,91.5
NL,2025-05-14,104.07
NL,2025-05-15,101.37
NL,2025-05-16,108.04
NL,2025-05-17,90.81
NL,2025-05-18,85.14
NL,2025-05-19,97.82
NL,2025-05-20,101.78
NL,2025-05-21,119.82
NL,2025-05-22,96.45
NL,2025-05-23,105.37
NL,2025-05-24,92.6
NL,2025-05-25,108.0
NL,2025-05-26,103.56
NL,2025-05-27,120.25
NL,2025-05-28,124.24
NL,2025-05-29,107.81
NL,2025-05-30,106.27
NL,2025-05-31,89.33
NL,2025-06-01,90.46
NL,2025-06-02,121.45
NL,2025-06-03,113.59
NL,2025-06-04,114.02
NL,2025-06-05,96.22
NL,2025-06-06,98.63
NL,2025-06-07,119.6
NL,2025-06-08,93.37
NL,2025-06-09,102.1
NL,2025-06-10,132.27
NL,2025-06-11,117.02
NL,2025-06-12,121.37
NL,2025-06-13,111.9
NL,2025-06-14,93.26
NL,2025-06-15,95.22
NL,2025-06-16,95.6
NL,2025-06-17,113.67
NL,2025-06-18,119.23
NL,2025-06-19,141.01
NL,2025-06-20,116.82
NL,2025-06-21,70.89
NL,2025-06-22,97.55
NL,2025-06-23,154.52
NL,2025-06-24,128.61
NL,2025-06-25,105.34
NL,2025-06-26,125.17
NL,2025-06-27,106.64
NL,2025-06-28,83.46
NL,2025-06-29,95.61
NL,2025-06-30,118.84
NL,2025-07-01,91.25
NL,2025-07-02,101.58
NL,2025-07-03,118.1
NL,2025-07-04,112.29
NL,2025-07-05,105.22
NL,2025-07-06,85.89
NL,2025-07-07,128.52
NL,2025-07-08,101.63
NL,2025-07-09,141.9
NL,2025-07-10,94.18
NL,2025-07-11,103.1
NL,2025-07-12,105.95
NL,2025-07-13,121.09
NL,2025-07-14,123.26
NL,2025-07-15,126.81
NL,2025-07-16,119.05
NL,2025-07-17,104.17
NL,2025-07-18,111.8
NL,2025-07-19,86.28
NL,2025-07-20,85.45
NL,2025-07-21,124.44
NL,2025-07-22,102.67
NL,2025-07-23,123.16
NL,2025-07-24,100.03
NL,2025-07-25,122.69
NL,2025-07-26,94.74
NL,2025-07-27,117.54
NL,2025-07-28,122.8
NL,2025-07-29,135.62
NL,2025-07-30,107.29
NL,2025-07-31,118.66
NL,2025-08-01,103.87
NL,2025-08-02,94.99
NL,2025-08-03,96.68
NL,2025-08-04,107.06
NL,2025-08-05,100.02
NL,2025-08-06,97.09
NL,2025-08-07,83.96
NL,2025-08-08,101.77
NL,2025-08-09,106.34
NL,2025-08-10,79.78
NL,2025-08-11,96.88
NL,2025-08-12,140.55
NL,2025-08-13,106.63
NL,2025-08-14,119.64
NL,2025-08-15,123.81
NL,2025-08-16,105.24
NL,2025-08-17,79.49
NL,2025-08-18,110.98
NL,2025-08-19,91.75
NL,2025-08-20,146.91
NL,2025-08-21,91.59
NL,2025-08-22,98.76
NL,2025-08-23,83.8
NL,2025-08-24,78.33
NL,2025-08-25,130.18
NL,2025-08-26,144.13
NL,2025-08-27,104.97
NL,2025-08-28,93.39
NL,2025-08-29,80.92
NL,2025-08-30,90.97
NL,2025-08-31,89.86
NL,2025-09-01,100.95
NL,2025-09-02,112.02
NL,2025-09-03,113.89
NL,2025-09-04,112.54
NL,2025-09-05,103.85
NL,2025-09-06,79.32
NL,2025-09-07,98.33
NL,2025-09-08,106.86
NL,2025-09-09,117.61
NL,2025-09-10,115.89
NL,2025-09-11,87.43
NL,2025-09-12,86.91
NL,2025-09-13,80.8
NL,2025-09-14,77.26
NL,2025-09-15,113.02
NL,2025-09-16,107.52
NL,2025-09-17,116.25
NL,2025-09-18,107.1
NL,2025-09-19,104.32
NL,2025-09-20,98.49
NL,2025-09-21,90.52
NL,2025-09-22,101.15
NL,2025-09-23,117.58
NL,2025-09-24,100.72
NL,2025-09-25,95.24
NL,2025-09-26,88.47
NL,2025-09-27,90.2
NL,2025-09-28,95.03
NL,2025-09-29,96.26
NL,2025-09-30,111.46
NL,2025-10-01,73.17
NL,2025-10-02,94.68
NL,2025-10-03,94.34
NL,2025-10-04,73.15
NL,2025-10-05,102.5
NL,2025-10-06,92.5
NL,2025-10-07,88.18
NL,2025-10-08,92.48
NL,2025-10-09,69.64
NL,2025-10-10,82.83
NL,2025-10-11,86.11
NL,2025-10-12,70.79
NL,2025-10-13,80.65
NL,2025-10-14,103.02
NL,2025-10-15,102.73
NL,2025-10-16,93.42
NL,2025-10-17,82.66
NL,2025-10-18,71.75
NL,2025-10-19,66.34
NL,2025-10-20,75.6
NL,2025-10-21,74.63
NL,2025-10-22,78.5
NL,2025-10-23,73.8
NL,2025-10-24,68.03
NL,2025-10-25,72.6
NL,2025-10-26,72.27
NL,2025-10-27,98.95
NL,2025-10-28,75.11
NL,2025-10-29,84.02
NL,2025-10-30,83.65
NL,2025-10-31,77.67
NL,2025-11-01,73.7
NL,2025-11-02,73.48
NL,2025-11-03,81.67
NL,2025-11-04,75.68
NL,2025-11-05,74.25
NL,2025-11-06,64.43
NL,2025-11-07,69.18
NL,2025-11-08,59.86
NL,2025-11-09,55.6
NL,2025-11-10,79.09
NL,2025-11-11,85.37
NL,2025-11-12,66.09
NL,2025-11-13,76.21
NL,2025-11-14,64.15
NL,2025-11-15,59.59
NL,2025-11-16,56.38
NL,2025-11-17,77.05
NL,2025-11-18,65.59
NL,2025-11-19,79.58
NL,2025-11-20,68.45
NL,2025-11-21,64.63
NL,2025-11-22,50.31
NL,2025-11-23,60.65
NL,2025-11-24,76.22
NL,2025-11-25,70.66
NL,2025-11-26,86.28
NL,2025-11-27,79.21
NL,2025-11-28,64.73
NL,2025-11-29,54.63
NL,2025-11-30,59.66
NL,2025-12-01,59.43
NL,2025-12-02,74.9
NL,2025-12-03,68.17
NL,2025-12-04,66.98
NL,2025-12-05,69.96
NL,2025-12-06,65.95
NL,2025-12-07,55.48
NL,2025-12-08,62.77
NL,2025-12-09,74.77
NL,2025-12-10,70.31
NL,2025-12-11,60.28
NL,2025-12-12,62.43
NL,2025-12-13,54.02
NL,2025-12-14,54.83
NL,2025-12-15,51.53
NL,2025-12-16,49.93
NL,2025-12-17,54.52
NL,2025-12-18,53.73
NL,2025-12-19,55.85
NL,2025-12-20,55.15
NL,2025-12-21,50.02
NL,2025-12-22,61.25
NL,2025-12-23,50.87
NL,2025-12-24,56.14
NL,2025-12-25,63.41
NL,2025-12-26,63.27
NL,2025-12-27,45.69
NL,2025-12-28,50.87
NL,2025-12-29,73.99
NL,2025-12-30,58.27
NL,2025-12-31,53.41
NO,2024-01-01,25.85
NO,2024-01-02,26.64
NO,2024-01-03,25.82
NO,2024-01-04,26.15
NO,2024-01-05,21.67
NO,2024-01-06,19.67
NO,2024-01-07,21.81
NO,2024-01-08,25.58
NO,2024-01-09,24.3
NO,2024-01-10,25.5
NO,2024-01-11,26.22
NO,2024-01-12,28.8
NO,2024-01-13,21.84
NO,2024-01-14,23.16
NO,2024-01-15,51.05
NO,2024-01-16,58.35
NO,2024-01-17,57.08
NO,2024-01-18,60.32
NO,2024-01-19,59.35
NO,2024-01-20,49.79
NO,2024-01-21,45.99
NO,2024-01-22,56.42
NO,2024-01-23,29.47
NO,2024-01-24,24.12
NO,2024-01-25,24.23
NO,2024-01-26,26.82
NO,2024-01-27,23.47
NO,2024-01-28,20.18
NO,2024-01-29,26.17
NO,2024-01-30,26.16
NO,2024-01-31,19.48
NO,2024-02-01,25.89
NO,2024-02-02,26.16
NO,2024-02-03,22.29
NO,2024-02-04,26.67
NO,2024-02-05,22.98
NO,2024-02-06,24.32
NO,2024-02-07,18.59
NO,2024-02-08,25.61
NO,2024-02-09,25.98
NO,2024-02-10,21.85
NO,2024-02-11,26.47
NO,2024-02-12,30.44
NO,2024-02-13,27.97
NO,2024-02-14,26.59
NO,2024-02-15,31.39
NO,2024-02-16,28.0
NO,2024-02-17,21.61
NO,2024-02-18,19.12
NO,2024-02-19,26.95
NO,2024-02-20,31.19
NO,2024-02-21,36.59
NO,2024-02-22,29.1
NO,2024-02-23,26.37
NO,2024-02-24,21.28
NO,2024-02-25,26.59
NO,2024-02-26,23.25
NO,2024-02-27,31.62
NO,2024-02-28,32.75
NO,2024-02-29,31.56
NO,2024-03-01,29.36
NO,2024-03-02,27.53
NO,2024-03-03,26.46
NO,2024-03-04,27.82
NO,2024-03-05,37.72
NO,2024-03-06,29.74
NO,2024-03-07,34.15
NO,2024-03-08,22.31
NO,2024-03-09,30.99
NO,2024-03-10,31.81
NO,2024-03-11,32.12
NO,2024-03-12,34.37
NO,2024-03-13,34.58
NO,2024-03-14,30.1
NO,2024-03-15,34.97
NO,2024-03-16,25.35
NO,2024-03-17,26.19
NO,2024-03-18,37.97
NO,2024-03-19,37.6
NO,2024-03-20,31.01
NO,2024-03-21,31.09
NO,2024-03-22,31.66
NO,2024-03-23,31.94
NO,2024-03-24,26.0
NO,2024-03-25,36.48
NO,2024-03-26,38.36
NO,2024-03-27,35.06
NO,2024-03-28,39.98
NO,2024-03-29,34.58
NO,2024-03-30,29.92
NO,2024-03-31,27.28
NO,2024-04-01,41.05
NO,2024-04-02,33.43
NO,2024-04-03,38.61
NO,2024-04-04,36.97
NO,2024-04-05,32.79
NO,2024-04-06,29.76
NO,2024-04-07,37.66
NO,2024-04-08,39.17
NO,2024-04-09,33.82
NO,2024-04-10,40.14
NO,2024-04-11,38.28
NO,2024-04-12,55.45
NO,2024-04-13,34.67
NO,2024-04-14,32.19
NO,2024-04-15,46.73
NO,2024-04-16,31.29
NO,2024-04-17,40.86
NO,2024-04-18,50.38
NO,2024-04-19,40.32
NO,2024-04-20,27.69
NO,2024-04-21,33.49
NO,2024-04-22,48.87
NO,2024-04-23,43.73
NO,2024-04-24,37.85
NO,2024-04-25,38.84
NO,2024-04-26,39.7
NO,2024-04-27,37.95
NO,2024-04-28,42.45
NO,2024-04-29,48.73
NO,2024-04-30,45.88
NO,2024-05-01,36.74
NO,2024-05-02,36.96
NO,2024-05-03,47.02
NO,2024-05-04,31.66
NO,2024-05-05,36.93
NO,2024-05-06,46.52
NO,2024-05-07,38.95
NO,2024-05-08,39.76
NO,2024-05-09,45.03
NO,2024-05-10,48.53
NO,2024-05-11,44.07
NO,2024-05-12,42.13
NO,2024-05-13,46.83
NO,2024-05-14,42.46
NO,2024-05-15,40.82
NO,2024-05-16,44.17
NO,2024-05-17,49.58
NO,2024-05-18,41.97
NO,2024-05-19,30.31
NO,2024-05-20,43.35
NO,2024-05-21,55.01
NO,2024-05-22,48.72
NO,2024-05-23,40.21
NO,2024-05-24,62.4
NO,2024-05-25,41.36
NO,2024-05-26,43.59
NO,2024-05-27,51.56
NO,2024-05-28,47.2
NO,2024-05-29,45.23
NO,2024-05-30,62.4
NO,2024-05-31,55.91
NO,2024-06-01,46.76
NO,2024-06-02,45.66
NO,2024-06-03,44.33
NO,2024-06-04,58.31
NO,2024-06-05,45.59
NO,2024-06-06,52.6
NO,2024-06-07,40.98
NO,2024-06-08,32.84
NO,2024-06-09,45.28
NO,2024-06-10,46.46
NO,2024-06-11,39.27
NO,2024-06-12,55.08
NO,2024-06-13,65.04
NO,2024-06-14,60.65
NO,2024-06-15,42.92
NO,2024-06-16,44.43
NO,2024-06-17,57.91
NO,2024-06-18,59.51
NO,2024-06-19,50.39
NO,2024-06-20,52.88
NO,2024-06-21,54.67
NO,2024-06-22,47.92
NO,2024-06-23,44.29
NO,2024-06-24,52.28
NO,2024-06-25,61.92
NO,2024-06-26,60.93
NO,2024-06-27,56.34
NO,2024-06-28,64.37
NO,2024-06-29,43.31
NO,2024-06-30,54.33
NO,2024-07-01,57.05
NO,2024-07-02,74.66
NO,2024-07-03,45.99
NO,2024-07-04,49.28
NO,2024-07-05,56.47
NO,2024-07-06,47.92
NO,2024-07-07,56.48
NO,2024-07-08,49.56
NO,2024-07-09,59.76
NO,2024-07-10,61.46
NO,2024-07-11,58.52
NO,2024-07-12,47.75
NO,2024-07-13,53.64
NO,2024-07-14,52.67
NO,2024-07-15,57.88
NO,2024-07-16,55.32
NO,2024-07-17,55.46
NO,2024-07-18,53.48
NO,2024-07-19,58.13
NO,2024-07-20,46.04
NO,2024-07-21,41.18
NO,2024-07-22,47.13
NO,2024-07-23,49.02
NO,2024-07-24,55.29
NO,2024-07-25,53.64
NO,2024-07-26,55.17
NO,2024-07-27,48.42
NO,2024-07-28,42.2
NO,2024-07-29,63.06
NO,2024-07-30,51.85
NO,2024-07-31,50.73
NO,2024-08-01,56.54
NO,2024-08-02,41.62
NO,2024-08-03,41.01
NO,2024-08-04,50.57
NO,2024-08-05,42.07
NO,2024-08-06,60.18
NO,2024-08-07,62.58
NO,2024-08-08,50.54
NO,2024-08-09,54.64
NO,2024-08-10,50.8
NO,2024-08-11,42.19
NO,2024-08-12,57.94
NO,2024-08-13,48.15
NO,2024-08-14,49.26
NO,2024-08-15,47.13
NO,2024-08-16,54.15
NO,2024-08-17,50.23
NO,2024-08-18,43.02
NO,2024-08-19,43.75
NO,2024-08-20,44.8
NO,2024-08-21,53.78
NO,2024-08-22,62.54
NO,2024-08-23,53.47
NO,2024-08-24,41.26
NO,2024-08-25,47.11
NO,2024-08-26,49.15
NO,2024-08-27,48.15
NO,2024-08-28,44.5
NO,2024-08-29,58.59
NO,2024-08-30,34.73
NO,2024-08-31,46.36
NO,2024-09-01,39.82
NO,2024-09-02,46.99
NO,2024-09-03,59.25
NO,2024-09-04,44.86
NO,2024-09-05,44.89
NO,2024-09-06,47.93
NO,2024-09-07,43.27
NO,2024-09-08,38.89
NO,2024-09-09,39.03
NO,2024-09-10,42.94
NO,2024-09-11,55.05
NO,2024-09-12,47.94
NO,2024-09-13,49.87
NO,2024-09-14,38.78
NO,2024-09-15,36.71
NO,2024-09-16,56.08
NO,2024-09-17,45.42
NO,2024-09-18,43.8
NO,2024-09-19,52.1
NO,2024-09-20,41.85
NO,2024-09-21,36.0
NO,2024-09-22,38.62
NO,2024-09-23,45.16
NO,2024-09-24,46.33
NO,2024-09-25,55.93
NO,2024-09-26,46.28
NO,2024-09-27,31.62
NO,2024-09-28,38.88
NO,2024-09-29,37.39
NO,2024-09-30,43.79
NO,2024-10-01,44.6
NO,2024-10-02,42.94
NO,2024-10-03,42.58
NO,2024-10-04,45.75
NO,2024-10-05,33.68
NO,2024-10-06,31.75
NO,2024-10-07,57.11
NO,2024-10-08,38.09
NO,2024-10-09,41.93
NO,2024-10-10,33.8
NO,2024-10-11,41.52
NO,2024-10-12,30.73
NO,2024-10-13,32.57
NO,2024-10-14,45.27
NO,2024-10-15,42.25
NO,2024-10-16,42.46
NO,2024-10-17,31.11
NO,2024-10-18,47.92
NO,2024-10-19,28.43
NO,2024-10-20,39.01
NO,2024-10-21,43.27
NO,2024-10-22,40.96
NO,2024-10-23,34.16
NO,2024-10-24,38.51
NO,2024-10-25,35.46
NO,2024-10-26,31.86
NO,2024-10-27,30.6
NO,2024-10-28,27.86
NO,2024-10-29,41.58
NO,2024-10-30,36.06
NO,2024-10-31,34.08
NO,2024-11-01,33.53
NO,2024-11-02,31.67
NO,2024-11-03,26.93
NO,2024-11-04,25.72
NO,2024-11-05,36.75
NO,2024-11-06,36.98
NO,2024-11-07,33.76
NO,2024-11-08,29.63
NO,2024-11-09,29.34
NO,2024-11-10,23.77
NO,2024-11-11,29.56
NO,2024-11-12,30.48
NO,2024-11-13,36.66
NO,2024-11-14,31.64
NO,2024-11-15,31.1
NO,2024-11-16,34.28
NO,2024-11-17,28.76
NO,2024-11-18,33.57
NO,2024-11-19,30.64
NO,2024-11-20,29.58
NO,2024-11-21,23.36
NO,2024-11-22,35.13
NO,2024-11-23,28.02
NO,2024-11-24,25.86
NO,2024-11-25,30.4
NO,2024-11-26,33.45
NO,2024-11-27,24.85
NO,2024-11-28,28.23
NO,2024-11-29,26.08
NO,2024-11-30,30.95
NO,2024-12-01,28.05
NO,2024-12-02,21.85
NO,2024-12-03,24.17
NO,2024-12-04,28.91
NO,2024-12-05,27.57
NO,2024-12-06,24.45
NO,2024-12-07,30.32
NO,2024-12-08,25.38
NO,2024-12-09,30.27
NO,2024-12-10,26.13
NO,2024-12-11,30.82
NO,2024-12-12,26.94
NO,2024-12-13,27.14
NO,2024-12-14,25.52
NO,2024-12-15,19.05
NO,2024-12-16,33.05
NO,2024-12-17,28.23
NO,2024-12-18,31.74
NO,2024-12-19,23.87
NO,2024-12-20,24.28
NO,2024-12-21,19.9
NO,2024-12-22,23.73
NO,2024-12-23,27.23
NO,2024-12-24,25.42
NO,2024-12-25,23.57
NO,2024-12-26,22.69
NO,2024-12-27,26.53
NO,2024-12-28,21.36
NO,2024-12-29,20.71
NO,2024-12-30,31.39
NO,2024-12-31,26.16
NO,2025-01-01,30.43
NO,2025-01-02,24.66
NO,2025-01-03,27.07
NO,2025-01-04,22.16
NO,2025-01-05,17.74
NO,2025-01-06,30.65
NO,2025-01-07,25.71
NO,2025-01-08,28.44
NO,2025-01-09,23.72
NO,2025-01-10,25.54
NO,2025-01-11,19.83
NO,2025-01-12,25.4
NO,2025-01-13,26.98
NO,2025-01-14,27.15
NO,2025-01-15,30.24
NO,2025-01-16,29.61
NO,2025-01-17,28.4
NO,2025-01-18,18.34
NO,2025-01-19,20.28
NO,2025-01-20,22.91
NO,2025-01-21,28.35
NO,2025-01-22,26.64
NO,2025-01-23,21.77
NO,2025-01-24,25.57
NO,2025-01-25,18.28
NO,2025-01-26,22.17
NO,2025-01-27,21.07
NO,2025-01-28,28.02
NO,2025-01-29,27.6
NO,2025-01-30,32.52
NO,2025-01-31,29.23
NO,2025-02-01,38.62
NO,2025-02-02,44.8
NO,2025-02-03,40.06
NO,2025-02-04,42.7
NO,2025-02-05,50.36
NO,2025-02-06,36.0
NO,2025-02-07,48.53
NO,2025-02-08,36.49
NO,2025-02-09,42.24
NO,2025-02-10,42.91
NO,2025-02-11,51.99
NO,2025-02-12,49.78
NO,2025-02-13,58.25
NO,2025-02-14,50.12
NO,2025-02-15,21.56
NO,2025-02-16,23.15
NO,2025-02-17,23.65
NO,2025-02-18,29.71
NO,2025-02-19,30.48
NO,2025-02-20,37.07
NO,2025-02-21,26.6
NO,2025-02-22,23.76
NO,2025-02-23,22.97
NO,2025-02-24,29.93
NO,2025-02-25,30.68
NO,2025-02-26,29.31
NO,2025-02-27,33.52
NO,2025-02-28,27.61
NO,2025-03-01,28.51
NO,2025-03-02,27.29
NO,2025-03-03,30.29
NO,2025-03-04,29.35
NO,2025-03-05,39.62
NO,2025-03-06,27.84
NO,2025-03-07,32.16
NO,2025-03-08,24.16
NO,2025-03-09,32.44
NO,2025-03-10,34.98
NO,2025-03-11,29.22
NO,2025-03-12,33.98
NO,2025-03-13,33.2
NO,2025-03-14,30.4
NO,2025-03-15,30.24
NO,2025-03-16,29.2
NO,2025-03-17,33.88
NO,2025-03-18,33.07
NO,2025-03-19,35.18
NO,2025-03-20,34.59
NO,2025-03-21,34.12
NO,2025-03-22,26.75
NO,2025-03-23,35.1
NO,2025-03-24,30.18
NO,2025-03-25,36.54
NO,2025-03-26,33.64
NO,2025-03-27,42.64
NO,2025-03-28,31.59
NO,2025-03-29,27.64
NO,2025-03-30,26.96
NO,2025-03-31,37.52
NO,2025-04-01,30.36
NO,2025-04-02,34.49
NO,2025-04-03,27.31
NO,2025-04-04,38.13
NO,2025-04-05,29.8
NO,2025-04-06,26.2
NO,2025-04-07,42.69
NO,2025-04-08,32.04
NO,2025-04-09,41.9
NO,2025-04-10,35.25
NO,2025-04-11,46.16
NO,2025-04-12,36.1
NO,2025-04-13,29.29
NO,2025-04-14,35.1
NO,2025-04-15,42.57
NO,2025-04-16,38.67
NO,2025-04-17,39.35
NO,2025-04-18,46.58
NO,2025-04-19,31.45
NO,2025-04-20,35.14
NO,2025-04-21,45.84
NO,2025-04-22,45.38
NO,2025-04-23,40.81
NO,2025-04-24,40.4
NO,2025-04-25,33.3
NO,2025-04-26,31.41
NO,2025-04-27,37.56
NO,2025-04-28,42.09
NO,2025-04-29,43.42
NO,2025-04-30,48.66
NO,2025-05-01,37.3
NO,2025-05-02,42.49
NO,2025-05-03,38.22
NO,2025-05-04,34.39
NO,2025-05-05,52.05
NO,2025-05-06,49.52
NO,2025-05-07,46.44
NO,2025-05-08,54.81
NO,2025-05-09,37.17
NO,2025-05-10,38.68
NO,2025-05-11,40.61
NO,2025-05-12,40.94
NO,2025-05-13,47.87
NO,2025-05-14,40.25
NO,2025-05-15,50.5
NO,2025-05-16,52.79
NO,2025-05-17,41.3
NO,2025-05-18,31.24
NO,2025-05-19,41.96
NO,2025-05-20,50.9
NO,2025-05-21,47.99
NO,2025-05-22,32.53
NO,2025-05-23,55.46
NO,2025-05-24,41.86
NO,2025-05-25,37.28
NO,2025-05-26,54.66
NO,2025-05-27,45.03
NO,2025-05-28,45.14
NO,2025-05-29,51.5
NO,2025-05-30,60.15
NO,2025-05-31,50.51
NO,2025-06-01,44.25
NO,2025-06-02,52.85
NO,2025-06-03,55.01
NO,2025-06-04,42.8
NO,2025-06-05,54.47
NO,2025-06-06,46.25
NO,2025-06-07,44.89
NO,2025-06-08,42.18
NO,2025-06-09,54.25
NO,2025-06-10,52.04
NO,2025-06-11,32.48
NO,2025-06-12,52.7
NO,2025-06-13,55.71
NO,2025-06-14,46.43
NO,2025-06-15,43.64
NO,2025-06-16,62.37
NO,2025-06-17,54.17
NO,2025-06-18,55.09
NO,2025-06-19,59.02
NO,2025-06-20,54.84
NO,2025-06-21,39.94
NO,2025-06-22,31.73
NO,2025-06-23,49.83
NO,2025-06-24,57.79
NO,2025-06-25,50.79
NO,2025-06-26,58.24
NO,2025-06-27,54.16
NO,2025-06-28,52.3
NO,2025-06-29,43.75
NO,2025-06-30,56.43
NO,2025-07-01,56.74
NO,2025-07-02,63.21
NO,2025-07-03,42.64
NO,2025-07-04,50.72
NO,2025-07-05,50.31
NO,2025-07-06,54.18
NO,2025-07-07,55.36
NO,2025-07-08,51.95
NO,2025-07-09,58.77
NO,2025-07-10,59.53
NO,2025-07-11,51.61
NO,2025-07-12,47.68
NO,2025-07-13,52.38
NO,2025-07-14,66.23
NO,2025-07-15,58.81
NO,2025-07-16,54.29
NO,2025-07-17,53.65
NO,2025-07-18,57.61
NO,2025-07-19,45.25
NO,2025-07-20,46.92
NO,2025-07-21,47.11
NO,2025-07-22,62.34
NO,2025-07-23,46.54
NO,2025-07-24,51.09
NO,2025-07-25,54.49
NO,2025-07-26,56.68
NO,2025-07-27,43.39
NO,2025-07-28,49.44
NO,2025-07-29,50.14
NO,2025-07-30,64.31
NO,2025-07-31,35.49
NO,2025-08-01,47.07
NO,2025-08-02,60.32
NO,2025-08-03,48.59
NO,2025-08-04,46.23
NO,2025-08-05,52.96
NO,2025-08-06,53.58
NO,2025-08-07,58.45
NO,2025-08-08,64.67
NO,2025-08-09,47.05
NO,2025-08-10,41.96
NO,2025-08-11,57.66
NO,2025-08-12,48.18
NO,2025-08-13,45.97
NO,2025-08-14,41.31
NO,2025-08-15,42.44
NO,2025-08-16,39.55
NO,2025-08-17,37.96
NO,2025-08-18,53.83
NO,2025-08-19,44.31
NO,2025-08-20,32.15
NO,2025-08-21,45.04
NO,2025-08-22,48.44
NO,2025-08-23,40.36
NO,2025-08-24,51.31
NO,2025-08-25,47.16
NO,2025-08-26,56.12
NO,2025-08-27,50.49
NO,2025-08-28,50.19
NO,2025-08-29,45.24
NO,2025-08-30,42.3
NO,2025-08-31,38.56
NO,2025-09-01,50.79
NO,2025-09-02,48.2
NO,2025-09-03,43.82
NO,2025-09-04,55.11
NO,2025-09-05,51.58
NO,2025-09-06,39.31
NO,2025-09-07,42.11
NO,2025-09-08,48.01
NO,2025-09-09,43.28
NO,2025-09-10,48.52
NO,2025-09-11,44.35
NO,2025-09-12,42.31
NO,2025-09-13,32.52
NO,2025-09-14,38.48
NO,2025-09-15,50.31
NO,2025-09-16,42.99
NO,2025-09-17,60.81
NO,2025-09-18,51.41
NO,2025-09-19,53.5
NO,2025-09-20,42.87
NO,2025-09-21,47.61
NO,2025-09-22,41.3
NO,2025-09-23,31.44
NO,2025-09-24,42.74
NO,2025-09-25,47.94
NO,2025-09-26,45.52
NO,2025-09-27,39.06
NO,2025-09-28,43.58
NO,2025-09-29,46.04
NO,2025-09-30,47.99
NO,2025-10-01,38.65
NO,2025-10-02,37.63
NO,2025-10-03,51.44
NO,2025-10-04,36.87
NO,2025-10-05,33.52
NO,2025-10-06,39.22
NO,2025-10-07,38.86
NO,2025-10-08,38.34
NO,2025-10-09,35.25
NO,2025-10-10,33.97
NO,2025-10-11,34.19
NO,2025-10-12,32.33
NO,2025-10-13,46.12
NO,2025-10-14,41.89
NO,2025-10-15,41.51
NO,2025-10-16,36.42
NO,2025-10-17,39.17
NO,2025-10-18,35.03
NO,2025-10-19,36.24
NO,2025-10-20,38.58
NO,2025-10-21,43.8
NO,2025-10-22,38.58
NO,2025-10-23,41.95
NO,2025-10-24,35.83
NO,2025-10-25,25.16
NO,2025-10-26,32.98
NO,2025-10-27,40.6
NO,2025-10-28,39.68
NO,2025-10-29,38.75
NO,2025-10-30,35.11
NO,2025-10-31,32.89
NO,2025-11-01,32.79
NO,2025-11-02,32.12
NO,2025-11-03,33.32
NO,2025-11-04,40.22
NO,2025-11-05,31.53
NO,2025-11-06,32.58
NO,2025-11-07,41.65
NO,2025-11-08,32.47
NO,2025-11-09,27.96
NO,2025-11-10,35.33
NO,2025-11-11,34.56
NO,2025-11-12,22.61
NO,2025-11-13,29.86
NO,2025-11-14,33.09
NO,2025-11-15,26.91
NO,2025-11-16,28.77
NO,2025-11-17,37.09
NO,2025-11-18,31.21
NO,2025-11-19,28.16
NO,2025-11-20,33.31
NO,2025-11-21,30.61
NO,2025-11-22,26.41
NO,2025-11-23,25.82
NO,2025-11-24,39.7
NO,2025-11-25,22.74
NO,2025-11-26,29.47
NO,2025-11-27,30.72
NO,2025-11-28,27.69
NO,2025-11-29,28.61
NO,2025-11-30,28.18
NO,2025-12-01,29.86
NO,2025-12-02,28.89
NO,2025-12-03,29.3
NO,2025-12-04,29.17
NO,2025-12-05,29.1
NO,2025-12-06,24.28
NO,2025-12-07,25.46
NO,2025-12-08,31.54
NO,2025-12-09,24.53
NO,2025-12-10,25.02
NO,2025-12-11,22.52
NO,2025-12-12,31.31
NO,2025-12-13,24.71
NO,2025-12-14,25.33
NO,2025-12-15,23.18
NO,2025-12-16,33.82
NO,2025-12-17,25.71
NO,2025-12-18,28.18
NO,2025-12-19,30.33
NO,2025-12-20,20.53
NO,2025-12-21,21.68
NO,2025-12-22,27.79
NO,2025-12-23,36.4
NO,2025-12-24,27.99
NO,2025-12-25,32.12
NO,2025-12-26,30.72
NO,2025-12-27,23.75
NO,2025-12-28,19.99
NO,2025-12-29,30.0
NO,2025-12-30,21.77
NO,2025-12-31,31.57
PL,2024-01-01,52.72
PL,2024-01-02,35.04
PL,2024-01-03,49.18
PL,2024-01-04,55.2
PL,2024-01-05,49.65
PL,2024-01-06,47.09
PL,2024-01-07,38.9
PL,2024-01-08,42.92
PL,2024-01-09,50.41
PL,2024-01-10,50.99
PL,2024-01-11,48.64
PL,2024-01-12,58.21
PL,2024-01-13,38.71
PL,2024-01-14,44.72
PL,2024-01-15,107.34
PL,2024-01-16,86.59
PL,2024-01-17,89.65
PL,2024-01-18,106.7
PL,2024-01-19,131.95
PL,2024-01-20,96.98
PL,2024-01-21,71.96
PL,2024-01-22,66.99
PL,2024-01-23,55.44
PL,2024-01-24,50.44
PL,2024-01-25,58.1
PL,2024-01-26,45.78
PL,2024-01-27,45.42
PL,2024-01-28,48.11
PL,2024-01-29,48.72
PL,2024-01-30,48.97
PL,2024-01-31,51.88
PL,2024-02-01,55.24
PL,2024-02-02,51.91
PL,2024-02-03,49.5
PL,2024-02-04,41.99
PL,2024-02-05,44.1
PL,2024-02-06,65.12
PL,2024-02-07,48.98
PL,2024-02-08,49.38
PL,2024-02-09,52.77
PL,2024-02-10,45.74
PL,2024-02-11,43.44
PL,2024-02-12,53.69
PL,2024-02-13,53.77
PL,2024-02-14,55.39
PL,2024-02-15,39.08
PL,2024-02-16,67.09
PL,2024-02-17,45.91
PL,2024-02-18,50.22
PL,2024-02-19,46.32
PL,2024-02-20,52.62
PL,2024-02-21,51.52
PL,2024-02-22,66.26
PL,2024-02-23,52.64
PL,2024-02-24,52.78
PL,2024-02-25,44.84
PL,2024-02-26,54.4
PL,2024-02-27,56.13
PL,2024-02-28,67.11
PL,2024-02-29,45.22
PL,2024-03-01,49.53
PL,2024-03-02,38.53
PL,2024-03-03,43.97
PL,2024-03-04,54.01
PL,2024-03-05,48.53
PL,2024-03-06,55.22
PL,2024-03-07,46.19
PL,2024-03-08,53.8
PL,2024-03-09,59.96
PL,2024-03-10,55.28
PL,2024-03-11,63.82
PL,2024-03-12,55.25
PL,2024-03-13,51.55
PL,2024-03-14,54.9
PL,2024-03-15,63.66
PL,2024-03-16,60.44
PL,2024-03-17,61.05
PL,2024-03-18,70.16
PL,2024-03-19,59.83
PL,2024-03-20,66.26
PL,2024-03-21,63.92
PL,2024-03-22,65.3
PL,2024-03-23,71.23
PL,2024-03-24,45.43
PL,2024-03-25,66.29
PL,2024-03-26,78.64
PL,2024-03-27,56.94
PL,2024-03-28,64.17
PL,2024-03-29,65.55
PL,2024-03-30,58.27
PL,2024-03-31,48.72
PL,2024-04-01,76.44
PL,2024-04-02,77.54
PL,2024-04-03,76.67
PL,2024-04-04,65.13
PL,2024-04-05,73.94
PL,2024-04-06,55.84
PL,2024-04-07,60.48
PL,2024-04-08,93.85
PL,2024-04-09,75.9
PL,2024-04-10,64.75
PL,2024-04-11,77.62
PL,2024-04-12,64.04
PL,2024-04-13,55.97
PL,2024-04-14,57.56
PL,2024-04-15,73.7
PL,2024-04-16,87.13
PL,2024-04-17,84.26
PL,2024-04-18,84.24
PL,2024-04-19,69.22
PL,2024-04-20,63.74
PL,2024-04-21,70.8
PL,2024-04-22,75.02
PL,2024-04-23,78.87
PL,2024-04-24,86.41
PL,2024-04-25,79.07
PL,2024-04-26,85.24
PL,2024-04-27,84.49
PL,2024-04-28,69.85
PL,2024-04-29,96.31
PL,2024-04-30,90.52
PL,2024-05-01,70.26
PL,2024-05-02,74.39
PL,2024-05-03,77.56
PL,2024-05-04,66.08
PL,2024-05-05,73.21
PL,2024-05-06,93.97
PL,2024-05-07,101.2
PL,2024-05-08,91.65
PL,2024-05-09,84.07
PL,2024-05-10,66.95
PL,2024-05-11,76.87
PL,2024-05-12,76.82
PL,2024-05-13,92.5
PL,2024-05-14,113.92
PL,2024-05-15,104.94
PL,2024-05-16,100.4
PL,2024-05-17,81.52
PL,2024-05-18,73.83
PL,2024-05-19,78.11
PL,2024-05-20,84.66
PL,2024-05-21,99.36
PL,2024-05-22,98.14
PL,2024-05-23,82.15
PL,2024-05-24,108.48
PL,2024-05-25,81.93
PL,2024-05-26,64.39
PL,2024-05-27,95.35
PL,2024-05-28,99.54
PL,2024-05-29,107.92
PL,2024-05-30,93.05
PL,2024-05-31,106.98
PL,2024-06-01,84.86
PL,2024-06-02,70.13
PL,2024-06-03,81.59
PL,2024-06-04,111.88
PL,2024-06-05,113.09
PL,2024-06-06,103.04
PL,2024-06-07,117.35
PL,2024-06-08,95.57
PL,2024-06-09,92.03
PL,2024-06-10,89.36
PL,2024-06-11,121.5
PL,2024-06-12,107.35
PL,2024-06-13,96.43
PL,2024-06-14,93.23
PL,2024-06-15,89.02
PL,2024-06-16,69.2
PL,2024-06-17,110.63
PL,2024-06-18,90.57
PL,2024-06-19,107.04
PL,2024-06-20,96.26
PL,2024-06-21,99.62
PL,2024-06-22,79.66
PL,2024-06-23,86.07
PL,2024-06-24,126.88
PL,2024-06-25,120.82
PL,2024-06-26,108.17
PL,2024-06-27,103.6
PL,2024-06-28,114.6
PL,2024-06-29,100.57
PL,2024-06-30,79.84
PL,2024-07-01,103.47
PL,2024-07-02,81.69
PL,2024-07-03,118.76
PL,2024-07-04,130.71
PL,2024-07-05,105.85
PL,2024-07-06,66.44
PL,2024-07-07,95.77
PL,2024-07-08,93.67
PL,2024-07-09,96.75
PL,2024-07-10,113.08
PL,2024-07-11,108.43
PL,2024-07-12,99.08
PL,2024-07-13,82.51
PL,2024-07-14,90.85
PL,2024-07-15,100.12
PL,2024-07-16,91.28
PL,2024-07-17,101.09
PL,2024-07-18,109.57
PL,2024-07-19,103.0
PL,2024-07-20,74.27
PL,2024-07-21,100.02
PL,2024-07-22,70.58
PL,2024-07-23,99.45
PL,2024-07-24,97.2
PL,2024-07-25,106.81
PL,2024-07-26,111.93
PL,2024-07-27,101.1
PL,2024-07-28,81.37
PL,2024-07-29,111.94
PL,2024-07-30,106.92
PL,2024-07-31,82.92
PL,2024-08-01,127.99
PL,2024-08-02,86.12
PL,2024-08-03,92.8
PL,2024-08-04,92.36
PL,2024-08-05,107.07
PL,2024-08-06,97.33
PL,2024-08-07,113.56
PL,2024-08-08,83.81
PL,2024-08-09,102.12
PL,2024-08-10,81.42
PL,2024-08-11,80.07
PL,2024-08-12,107.59
PL,2024-08-13,115.31
PL,2024-08-14,97.69
PL,2024-08-15,111.18
PL,2024-08-16,102.02
PL,2024-08-17,76.79
PL,2024-08-18,83.13
PL,2024-08-19,97.05
PL,2024-08-20,92.01
PL,2024-08-21,105.28
PL,2024-08-22,102.66
PL,2024-08-23,80.56
PL,2024-08-24,67.66
PL,2024-08-25,88.42
PL,2024-08-26,89.02
PL,2024-08-27,101.93
PL,2024-08-28,107.23
PL,2024-08-29,82.82
PL,2024-08-30,80.9
PL,2024-08-31,99.08
PL,2024-09-01,85.68
PL,2024-09-02,91.53
PL,2024-09-03,85.27
PL,2024-09-04,89.81
PL,2024-09-05,81.7
PL,2024-09-06,105.01
PL,2024-09-07,72.9
PL,2024-09-08,90.58
PL,2024-09-09,89.31
PL,2024-09-10,81.74
PL,2024-09-11,88.29
PL,2024-09-12,63.48
PL,2024-09-13,90.92
PL,2024-09-14,76.48
PL,2024-09-15,85.42
PL,2024-09-16,70.43
PL,2024-09-17,103.26
PL,2024-09-18,99.09
PL,2024-09-19,103.27
PL,2024-09-20,88.79
PL,2024-09-21,84.78
PL,2024-09-22,61.94
PL,2024-09-23,95.59
PL,2024-09-24,79.51
PL,2024-09-25,69.9
PL,2024-09-26,75.04
PL,2024-09-27,86.35
PL,2024-09-28,65.75
PL,2024-09-29,75.86
PL,2024-09-30,66.51
PL,2024-10-01,62.92
PL,2024-10-02,97.86
PL,2024-10-03,92.63
PL,2024-10-04,72.64
PL,2024-10-05,70.22
PL,2024-10-06,78.4
PL,2024-10-07,85.83
PL,2024-10-08,82.7
PL,2024-10-09,91.4
PL,2024-10-10,73.27
PL,2024-10-11,80.15
PL,2024-10-12,67.33
PL,2024-10-13,64.88
PL,2024-10-14,74.77
PL,2024-10-15,78.65
PL,2024-10-16,77.82
PL,2024-10-17,67.34
PL,2024-10-18,83.93
PL,2024-10-19,57.1
PL,2024-10-20,62.6
PL,2024-10-21,72.49
PL,2024-10-22,77.9
PL,2024-10-23,55.35
PL,2024-10-24,81.65
PL,2024-10-25,67.34
PL,2024-10-26,70.97
PL,2024-10-27,57.99
PL,2024-10-28,71.5
PL,2024-10-29,87.87
PL,2024-10-30,68.64
PL,2024-10-31,81.04
PL,2024-11-01,70.43
PL,2024-11-02,62.16
PL,2024-11-03,59.32
PL,2024-11-04,75.76
PL,2024-11-05,62.7
PL,2024-11-06,59.87
PL,2024-11-07,62.28
PL,2024-11-08,67.82
PL,2024-11-09,55.1
PL,2024-11-10,61.03
PL,2024-11-11,76.04
PL,2024-11-12,57.68
PL,2024-11-13,59.2
PL,2024-11-14,53.39
PL,2024-11-15,79.71
PL,2024-11-16,56.12
PL,2024-11-17,56.9
PL,2024-11-18,52.79
PL,2024-11-19,62.51
PL,2024-11-20,65.93
PL,2024-11-21,59.88
PL,2024-11-22,69.3
PL,2024-11-23,66.24
PL,2024-11-24,45.69
PL,2024-11-25,52.89
PL,2024-11-26,53.61
PL,2024-11-27,71.06
PL,2024-11-28,66.64
PL,2024-11-29,57.94
PL,2024-11-30,50.0
PL,2024-12-01,44.65
PL,2024-12-02,64.1
PL,2024-12-03,54.97
PL,2024-12-04,55.5
PL,2024-12-05,61.15
PL,2024-12-06,55.41
PL,2024-12-07,46.59
PL,2024-12-08,47.76
PL,2024-12-09,61.17
PL,2024-12-10,66.55
PL,2024-12-11,59.19
PL,2024-12-12,60.35
PL,2024-12-13,53.48
PL,2024-12-14,42.43
PL,2024-12-15,49.79
PL,2024-12-16,55.19
PL,2024-12-17,44.67
PL,2024-12-18,51.53
PL,2024-12-19,52.9
PL,2024-12-20,49.97
PL,2024-12-21,53.1
PL,2024-12-22,47.51
PL,2024-12-23,61.36
PL,2024-12-24,54.16
PL,2024-12-25,52.85
PL,2024-12-26,46.32
PL,2024-12-27,52.11
PL,2024-12-28,44.18
PL,2024-12-29,36.78
PL,2024-12-30,48.29
PL,2024-12-31,49.52
PL,2025-01-01,54.04
PL,2025-01-02,54.22
PL,2025-01-03,47.7
PL,2025-01-04,45.96
PL,2025-01-05,42.49
PL,2025-01-06,33.46
PL,2025-01-07,47.99
PL,2025-01-08,57.49
PL,2025-01-09,40.58
PL,2025-01-10,51.49
PL,2025-01-11,51.36
PL,2025-01-12,39.19
PL,2025-01-13,50.73
PL,2025-01-14,42.77
PL,2025-01-15,60.6
PL,2025-01-16,50.2
PL,2025-01-17,51.0
PL,2025-01-18,50.13
PL,2025-01-19,46.58
PL,2025-01-20,45.46
PL,2025-01-21,46.9
PL,2025-01-22,53.92
PL,2025-01-23,47.14
PL,2025-01-24,38.06
PL,2025-01-25,43.16
PL,2025-01-26,35.78
PL,2025-01-27,61.23
PL,2025-01-28,52.47
PL,2025-01-29,45.9
PL,2025-01-30,47.28
PL,2025-01-31,40.0
PL,2025-02-01,68.88
PL,2025-02-02,89.26
PL,2025-02-03,119.0
PL,2025-02-04,102.35
PL,2025-02-05,93.39
PL,2025-02-06,89.83
PL,2025-02-07,84.15
PL,2025-02-08,101.12
PL,2025-02-09,79.53
PL,2025-02-10,120.49
PL,2025-02-11,112.6
PL,2025-02-12,76.62
PL,2025-02-13,89.48
PL,2025-02-14,89.82
PL,2025-02-15,45.87
PL,2025-02-16,46.19
PL,2025-02-17,74.75
PL,2025-02-18,48.1
PL,2025-02-19,57.03
PL,2025-02-20,59.9
PL,2025-02-21,56.04
PL,2025-02-22,48.51
PL,2025-02-23,42.09
PL,2025-02-24,57.64
PL,2025-02-25,60.72
PL,2025-02-26,59.78
PL,2025-02-27,61.79
PL,2025-02-28,68.01
PL,2025-03-01,55.3
PL,2025-03-02,50.42
PL,2025-03-03,50.83
PL,2025-03-04,55.21
PL,2025-03-05,58.26
PL,2025-03-06,62.01
PL,2025-03-07,57.07
PL,2025-03-08,45.96
PL,2025-03-09,44.66
PL,2025-03-10,49.44
PL,2025-03-11,60.29
PL,2025-03-12,51.41
PL,2025-03-13,55.26
PL,2025-03-14,60.21
PL,2025-03-15,45.39
PL,2025-03-16,56.88
PL,2025-03-17,70.12
PL,2025-03-18,60.54
PL,2025-03-19,61.8
PL,2025-03-20,69.87
PL,2025-03-21,60.4
PL,2025-03-22,51.2
PL,2025-03-23,65.04
PL,2025-03-24,74.49
PL,2025-03-25,72.67
PL,2025-03-26,75.79
PL,2025-03-27,52.36
PL,2025-03-28,80.32
PL,2025-03-29,61.89
PL,2025-03-30,66.71
PL,2025-03-31,73.71
PL,2025-04-01,71.31
PL,2025-04-02,68.99
PL,2025-04-03,74.97
PL,2025-04-04,69.56
PL,2025-04-05,68.25
PL,2025-04-06,50.36
PL,2025-04-07,68.86
PL,2025-04-08,92.29
PL,2025-04-09,68.97
PL,2025-04-10,72.89
PL,2025-04-11,67.51
PL,2025-04-12,67.18
PL,2025-04-13,59.24
PL,2025-04-14,75.2
PL,2025-04-15,85.27
PL,2025-04-16,71.33
PL,2025-04-17,85.73
PL,2025-04-18,86.57
PL,2025-04-19,75.9
PL,2025-04-20,68.91
PL,2025-04-21,111.39
PL,2025-04-22,90.87
PL,2025-04-23,84.3
PL,2025-04-24,73.02
PL,2025-04-25,81.11
PL,2025-04-26,82.16
PL,2025-04-27,85.01
PL,2025-04-28,98.26
PL,2025-04-29,91.82
PL,2025-04-30,71.66
PL,2025-05-01,89.78
PL,2025-05-02,72.57
PL,2025-05-03,59.86
PL,2025-05-04,75.35
PL,2025-05-05,92.06
PL,2025-05-06,96.51
PL,2025-05-07,92.73
PL,2025-05-08,93.56
PL,2025-05-09,77.94
PL,2025-05-10,74.55
PL,2025-05-11,62.14
PL,2025-05-12,68.12
PL,2025-05-13,98.11
PL,2025-05-14,82.34
PL,2025-05-15,100.45
PL,2025-05-16,103.49
PL,2025-05-17,72.19
PL,2025-05-18,83.88
PL,2025-05-19,85.21
PL,2025-05-20,72.36
PL,2025-05-21,94.72
PL,2025-05-22,88.43
PL,2025-05-23,89.14
PL,2025-05-24,99.35
PL,2025-05-25,65.87
PL,2025-05-26,99.6
PL,2025-05-27,84.17
PL,2025-05-28,106.4
PL,2025-05-29,99.74
PL,2025-05-30,101.04
PL,2025-05-31,73.09
PL,2025-06-01,75.12
PL,2025-06-02,108.51
PL,2025-06-03,118.78
PL,2025-06-04,103.95
PL,2025-06-05,87.98
PL,2025-06-06,102.92
PL,2025-06-07,108.88
PL,2025-06-08,85.61
PL,2025-06-09,117.28
PL,2025-06-10,91.17
PL,2025-06-11,99.83
PL,2025-06-12,108.08
PL,2025-06-13,105.67
PL,2025-06-14,78.04
PL,2025-06-15,77.79
PL,2025-06-16,113.65
PL,2025-06-17,116.39
PL,2025-06-18,120.58
PL,2025-06-19,124.41
PL,2025-06-20,104.14
PL,2025-06-21,84.03
PL,2025-06-22,101.63
PL,2025-06-23,111.9
PL,2025-06-24,91.08
PL,2025-06-25,90.6
PL,2025-06-26,109.72
PL,2025-06-27,101.55
PL,2025-06-28,88.04
PL,2025-06-29,99.83
PL,2025-06-30,113.68
PL,2025-07-01,120.97
PL,2025-07-02,80.23
PL,2025-07-03,107.73
PL,2025-07-04,113.38
PL,2025-07-05,72.73
PL,2025-07-06,82.11
PL,2025-07-07,94.34
PL,2025-07-08,105.27
PL,2025-07-09,125.59
PL,2025-07-10,130.64
PL,2025-07-11,94.9
PL,2025-07-12,95.08
PL,2025-07-13,95.46
PL,2025-07-14,110.17
PL,2025-07-15,110.33
PL,2025-07-16,109.14
PL,2025-07-17,126.62
PL,2025-07-18,119.22
PL,2025-07-19,78.1
PL,2025-07-20,98.01
PL,2025-07-21,116.49
PL,2025-07-22,109.16
PL,2025-07-23,119.41
PL,2025-07-24,107.45
PL,2025-07-25,107.54
PL,2025-07-26,90.5
PL,2025-07-27,67.55
PL,2025-07-28,103.77
PL,2025-07-29,96.29
PL,2025-07-30,89.69
PL,2025-07-31,122.45
PL,2025-08-01,110.66
PL,2025-08-02,88.27
PL,2025-08-03,82.48
PL,2025-08-04,107.64
PL,2025-08-05,116.15
PL,2025-08-06,93.36
PL,2025-08-07,103.42
PL,2025-08-08,114.06
PL,2025-08-09,67.29
PL,2025-08-10,86.89
PL,2025-08-11,97.45
PL,2025-08-12,100.89
PL,2025-08-13,96.17
PL,2025-08-14,103.8
PL,2025-08-15,125.41
PL,2025-08-16,83.05
PL,2025-08-17,89.22
PL,2025-08-18,125.39
PL,2025-08-19,94.26
PL,2025-08-20,122.59
PL,2025-08-21,100.46
PL,2025-08-22,121.54
PL,2025-08-23,92.51
PL,2025-08-24,87.75
PL,2025-08-25,98.49
PL,2025-08-26,91.56
PL,2025-08-27,99.57
PL,2025-08-28,108.95
PL,2025-08-29,97.89
PL,2025-08-30,79.91
PL,2025-08-31,80.3
PL,2025-09-01,108.62
PL,2025-09-02,110.95
PL,2025-09-03,88.66
PL,2025-09-04,88.33
PL,2025-09-05,100.03
PL,2025-09-06,95.87
PL,2025-09-07,91.81
PL,2025-09-08,80.37
PL,2025-09-09,91.22
PL,2025-09-10,83.35
PL,2025-09-11,90.44
PL,2025-09-12,110.96
PL,2025-09-13,65.31
PL,2025-09-14,63.18
PL,2025-09-15,82.72
PL,2025-09-16,94.6
PL,2025-09-17,97.82
PL,2025-09-18,95.38
PL,2025-09-19,102.93
PL,2025-09-20,60.17
PL,2025-09-21,86.78
PL,2025-09-22,85.6
PL,2025-09-23,96.26
PL,2025-09-24,74.07
PL,2025-09-25,87.67
PL,2025-09-26,89.65
PL,2025-09-27,83.95
PL,2025-09-28,59.39
PL,2025-09-29,86.16
PL,2025-09-30,74.27
PL,2025-10-01,90.09
PL,2025-10-02,92.36
PL,2025-10-03,97.0
PL,2025-10-04,66.47
PL,2025-10-05,78.5
PL,2025-10-06,96.14
PL,2025-10-07,65.98
PL,2025-10-08,87.72
PL,2025-10-09,90.6
PL,2025-10-10,78.28
PL,2025-10-11,58.35
PL,2025-10-12,75.55
PL,2025-10-13,67.95
PL,2025-10-14,77.22
PL,2025-10-15,78.06
PL,2025-10-16,84.67
PL,2025-10-17,71.67
PL,2025-10-18,60.1
PL,2025-10-19,65.85
PL,2025-10-20,85.28
PL,2025-10-21,96.38
PL,2025-10-22,61.56
PL,2025-10-23,77.52
PL,2025-10-24,64.55
PL,2025-10-25,70.36
PL,2025-10-26,55.29
PL,2025-10-27,66.94
PL,2025-10-28,67.26
PL,2025-10-29,71.26
PL,2025-10-30,74.23
PL,2025-10-31,75.13
PL,2025-11-01,59.93
PL,2025-11-02,50.08
PL,2025-11-03,75.74
PL,2025-11-04,68.77
PL,2025-11-05,78.35
PL,2025-11-06,62.52
PL,2025-11-07,54.83
PL,2025-11-08,57.1
PL,2025-11-09,65.83
PL,2025-11-10,67.88
PL,2025-11-11,64.58
PL,2025-11-12,58.88
PL,2025-11-13,79.11
PL,2025-11-14,56.89
PL,2025-11-15,50.05
PL,2025-11-16,58.21
PL,2025-11-17,49.51
PL,2025-11-18,72.98
PL,2025-11-19,67.61
PL,2025-11-20,69.26
PL,2025-11-21,66.29
PL,2025-11-22,51.47
PL,2025-11-23,45.51
PL,2025-11-24,59.98
PL,2025-11-25,53.54
PL,2025-11-26,63.8
PL,2025-11-27,65.73
PL,2025-11-28,70.13
PL,2025-11-29,52.59
PL,2025-11-30,55.61
PL,2025-12-01,56.47
PL,2025-12-02,54.89
PL,2025-12-03,61.21
PL,2025-12-04,54.93
PL,2025-12-05,59.14
PL,2025-12-06,42.27
PL,2025-12-07,43.09
PL,2025-12-08,60.7
PL,2025-12-09,62.09
PL,2025-12-10,49.23
PL,2025-12-11,60.04
PL,2025-12-12,51.77
PL,2025-12-13,46.88
PL,2025-12-14,54.49
PL,2025-12-15,59.84
PL,2025-12-16,59.5
PL,2025-12-17,66.47
PL,2025-12-18,49.31
PL,2025-12-19,47.3
PL,2025-12-20,41.48
PL,2025-12-21,43.87
PL,2025-12-22,38.05
PL,2025-12-23,51.54
PL,2025-12-24,49.23
PL,2025-12-25,57.44
PL,2025-12-26,54.55
PL,2025-12-27,41.16
PL,2025-12-28,47.36
PL,2025-12-29,56.4
PL,2025-12-30,46.99
PL,2025-12-31,48.58
SE,2024-01-01,21.77
SE,2024-01-02,25.76
SE,2024-01-03,26.95
SE,2024-01-04,29.79
SE,2024-01-05,26.14
SE,2024-01-06,23.48
SE,2024-01-07,21.31
SE,2024-01-08,29.97
SE,2024-01-09,30.83
SE,2024-01-10,30.72
SE,2024-01-11,29.33
SE,2024-01-12,23.86
SE,2024-01-13,23.02
SE,2024-01-14,23.65
SE,2024-01-15,58.45
SE,2024-01-16,61.98
SE,2024-01-17,71.96
SE,2024-01-18,67.46
SE,2024-01-19,54.22
SE,2024-01-20,56.57
SE,2024-01-21,56.38
SE,2024-01-22,55.7
SE,2024-01-23,32.39
SE,2024-01-24,28.87
SE,2024-01-25,24.49
SE,2024-01-26,31.14
SE,2024-01-27,25.8
SE,2024-01-28,24.51
SE,2024-01-29,29.57
SE,2024-01-30,27.2
SE,2024-01-31,32.03
SE,2024-02-01,29.76
SE,2024-02-02,30.6
SE,2024-02-03,26.67
SE,2024-02-04,22.09
SE,2024-02-05,27.02
SE,2024-02-06,22.31
SE,2024-02-07,32.53
SE,2024-02-08,26.13
SE,2024-02-09,31.17
SE,2024-02-10,27.34
SE,2024-02-11,28.18
SE,2024-02-12,26.56
SE,2024-02-13,30.93
SE,2024-02-14,37.58
SE,2024-02-15,37.9
SE,2024-02-16,35.32
SE,2024-02-17,28.05
SE,2024-02-18,23.82
SE,2024-02-19,34.78
SE,2024-02-20,31.56
SE,2024-02-21,34.51
SE,2024-02-22,30.03
SE,2024-02-23,31.99
SE,2024-02-24,28.46
SE,2024-02-25,28.89
SE,2024-02-26,35.15
SE,2024-02-27,31.05
SE,2024-02-28,28.14
SE,2024-02-29,40.32
SE,2024-03-01,44.06
SE,2024-03-02,30.56
SE,2024-03-03,24.54
SE,2024-03-04,31.32
SE,2024-03-05,36.85
SE,2024-03-06,40.55
SE,2024-03-07,30.03
SE,2024-03-08,34.83
SE,2024-03-09,30.95
SE,2024-03-10,33.58
SE,2024-03-11,34.53
SE,2024-03-12,29.43
SE,2024-03-13,39.18
SE,2024-03-14,41.64
SE,2024-03-15,36.55
SE,2024-03-16,33.12
SE,2024-03-17,29.97
SE,2024-03-18,33.81
SE,2024-03-19,42.53
SE,2024-03-20,39.88
SE,2024-03-21,40.61
SE,2024-03-22,45.56
SE,2024-03-23,28.84
SE,2024-03-24,31.04
SE,2024-03-25,40.1
SE,2024-03-26,36.93
SE,2024-03-27,43.61
SE,2024-03-28,39.22
SE,2024-03-29,35.57
SE,2024-03-30,34.82
SE,2024-03-31,35.47
SE,2024-04-01,45.78
SE,2024-04-02,43.38
SE,2024-04-03,44.0
SE,2024-04-04,43.57
SE,2024-04-05,41.27
SE,2024-04-06,33.01
SE,2024-04-07,37.6
SE,2024-04-08,41.3
SE,2024-04-09,52.07
SE,2024-04-10,50.58
SE,2024-04-11,47.16
SE,2024-04-12,46.11
SE,2024-04-13,37.32
SE,2024-04-14,32.2
SE,2024-04-15,43.75
SE,2024-04-16,45.74
SE,2024-04-17,46.71
SE,2024-04-18,48.3
SE,2024-04-19,51.08
SE,2024-04-20,36.06
SE,2024-04-21,36.32
SE,2024-04-22,54.96
SE,2024-04-23,51.43
SE,2024-04-24,45.12
SE,2024-04-25,47.0
SE,2024-04-26,47.29
SE,2024-04-27,41.08
SE,2024-04-28,43.48
SE,2024-04-29,63.48
SE,2024-04-30,50.05
SE,2024-05-01,53.11
SE,2024-05-02,39.45
SE,2024-05-03,46.83
SE,2024-05-04,48.74
SE,2024-05-05,44.76
SE,2024-05-06,23.9
SE,2024-05-07,54.84
SE,2024-05-08,62.73
SE,2024-05-09,38.97
SE,2024-05-10,60.88
SE,2024-05-11,29.35
SE,2024-05-12,49.16
SE,2024-05-13,52.17
SE,2024-05-14,37.67
SE,2024-05-15,55.52
SE,2024-05-16,60.24
SE,2024-05-17,55.49
SE,2024-05-18,48.57
SE,2024-05-19,43.33
SE,2024-05-20,41.82
SE,2024-05-21,58.56
SE,2024-05-22,65.69
SE,2024-05-23,61.9
SE,2024-05-24,41.67
SE,2024-05-25,38.21
SE,2024-05-26,42.12
SE,2024-05-27,44.77
SE,2024-05-28,55.85
SE,2024-05-29,58.39
SE,2024-05-30,46.35
SE,2024-05-31,61.38
SE,2024-06-01,51.34
SE,2024-06-02,44.88
SE,2024-06-03,55.53
SE,2024-06-04,43.57
SE,2024-06-05,54.78
SE,2024-06-06,57.28
SE,2024-06-07,58.56
SE,2024-06-08,51.15
SE,2024-06-09,50.51
SE,2024-06-10,56.05
SE,2024-06-11,60.03
SE,2024-06-12,65.18
SE,2024-06-13,57.67
SE,2024-06-14,60.7
SE,2024-06-15,48.71
SE,2024-06-16,46.06
SE,2024-06-17,62.57
SE,2024-06-18,55.07
SE,2024-06-19,61.87
SE,2024-06-20,59.45
SE,2024-06-21,57.19
SE,2024-06-22,48.56
SE,2024-06-23,47.55
SE,2024-06-24,47.89
SE,2024-06-25,62.52
SE,2024-06-26,61.52
SE,2024-06-27,66.06
SE,2024-06-28,56.2
SE,2024-06-29,62.71
SE,2024-06-30,48.83
SE,2024-07-01,53.93
SE,2024-07-02,53.13
SE,2024-07-03,47.82
SE,2024-07-04,71.55
SE,2024-07-05,70.44
SE,2024-07-06,55.16
SE,2024-07-07,45.95
SE,2024-07-08,73.79
SE,2024-07-09,58.09
SE,2024-07-10,58.72
SE,2024-07-11,71.17
SE,2024-07-12,65.52
SE,2024-07-13,65.26
SE,2024-07-14,53.17
SE,2024-07-15,57.85
SE,2024-07-16,56.29
SE,2024-07-17,47.28
SE,2024-07-18,58.71
SE,2024-07-19,69.06
SE,2024-07-20,55.31
SE,2024-07-21,51.71
SE,2024-07-22,53.41
SE,2024-07-23,62.27
SE,2024-07-24,67.95
SE,2024-07-25,63.68
SE,2024-07-26,61.71
SE,2024-07-27,46.47
SE,2024-07-28,56.68
SE,2024-07-29,37.66
SE,2024-07-30,63.04
SE,2024-07-31,78.77
SE,2024-08-01,49.25
SE,2024-08-02,58.31
SE,2024-08-03,50.93
SE,2024-08-04,48.08
SE,2024-08-05,67.23
SE,2024-08-06,63.08
SE,2024-08-07,60.69
SE,2024-08-08,65.19
SE,2024-08-09,59.5
SE,2024-08-10,69.61
SE,2024-08-11,51.2
SE,2024-08-12,60.42
SE,2024-08-13,46.82
SE,2024-08-14,54.95
SE,2024-08-15,66.72
SE,2024-08-16,49.13
SE,2024-08-17,36.77
SE,2024-08-18,49.68
SE,2024-08-19,67.63
SE,2024-08-20,58.22
SE,2024-08-21,55.44
SE,2024-08-22,44.76
SE,2024-08-23,60.56
SE,2024-08-24,52.55
SE,2024-08-25,38.16
SE,2024-08-26,64.68
SE,2024-08-27,61.96
SE,2024-08-28,64.25
SE,2024-08-29,60.33
SE,2024-08-30,60.6
SE,2024-08-31,50.57
SE,2024-09-01,52.38
SE,2024-09-02,43.47
SE,2024-09-03,45.42
SE,2024-09-04,50.32
SE,2024-09-05,54.13
SE,2024-09-06,57.33
SE,2024-09-07,48.19
SE,2024-09-08,52.39
SE,2024-09-09,61.59
SE,2024-09-10,48.26
SE,2024-09-11,55.22
SE,2024-09-12,48.02
SE,2024-09-13,52.02
SE,2024-09-14,46.78
SE,2024-09-15,26.5
SE,2024-09-16,67.72
SE,2024-09-17,55.83
SE,2024-09-18,48.32
SE,2024-09-19,63.78
SE,2024-09-20,49.4
SE,2024-09-21,44.3
SE,2024-09-22,40.86
SE,2024-09-23,60.87
SE,2024-09-24,49.91
SE,2024-09-25,51.2
SE,2024-09-26,57.27
SE,2024-09-27,53.28
SE,2024-09-28,41.82
SE,2024-09-29,47.45
SE,2024-09-30,63.93
SE,2024-10-01,50.6
SE,2024-10-02,49.16
SE,2024-10-03,49.2
SE,2024-10-04,55.49
SE,2024-10-05,37.61
SE,2024-10-06,38.95
SE,2024-10-07,38.45
SE,2024-10-08,40.22
SE,2024-10-09,43.71
SE,2024-10-10,46.03
SE,2024-10-11,55.85
SE,2024-10-12,41.43
SE,2024-10-13,34.46
SE,2024-10-14,41.3
SE,2024-10-15,52.4
SE,2024-10-16,50.76
SE,2024-10-17,44.59
SE,2024-10-18,41.83
SE,2024-10-19,42.35
SE,2024-10-20,32.67
SE,2024-10-21,45.4
SE,2024-10-22,54.84
SE,2024-10-23,43.88
SE,2024-10-24,38.59
SE,2024-10-25,44.37
SE,2024-10-26,33.7
SE,2024-10-27,29.55
SE,2024-10-28,44.98
SE,2024-10-29,46.76
SE,2024-10-30,39.44
SE,2024-10-31,38.86
SE,2024-11-01,35.78
SE,2024-11-02,33.54
SE,2024-11-03,31.65
SE,2024-11-04,34.86
SE,2024-11-05,48.37
SE,2024-11-06,41.36
SE,2024-11-07,41.59
SE,2024-11-08,42.76
SE,2024-11-09,35.68
SE,2024-11-10,30.84
SE,2024-11-11,39.17
SE,2024-11-12,36.47
SE,2024-11-13,39.42
SE,2024-11-14,38.74
SE,2024-11-15,35.28
SE,2024-11-16,26.25
SE,2024-11-17,31.58
SE,2024-11-18,35.4
SE,2024-11-19,27.88
SE,2024-11-20,38.03
SE,2024-11-21,39.75
SE,2024-11-22,46.15
SE,2024-11-23,28.51
SE,2024-11-24,27.81
SE,2024-11-25,30.15
SE,2024-11-26,35.44
SE,2024-11-27,35.21
SE,2024-11-28,30.85
SE,2024-11-29,33.26
SE,2024-11-30,21.9
SE,2024-12-01,31.73
SE,2024-12-02,30.32
SE,2024-12-03,33.09
SE,2024-12-04,27.39
SE,2024-12-05,30.58
SE,2024-12-06,31.61
SE,2024-12-07,27.62
SE,2024-12-08,29.1
SE,2024-12-09,37.78
SE,2024-12-10,34.88
SE,2024-12-11,35.59
SE,2024-12-12,37.27
SE,2024-12-13,33.77
SE,2024-12-14,26.63
SE,2024-12-15,29.86
SE,2024-12-16,35.22
SE,2024-12-17,33.49
SE,2024-12-18,25.55
SE,2024-12-19,27.72
SE,2024-12-20,29.7
SE,2024-12-21,28.44
SE,2024-12-22,25.85
SE,2024-12-23,34.54
SE,2024-12-24,35.07
SE,2024-12-25,34.54
SE,2024-12-26,34.46
SE,2024-12-27,26.28
SE,2024-12-28,26.92
SE,2024-12-29,23.53
SE,2024-12-30,23.89
SE,2024-12-31,28.7
SE,2025-01-01,34.43
SE,2025-01-02,31.28
SE,2025-01-03,36.75
SE,2025-01-04,25.64
SE,2025-01-05,32.42
SE,2025-01-06,30.07
SE,2025-01-07,29.48
SE,2025-01-08,24.86
SE,2025-01-09,33.24
SE,2025-01-10,27.54
SE,2025-01-11,22.96
SE,2025-01-12,28.71
SE,2025-01-13,33.33
SE,2025-01-14,33.23
SE,2025-01-15,27.98
SE,2025-01-16,29.07
SE,2025-01-17,29.05
SE,2025-01-18,27.22
SE,2025-01-19,29.54
SE,2025-01-20,30.6
SE,2025-01-21,36.29
SE,2025-01-22,32.53
SE,2025-01-23,28.57
SE,2025-01-24,32.37
SE,2025-01-25,30.19
SE,2025-01-26,31.12
SE,2025-01-27,33.8
SE,2025-01-28,29.73
SE,2025-01-29,28.93
SE,2025-01-30,31.83
SE,2025-01-31,35.84
SE,2025-02-01,48.16
SE,2025-02-02,48.4
SE,2025-02-03,54.48
SE,2025-02-04,52.17
SE,2025-02-05,53.42
SE,2025-02-06,55.54
SE,2025-02-07,66.15
SE,2025-02-08,45.43
SE,2025-02-09,47.24
SE,2025-02-10,49.68
SE,2025-02-11,60.44
SE,2025-02-12,65.04
SE,2025-02-13,67.04
SE,2025-02-14,57.72
SE,2025-02-15,28.56
SE,2025-02-16,26.35
SE,2025-02-17,33.73
SE,2025-02-18,33.07
SE,2025-02-19,32.24
SE,2025-02-20,32.71
SE,2025-02-21,34.09
SE,2025-02-22,26.65
SE,2025-02-23,26.96
SE,2025-02-24,39.56
SE,2025-02-25,43.74
SE,2025-02-26,28.39
SE,2025-02-27,28.32
SE,2025-02-28,29.7
SE,2025-03-01,28.32
SE,2025-03-02,31.94
SE,2025-03-03,36.54
SE,2025-03-04,35.03
SE,2025-03-05,36.71
SE,2025-03-06,31.84
SE,2025-03-07,33.91
SE,2025-03-08,29.8
SE,2025-03-09,24.34
SE,2025-03-10,30.61
SE,2025-03-11,30.97
SE,2025-03-12,39.31
SE,2025-03-13,37.3
SE,2025-03-14,39.13
SE,2025-03-15,24.3
SE,2025-03-16,25.8
SE,2025-03-17,40.11
SE,2025-03-18,24.92
SE,2025-03-19,43.16
SE,2025-03-20,29.58
SE,2025-03-21,41.97
SE,2025-03-22,29.13
SE,2025-03-23,36.94
SE,2025-03-24,53.81
SE,2025-03-25,28.44
SE,2025-03-26,42.64
SE,2025-03-27,31.01
SE,2025-03-28,41.9
SE,2025-03-29,33.26
SE,2025-03-30,34.86
SE,2025-03-31,36.19
SE,2025-04-01,44.73
SE,2025-04-02,34.01
SE,2025-04-03,47.6
SE,2025-04-04,39.64
SE,2025-04-05,29.66
SE,2025-04-06,42.76
SE,2025-04-07,42.14
SE,2025-04-08,52.54
SE,2025-04-09,49.33
SE,2025-04-10,39.15
SE,2025-04-11,43.12
SE,2025-04-12,37.8
SE,2025-04-13,44.35
SE,2025-04-14,46.7
SE,2025-04-15,45.59
SE,2025-04-16,43.84
SE,2025-04-17,44.91
SE,2025-04-18,52.57
SE,2025-04-19,38.89
SE,2025-04-20,37.25
SE,2025-04-21,43.13
SE,2025-04-22,43.45
SE,2025-04-23,38.93
SE,2025-04-24,42.84
SE,2025-04-25,55.86
SE,2025-04-26,39.47
SE,2025-04-27,44.14
SE,2025-04-28,33.82
SE,2025-04-29,51.71
SE,2025-04-30,47.73
SE,2025-05-01,46.11
SE,2025-05-02,50.27
SE,2025-05-03,39.54
SE,2025-05-04,31.49
SE,2025-05-05,55.51
SE,2025-05-06,51.7
SE,2025-05-07,48.59
SE,2025-05-08,44.86
SE,2025-05-09,42.0
SE,2025-05-10,44.73
SE,2025-05-11,52.24
SE,2025-05-12,53.0
SE,2025-05-13,43.35
SE,2025-05-14,53.63
SE,2025-05-15,52.13
SE,2025-05-16,58.16
SE,2025-05-17,48.27
SE,2025-05-18,29.0
SE,2025-05-19,56.89
SE,2025-05-20,47.17
SE,2025-05-21,44.66
SE,2025-05-22,52.85
SE,2025-05-23,56.97
SE,2025-05-24,37.21
SE,2025-05-25,50.45
SE,2025-05-26,59.97
SE,2025-05-27,55.46
SE,2025-05-28,49.59
SE,2025-05-29,49.02
SE,2025-05-30,62.62
SE,2025-05-31,38.93
SE,2025-06-01,53.82
SE,2025-06-02,55.22
SE,2025-06-03,55.87
SE,2025-06-04,45.08
SE,2025-06-05,55.88
SE,2025-06-06,61.26
SE,2025-06-07,40.84
SE,2025-06-08,51.71
SE,2025-06-09,58.18
SE,2025-06-10,53.27
SE,2025-06-11,63.82
SE,2025-06-12,42.7
SE,2025-06-13,60.61
SE,2025-06-14,59.22
SE,2025-06-15,58.29
SE,2025-06-16,61.36
SE,2025-06-17,56.62
SE,2025-06-18,54.39
SE,2025-06-19,56.86
SE,2025-06-20,62.99
SE,2025-06-21,45.48
SE,2025-06-22,55.04
SE,2025-06-23,74.69
SE,2025-06-24,59.13
SE,2025-06-25,50.05
SE,2025-06-26,50.12
SE,2025-06-27,65.44
SE,2025-06-28,50.59
SE,2025-06-29,56.4
SE,2025-06-30,56.26
SE,2025-07-01,66.18
SE,2025-07-02,59.11
SE,2025-07-03,55.02
SE,2025-07-04,57.47
SE,2025-07-05,43.99
SE,2025-07-06,63.69
SE,2025-07-07,59.83
SE,2025-07-08,65.26
SE,2025-07-09,56.71
SE,2025-07-10,52.99
SE,2025-07-11,58.97
SE,2025-07-12,58.41
SE,2025-07-13,48.39
SE,2025-07-14,54.39
SE,2025-07-15,61.88
SE,2025-07-16,64.39
SE,2025-07-17,72.73
SE,2025-07-18,63.32
SE,2025-07-19,55.62
SE,2025-07-20,56.07
SE,2025-07-21,52.31
SE,2025-07-22,53.67
SE,2025-07-23,52.77
SE,2025-07-24,50.93
SE,2025-07-25,66.37
SE,2025-07-26,53.26
SE,2025-07-27,51.92
SE,2025-07-28,41.64
SE,2025-07-29,75.29
SE,2025-07-30,53.86
SE,2025-07-31,75.11
SE,2025-08-01,49.73
SE,2025-08-02,46.13
SE,2025-08-03,37.55
SE,2025-08-04,62.58
SE,2025-08-05,51.97
SE,2025-08-06,52.09
SE,2025-08-07,49.86
SE,2025-08-08,65.16
SE,2025-08-09,54.89
SE,2025-08-10,61.45
SE,2025-08-11,54.4
SE,2025-08-12,60.71
SE,2025-08-13,49.9
SE,2025-08-14,56.54
SE,2025-08-15,55.12
SE,2025-08-16,52.63
SE,2025-08-17,55.8
SE,2025-08-18,65.31
SE,2025-08-19,52.34
SE,2025-08-20,65.03
SE,2025-08-21,57.62
SE,2025-08-22,55.52
SE,2025-08-23,44.8
SE,2025-08-24,45.54
SE,2025-08-25,69.25
SE,2025-08-26,59.21
SE,2025-08-27,58.12
SE,2025-08-28,54.96
SE,2025-08-29,73.17
SE,2025-08-30,55.43
SE,2025-08-31,43.63
SE,2025-09-01,54.16
SE,2025-09-02,54.37
SE,2025-09-03,56.58
SE,2025-09-04,50.74
SE,2025-09-05,58.1
SE,2025-09-06,54.89
SE,2025-09-07,39.22
SE,2025-09-08,47.18
SE,2025-09-09,51.2
SE,2025-09-10,51.29
SE,2025-09-11,66.83
SE,2025-09-12,60.13
SE,2025-09-13,50.58
SE,2025-09-14,43.81
SE,2025-09-15,51.17
SE,2025-09-16,43.57
SE,2025-09-17,57.45
SE,2025-09-18,55.36
SE,2025-09-19,60.07
SE,2025-09-20,42.91
SE,2025-09-21,43.07
SE,2025-09-22,52.35
SE,2025-09-23,56.52
SE,2025-09-24,41.84
SE,2025-09-25,55.02
SE,2025-09-26,50.17
SE,2025-09-27,37.13
SE,2025-09-28,31.73
SE,2025-09-29,48.71
SE,2025-09-30,57.82
SE,2025-10-01,58.85
SE,2025-10-02,50.82
SE,2025-10-03,59.89
SE,2025-10-04,40.77
SE,2025-10-05,45.42
SE,2025-10-06,45.1
SE,2025-10-07,44.48
SE,2025-10-08,43.31
SE,2025-10-09,35.28
SE,2025-10-10,53.8
SE,2025-10-11,36.35
SE,2025-10-12,35.39
SE,2025-10-13,39.31
SE,2025-10-14,44.41
SE,2025-10-15,54.83
SE,2025-10-16,56.29
SE,2025-10-17,35.8
SE,2025-10-18,36.17
SE,2025-10-19,32.88
SE,2025-10-20,49.11
SE,2025-10-21,45.13
SE,2025-10-22,40.05
SE,2025-10-23,43.47
SE,2025-10-24,40.37
SE,2025-10-25,43.18
SE,2025-10-26,38.3
SE,2025-10-27,45.4
SE,2025-10-28,28.39
SE,2025-10-29,41.16
SE,2025-10-30,51.53
SE,2025-10-31,47.48
SE,2025-11-01,26.93
SE,2025-11-02,33.08
SE,2025-11-03,34.39
SE,2025-11-04,48.13
SE,2025-11-05,40.83
SE,2025-11-06,35.79
SE,2025-11-07,39.33
SE,2025-11-08,22.73
SE,2025-11-09,28.59
SE,2025-11-10,38.59
SE,2025-11-11,42.05
SE,2025-11-12,29.09
SE,2025-11-13,35.96
SE,2025-11-14,41.99
SE,2025-11-15,26.12
SE,2025-11-16,32.3
SE,2025-11-17,37.04
SE,2025-11-18,44.03
SE,2025-11-19,35.29
SE,2025-11-20,35.32
SE,2025-11-21,39.52
SE,2025-11-22,25.46
SE,2025-11-23,29.3
SE,2025-11-24,33.27
SE,2025-11-25,34.4
SE,2025-11-26,38.32
SE,2025-11-27,36.87
SE,2025-11-28,31.28
SE,2025-11-29,29.52
SE,2025-11-30,34.05
SE,2025-12-01,30.41
SE,2025-12-02,34.18
SE,2025-12-03,32.64
SE,2025-12-04,32.98
SE,2025-12-05,26.58
SE,2025-12-06,32.68
SE,2025-12-07,25.22
SE,2025-12-08,36.54
SE,2025-12-09,29.96
SE,2025-12-10,29.8
SE,2025-12-11,36.72
SE,2025-12-12,35.71
SE,2025-12-13,27.67
SE,2025-12-14,29.32
SE,2025-12-15,30.38
SE,2025-12-16,31.3
SE,2025-12-17,28.72
SE,2025-12-18,34.44
SE,2025-12-19,28.37
SE,2025-12-20,30.87
SE,2025-12-21,25.12
SE,2025-12-22,30.68
SE,2025-12-23,33.27
SE,2025-12-24,30.48
SE,2025-12-25,29.21
SE,2025-12-26,30.09
SE,2025-12-27,28.33
SE,2025-12-28,23.49
SE,2025-12-29,29.48
SE,2025-12-30,29.9
SE,2025-12-31,32.88
