city_key,date,congestion_index
stockholm,2024-01-01,57.8
stockholm,2024-01-02,77.2
stockholm,2024-01-03,57.0
stockholm,2024-01-04,60.5
stockholm,2024-01-05,53.6
stockholm,2024-01-06,19.7
stockholm,2024-01-07,22.0
stockholm,2024-01-08,50.8
stockholm,2024-01-09,64.1
stockholm,2024-01-10,54.7
stockholm,2024-01-11,53.3
stockholm,2024-01-12,65.4
stockholm,2024-01-13,46.4
stockholm,2024-01-14,42.1
stockholm,2024-01-15,52.3
stockholm,2024-01-16,51.0
stockholm,2024-01-17,83.3
stockholm,2024-01-18,56.9
stockholm,2024-01-19,52.9
stockholm,2024-01-20,37.2
stockholm,2024-01-21,43.0
stockholm,2024-01-22,64.2
stockholm,2024-01-23,56.8
stockholm,2024-01-24,74.0
stockholm,2024-01-25,45.7
stockholm,2024-01-26,68.8
stockholm,2024-01-27,23.3
stockholm,2024-01-28,22.4
stockholm,2024-01-29,50.5
stockholm,2024-01-30,71.2
stockholm,2024-01-31,55.7
stockholm,2024-02-01,50.6
stockholm,2024-02-02,58.7
stockholm,2024-02-03,21.1
stockholm,2024-02-04,34.0
stockholm,2024-02-05,65.7
stockholm,2024-02-06,55.5
stockholm,2024-02-07,53.7
stockholm,2024-02-08,58.0
stockholm,2024-02-09,43.4
stockholm,2024-02-10,34.7
stockholm,2024-02-11,55.4
stockholm,2024-02-12,65.0
stockholm,2024-02-13,67.8
stockholm,2024-02-14,61.8
stockholm,2024-02-15,71.7
stockholm,2024-02-16,76.5
stockholm,2024-02-17,15.1
stockholm,2024-02-18,34.9
stockholm,2024-02-19,85.5
stockholm,2024-02-20,60.0
stockholm,2024-02-21,56.8
stockholm,2024-02-22,65.2
stockholm,2024-02-23,57.1
stockholm,2024-02-24,40.9
stockholm,2024-02-25,23.5
stockholm,2024-02-26,59.4
stockholm,2024-02-27,48.4
stockholm,2024-02-28,50.6
stockholm,2024-02-29,66.9
stockholm,2024-03-01,56.1
stockholm,2024-03-02,30.5
stockholm,2024-03-03,21.2
stockholm,2024-03-04,40.0
stockholm,2024-03-05,45.0
stockholm,2024-03-06,55.9
stockholm,2024-03-07,62.8
stockholm,2024-03-08,50.5
stockholm,2024-03-09,42.8
stockholm,2024-03-10,24.5
stockholm,2024-03-11,53.1
stockholm,2024-03-12,46.4
stockholm,2024-03-13,62.9
stockholm,2024-03-14,73.7
stockholm,2024-03-15,42.3
stockholm,2024-03-16,35.0
stockholm,2024-03-17,41.6
stockholm,2024-03-18,43.4
stockholm,2024-03-19,59.5
stockholm,2024-03-20,65.9
stockholm,2024-03-21,58.4
stockholm,2024-03-22,73.2
stockholm,2024-03-23,44.8
stockholm,2024-03-24,45.8
stockholm,2024-03-25,54.5
stockholm,2024-03-26,52.1
stockholm,2024-03-27,47.6
stockholm,2024-03-28,73.0
stockholm,2024-03-29,47.3
stockholm,2024-03-30,28.4
stockholm,2024-03-31,31.1
stockholm,2024-04-01,51.0
stockholm,2024-04-02,71.0
stockholm,2024-04-03,75.5
stockholm,2024-04-04,58.2
stockholm,2024-04-05,65.3
stockholm,2024-04-06,40.8
stockholm,2024-04-07,34.3
stockholm,2024-04-08,66.8
stockholm,2024-04-09,56.3
stockholm,2024-04-10,61.5
stockholm,2024-04-11,45.1
stockholm,2024-04-12,42.0
stockholm,2024-04-13,17.4
stockholm,2024-04-14,40.8
stockholm,2024-04-15,51.0
stockholm,2024-04-16,67.0
stockholm,2024-04-17,55.2
stockholm,2024-04-18,56.1
stockholm,2024-04-19,48.5
stockholm,2024-04-20,35.8
stockholm,2024-04-21,24.4
stockholm,2024-04-22,47.1
stockholm,2024-04-23,64.5
stockholm,2024-04-24,58.9
stockholm,2024-04-25,66.9
stockholm,2024-04-26,73.9
stockholm,2024-04-27,34.1
stockholm,2024-04-28,33.6
stockholm,2024-04-29,50.7
stockholm,2024-04-30,71.6
stockholm,2024-05-01,50.4
stockholm,2024-05-02,67.4
stockholm,2024-05-03,53.5
stockholm,2024-05-04,36.7
stockholm,2024-05-05,43.7
stockholm,2024-05-06,64.2
stockholm,2024-05-07,48.3
stockholm,2024-05-08,77.4
stockholm,2024-05-09,74.4
stockholm,2024-05-10,52.9
stockholm,2024-05-11,30.5
stockholm,2024-05-12,26.1
stockholm,2024-05-13,52.2
stockholm,2024-05-14,68.7
stockholm,2024-05-15,47.0
stockholm,2024-05-16,47.5
stockholm,2024-05-17,67.9
stockholm,2024-05-18,35.2
stockholm,2024-05-19,47.2
stockholm,2024-05-20,51.4
stockholm,2024-05-21,56.0
stockholm,2024-05-22,49.7
stockholm,2024-05-23,57.2
stockholm,2024-05-24,54.6
stockholm,2024-05-25,35.7
stockholm,2024-05-26,32.8
stockholm,2024-05-27,54.5
stockholm,2024-05-28,51.9
stockholm,2024-05-29,49.2
stockholm,2024-05-30,60.8
stockholm,2024-05-31,45.9
stockholm,2024-06-01,38.3
stockholm,2024-06-02,46.8
stockholm,2024-06-03,73.2
stockholm,2024-06-04,43.0
stockholm,2024-06-05,51.8
stockholm,2024-06-06,59.5
stockholm,2024-06-07,54.7
stockholm,2024-06-08,23.3
stockholm,2024-06-09,40.9
stockholm,2024-06-10,68.7
stockholm,2024-06-11,81.0
stockholm,2024-06-12,55.4
stockholm,2024-06-13,78.1
stockholm,2024-06-14,48.7
stockholm,2024-06-15,24.7
stockholm,2024-06-16,36.2
stockholm,2024-06-17,63.7
stockholm,2024-06-18,47.9
stockholm,2024-06-19,67.0
stockholm,2024-06-20,43.9
stockholm,2024-06-21,53.6
stockholm,2024-06-22,37.4
stockholm,2024-06-23,27.1
stockholm,2024-06-24,53.0
stockholm,2024-06-25,46.0
stockholm,2024-06-26,49.8
stockholm,2024-06-27,69.1
stockholm,2024-06-28,69.3
stockholm,2024-06-29,22.2
stockholm,2024-06-30,35.3
stockholm,2024-07-01,42.5
stockholm,2024-07-02,47.2
stockholm,2024-07-03,79.6
stockholm,2024-07-04,67.6
stockholm,2024-07-05,76.7
stockholm,2024-07-06,37.0
stockholm,2024-07-07,36.6
stockholm,2024-07-08,63.4
stockholm,2024-07-09,37.2
stockholm,2024-07-10,70.4
stockholm,2024-07-11,68.4
stockholm,2024-07-12,68.3
stockholm,2024-07-13,39.5
stockholm,2024-07-14,24.7
stockholm,2024-07-15,70.7
stockholm,2024-07-16,57.9
stockholm,2024-07-17,61.5
stockholm,2024-07-18,62.4
stockholm,2024-07-19,53.7
stockholm,2024-07-20,43.5
stockholm,2024-07-21,34.2
stockholm,2024-07-22,57.7
stockholm,2024-07-23,76.0
stockholm,2024-07-24,65.4
stockholm,2024-07-25,62.6
stockholm,2024-07-26,70.8
stockholm,2024-07-27,40.1
stockholm,2024-07-28,34.0
stockholm,2024-07-29,64.9
stockholm,2024-07-30,54.3
stockholm,2024-07-31,64.6
stockholm,2024-08-01,68.8
stockholm,2024-08-02,68.0
stockholm,2024-08-03,32.3
stockholm,2024-08-04,34.2
stockholm,2024-08-05,67.5
stockholm,2024-08-06,61.7
stockholm,2024-08-07,58.1
stockholm,2024-08-08,55.7
stockholm,2024-08-09,71.4
stockholm,2024-08-10,30.8
stockholm,2024-08-11,24.9
stockholm,2024-08-12,56.0
stockholm,2024-08-13,57.4
stockholm,2024-08-14,56.7
stockholm,2024-08-15,62.5
stockholm,2024-08-16,66.7
stockholm,2024-08-17,38.0
stockholm,2024-08-18,28.0
stockholm,2024-08-19,61.0
stockholm,2024-08-20,55.6
stockholm,2024-08-21,58.9
stockholm,2024-08-22,60.9
stockholm,2024-08-23,60.3
stockholm,2024-08-24,51.0
stockholm,2024-08-25,44.3
stockholm,2024-08-26,60.7
stockholm,2024-08-27,58.6
stockholm,2024-08-28,56.3
stockholm,2024-08-29,60.7
stockholm,2024-08-30,42.7
stockholm,2024-08-31,24.0
stockholm,2024-09-01,34.9
stockholm,2024-09-02,51.9
stockholm,2024-09-03,50.6
stockholm,2024-09-04,53.0
stockholm,2024-09-05,53.3
stockholm,2024-09-06,49.7
stockholm,2024-09-07,27.7
stockholm,2024-09-08,44.0
stockholm,2024-09-09,69.9
stockholm,2024-09-10,64.3
stockholm,2024-09-11,68.2
stockholm,2024-09-12,54.8
stockholm,2024-09-13,49.1
stockholm,2024-09-14,24.1
stockholm,2024-09-15,38.3
stockholm,2024-09-16,56.6
stockholm,2024-09-17,46.5
stockholm,2024-09-18,54.7
stockholm,2024-09-19,55.9
stockholm,2024-09-20,39.2
stockholm,2024-09-21,29.9
stockholm,2024-09-22,37.2
stockholm,2024-09-23,59.4
stockholm,2024-09-24,72.8
stockholm,2024-09-25,73.8
stockholm,2024-09-26,80.3
stockholm,2024-09-27,91.2
stockholm,2024-09-28,37.8
stockholm,2024-09-29,31.6
stockholm,2024-09-30,62.8
stockholm,2024-10-01,52.2
stockholm,2024-10-02,55.9
stockholm,2024-10-03,49.8
stockholm,2024-10-04,58.2
stockholm,2024-10-05,25.0
stockholm,2024-10-06,24.8
stockholm,2024-10-07,58.3
stockholm,2024-10-08,67.6
stockholm,2024-10-09,53.3
stockholm,2024-10-10,57.1
stockholm,2024-10-11,53.0
stockholm,2024-10-12,23.3
stockholm,2024-10-13,34.9
stockholm,2024-10-14,57.0
stockholm,2024-10-15,63.5
stockholm,2024-10-16,61.0
stockholm,2024-10-17,63.6
stockholm,2024-10-18,59.9
stockholm,2024-10-19,39.5
stockholm,2024-10-20,39.2
stockholm,2024-10-21,63.5
stockholm,2024-10-22,58.0
stockholm,2024-10-23,65.2
stockholm,2024-10-24,36.2
stockholm,2024-10-25,52.7
stockholm,2024-10-26,28.6
stockholm,2024-10-27,47.0
stockholm,2024-10-28,67.6
stockholm,2024-10-29,43.4
stockholm,2024-10-30,66.3
stockholm,2024-10-31,49.8
stockholm,2024-11-01,56.3
stockholm,2024-11-02,28.4
stockholm,2024-11-03,27.7
stockholm,2024-11-04,42.5
stockholm,2024-11-05,60.2
stockholm,2024-11-06,60.4
stockholm,2024-11-07,63.4
stockholm,2024-11-08,51.5
stockholm,2024-11-09,29.9
stockholm,2024-11-10,30.0
stockholm,2024-11-11,75.9
stockholm,2024-11-12,32.3
stockholm,2024-11-13,47.3
stockholm,2024-11-14,55.0
stockholm,2024-11-15,46.3
stockholm,2024-11-16,28.3
stockholm,2024-11-17,29.2
stockholm,2024-11-18,49.7
stockholm,2024-11-19,55.5
stockholm,2024-11-20,73.8
stockholm,2024-11-21,57.8
stockholm,2024-11-22,51.4
stockholm,2024-11-23,28.9
stockholm,2024-11-24,36.7
stockholm,2024-11-25,53.2
stockholm,2024-11-26,59.8
stockholm,2024-11-27,51.9
stockholm,2024-11-28,65.1
stockholm,2024-11-29,60.0
stockholm,2024-11-30,42.9
stockholm,2024-12-01,22.2
stockholm,2024-12-02,59.7
stockholm,2024-12-03,58.8
stockholm,2024-12-04,49.4
stockholm,2024-12-05,65.6
stockholm,2024-12-06,66.9
stockholm,2024-12-07,21.1
stockholm,2024-12-08,26.6
stockholm,2024-12-09,54.4
stockholm,2024-12-10,59.7
stockholm,2024-12-11,40.9
stockholm,2024-12-12,42.2
stockholm,2024-12-13,60.6
stockholm,2024-12-14,19.8
stockholm,2024-12-15,29.1
stockholm,2024-12-16,60.1
stockholm,2024-12-17,58.6
stockholm,2024-12-18,67.6
stockholm,2024-12-19,56.5
stockholm,2024-12-20,66.7
stockholm,2024-12-21,40.1
stockholm,2024-12-22,32.6
stockholm,2024-12-23,55.6
stockholm,2024-12-24,58.3
stockholm,2024-12-25,68.7
stockholm,2024-12-26,61.3
stockholm,2024-12-27,66.6
stockholm,2024-12-28,26.6
stockholm,2024-12-29,28.9
stockholm,2024-12-30,55.3
stockholm,2024-12-31,61.8
stockholm,2025-01-01,60.7
stockholm,2025-01-02,65.1
stockholm,2025-01-03,62.9
stockholm,2025-01-04,27.8
stockholm,2025-01-05,35.4
stockholm,2025-01-06,70.5
stockholm,2025-01-07,67.9
stockholm,2025-01-08,48.4
stockholm,2025-01-09,53.8
stockholm,2025-01-10,63.1
stockholm,2025-01-11,42.8
stockholm,2025-01-12,25.2
stockholm,2025-01-13,35.0
stockholm,2025-01-14,47.2
stockholm,2025-01-15,54.5
stockholm,2025-01-16,55.5
stockholm,2025-01-17,69.3
stockholm,2025-01-18,34.9
stockholm,2025-01-19,30.9
stockholm,2025-01-20,55.8
stockholm,2025-01-21,68.2
stockholm,2025-01-22,53.6
stockholm,2025-01-23,67.6
stockholm,2025-01-24,54.8
stockholm,2025-01-25,41.9
stockholm,2025-01-26,33.4
stockholm,2025-01-27,57.3
stockholm,2025-01-28,54.6
stockholm,2025-01-29,72.8
stockholm,2025-01-30,53.3
stockholm,2025-01-31,53.2
stockholm,2025-02-01,25.0
stockholm,2025-02-02,33.0
stockholm,2025-02-03,52.1
stockholm,2025-02-04,55.5
stockholm,2025-02-05,44.3
stockholm,2025-02-06,55.6
stockholm,2025-02-07,53.6
stockholm,2025-02-08,27.7
stockholm,2025-02-09,31.8
stockholm,2025-02-10,61.0
stockholm,2025-02-11,60.6
stockholm,2025-02-12,59.4
stockholm,2025-02-13,53.3
stockholm,2025-02-14,50.5
stockholm,2025-02-15,22.0
stockholm,2025-02-16,25.5
stockholm,2025-02-17,55.7
stockholm,2025-02-18,48.7
stockholm,2025-02-19,55.8
stockholm,2025-02-20,47.3
stockholm,2025-02-21,43.9
stockholm,2025-02-22,36.8
stockholm,2025-02-23,27.5
stockholm,2025-02-24,48.3
stockholm,2025-02-25,49.0
stockholm,2025-02-26,58.4
stockholm,2025-02-27,67.1
stockholm,2025-02-28,51.8
stockholm,2025-03-01,28.5
stockholm,2025-03-02,38.8
stockholm,2025-03-03,40.5
stockholm,2025-03-04,71.3
stockholm,2025-03-05,75.7
stockholm,2025-03-06,33.3
stockholm,2025-03-07,54.2
stockholm,2025-03-08,24.5
stockholm,2025-03-09,28.1
stockholm,2025-03-10,51.9
stockholm,2025-03-11,61.5
stockholm,2025-03-12,58.2
stockholm,2025-03-13,49.1
stockholm,2025-03-14,53.6
stockholm,2025-03-15,34.4
stockholm,2025-03-16,21.4
stockholm,2025-03-17,42.4
stockholm,2025-03-18,70.9
stockholm,2025-03-19,49.9
stockholm,2025-03-20,53.9
stockholm,2025-03-21,51.8
stockholm,2025-03-22,34.6
stockholm,2025-03-23,44.4
stockholm,2025-03-24,59.6
stockholm,2025-03-25,47.3
stockholm,2025-03-26,45.6
stockholm,2025-03-27,51.8
stockholm,2025-03-28,52.9
stockholm,2025-03-29,16.5
stockholm,2025-03-30,36.8
stockholm,2025-03-31,46.3
stockholm,2025-04-01,66.9
stockholm,2025-04-02,69.6
stockholm,2025-04-03,53.0
stockholm,2025-04-04,58.8
stockholm,2025-04-05,22.8
stockholm,2025-04-06,35.2
stockholm,2025-04-07,51.0
stockholm,2025-04-08,46.3
stockholm,2025-04-09,53.5
stockholm,2025-04-10,52.6
stockholm,2025-04-11,52.4
stockholm,2025-04-12,37.8
stockholm,2025-04-13,24.1
stockholm,2025-04-14,68.9
stockholm,2025-04-15,44.4
stockholm,2025-04-16,67.9
stockholm,2025-04-17,46.9
stockholm,2025-04-18,57.5
stockholm,2025-04-19,32.4
stockholm,2025-04-20,32.2
stockholm,2025-04-21,62.2
stockholm,2025-04-22,70.8
stockholm,2025-04-23,68.9
stockholm,2025-04-24,52.6
stockholm,2025-04-25,56.5
stockholm,2025-04-26,24.0
stockholm,2025-04-27,22.3
stockholm,2025-04-28,46.4
stockholm,2025-04-29,52.3
stockholm,2025-04-30,58.1
stockholm,2025-05-01,40.5
stockholm,2025-05-02,61.5
stockholm,2025-05-03,43.7
stockholm,2025-05-04,39.4
stockholm,2025-05-05,50.3
stockholm,2025-05-06,44.7
stockholm,2025-05-07,60.1
stockholm,2025-05-08,37.0
stockholm,2025-05-09,74.9
stockholm,2025-05-10,28.5
stockholm,2025-05-11,44.9
stockholm,2025-05-12,41.2
stockholm,2025-05-13,68.1
stockholm,2025-05-14,62.7
stockholm,2025-05-15,54.0
stockholm,2025-05-16,44.3
stockholm,2025-05-17,40.9
stockholm,2025-05-18,35.7
stockholm,2025-05-19,69.3
stockholm,2025-05-20,63.1
stockholm,2025-05-21,62.1
stockholm,2025-05-22,50.5
stockholm,2025-05-23,47.4
stockholm,2025-05-24,42.2
stockholm,2025-05-25,24.8
stockholm,2025-05-26,69.9
stockholm,2025-05-27,65.3
stockholm,2025-05-28,60.7
stockholm,2025-05-29,52.5
stockholm,2025-05-30,61.1
stockholm,2025-05-31,30.1
stockholm,2025-06-01,27.3
stockholm,2025-06-02,70.2
stockholm,2025-06-03,53.8
stockholm,2025-06-04,49.2
stockholm,2025-06-05,60.3
stockholm,2025-06-06,68.2
stockholm,2025-06-07,34.2
stockholm,2025-06-08,26.8
stockholm,2025-06-09,59.1
stockholm,2025-06-10,69.4
stockholm,2025-06-11,81.1
stockholm,2025-06-12,62.1
stockholm,2025-06-13,51.9
stockholm,2025-06-14,27.8
stockholm,2025-06-15,41.3
stockholm,2025-06-16,52.7
stockholm,2025-06-17,49.9
stockholm,2025-06-18,72.5
stockholm,2025-06-19,58.2
stockholm,2025-06-20,69.1
stockholm,2025-06-21,19.1
stockholm,2025-06-22,34.7
stockholm,2025-06-23,85.3
stockholm,2025-06-24,69.0
stockholm,2025-06-25,55.6
stockholm,2025-06-26,45.7
stockholm,2025-06-27,75.2
stockholm,2025-06-28,24.1
stockholm,2025-06-29,32.7
stockholm,2025-06-30,45.1
stockholm,2025-07-01,67.5
stockholm,2025-07-02,65.9
stockholm,2025-07-03,64.4
stockholm,2025-07-04,46.0
stockholm,2025-07-05,50.1
stockholm,2025-07-06,30.0
stockholm,2025-07-07,59.9
stockholm,2025-07-08,53.6
stockholm,2025-07-09,49.8
stockholm,2025-07-10,43.4
stockholm,2025-07-11,50.8
stockholm,2025-07-12,42.6
stockholm,2025-07-13,30.1
stockholm,2025-07-14,71.6
stockholm,2025-07-15,63.0
stockholm,2025-07-16,55.8
stockholm,2025-07-17,70.4
stockholm,2025-07-18,52.2
stockholm,2025-07-19,33.3
stockholm,2025-07-20,17.7
stockholm,2025-07-21,67.2
stockholm,2025-07-22,54.8
stockholm,2025-07-23,65.9
stockholm,2025-07-24,60.3
stockholm,2025-07-25,61.5
stockholm,2025-07-26,37.1
stockholm,2025-07-27,26.6
stockholm,2025-07-28,77.5
stockholm,2025-07-29,62.7
stockholm,2025-07-30,75.0
stockholm,2025-07-31,59.6
stockholm,2025-08-01,71.5
stockholm,2025-08-02,31.1
stockholm,2025-08-03,35.0
stockholm,2025-08-04,51.4
stockholm,2025-08-05,69.1
stockholm,2025-08-06,55.9
stockholm,2025-08-07,51.8
stockholm,2025-08-08,60.3
stockholm,2025-08-09,31.3
stockholm,2025-08-10,25.5
stockholm,2025-08-11,54.0
stockholm,2025-08-12,47.5
stockholm,2025-08-13,73.8
stockholm,2025-08-14,63.5
stockholm,2025-08-15,70.9
stockholm,2025-08-16,39.6
stockholm,2025-08-17,14.4
stockholm,2025-08-18,34.5
stockholm,2025-08-19,52.9
stockholm,2025-08-20,45.1
stockholm,2025-08-21,58.3
stockholm,2025-08-22,70.4
stockholm,2025-08-23,45.2
stockholm,2025-08-24,23.4
stockholm,2025-08-25,59.6
stockholm,2025-08-26,57.9
stockholm,2025-08-27,57.8
stockholm,2025-08-28,50.8
stockholm,2025-08-29,72.7
stockholm,2025-08-30,29.4
stockholm,2025-08-31,45.4
stockholm,2025-09-01,49.2
stockholm,2025-09-02,65.3
stockholm,2025-09-03,68.3
stockholm,2025-09-04,52.4
stockholm,2025-09-05,60.1
stockholm,2025-09-06,30.3
stockholm,2025-09-07,9.0
stockholm,2025-09-08,31.0
stockholm,2025-09-09,65.2
stockholm,2025-09-10,78.6
stockholm,2025-09-11,83.8
stockholm,2025-09-12,57.3
stockholm,2025-09-13,19.9
stockholm,2025-09-14,33.5
stockholm,2025-09-15,68.8
stockholm,2025-09-16,53.5
stockholm,2025-09-17,81.4
stockholm,2025-09-18,77.6
stockholm,2025-09-19,58.8
stockholm,2025-09-20,32.0
stockholm,2025-09-21,21.7
stockholm,2025-09-22,67.9
stockholm,2025-09-23,55.6
stockholm,2025-09-24,52.7
stockholm,2025-09-25,58.8
stockholm,2025-09-26,50.3
stockholm,2025-09-27,31.4
stockholm,2025-09-28,18.7
stockholm,2025-09-29,63.7
stockholm,2025-09-30,54.2
stockholm,2025-10-01,64.8
stockholm,2025-10-02,53.9
stockholm,2025-10-03,53.9
stockholm,2025-10-04,28.1
stockholm,2025-10-05,41.5
stockholm,2025-10-06,48.0
stockholm,2025-10-07,64.9
stockholm,2025-10-08,63.5
stockholm,2025-10-09,63.9
stockholm,2025-10-10,41.4
stockholm,2025-10-11,28.4
stockholm,2025-10-12,36.6
stockholm,2025-10-13,52.0
stockholm,2025-10-14,53.2
stockholm,2025-10-15,56.3
stockholm,2025-10-16,54.0
stockholm,2025-10-17,46.8
stockholm,2025-10-18,30.0
stockholm,2025-10-19,38.2
stockholm,2025-10-20,46.6
stockholm,2025-10-21,52.0
stockholm,2025-10-22,55.8
stockholm,2025-10-23,63.4
stockholm,2025-10-24,68.0
stockholm,2025-10-25,26.3
stockholm,2025-10-26,31.7
stockholm,2025-10-27,59.1
stockholm,2025-10-28,48.9
stockholm,2025-10-29,43.6
stockholm,2025-10-30,60.2
stockholm,2025-10-31,65.9
stockholm,2025-11-01,24.4
stockholm,2025-11-02,41.5
stockholm,2025-11-03,48.3
stockholm,2025-11-04,63.0
stockholm,2025-11-05,47.3
stockholm,2025-11-06,59.4
stockholm,2025-11-07,69.2
stockholm,2025-11-08,48.9
stockholm,2025-11-09,36.2
stockholm,2025-11-10,50.3
stockholm,2025-11-11,60.8
stockholm,2025-11-12,82.6
stockholm,2025-11-13,51.3
stockholm,2025-11-14,48.3
stockholm,2025-11-15,28.4
stockholm,2025-11-16,27.2
stockholm,2025-11-17,52.3
stockholm,2025-11-18,44.6
stockholm,2025-11-19,73.9
stockholm,2025-11-20,44.7
stockholm,2025-11-21,53.9
stockholm,2025-11-22,38.6
stockholm,2025-11-23,30.0
stockholm,2025-11-24,47.2
stockholm,2025-11-25,44.2
stockholm,2025-11-26,53.2
stockholm,2025-11-27,55.8
stockholm,2025-11-28,63.8
stockholm,2025-11-29,19.0
stockholm,2025-11-30,42.7
stockholm,2025-12-01,56.2
stockholm,2025-12-02,56.8
stockholm,2025-12-03,66.8
stockholm,2025-12-04,53.7
stockholm,2025-12-05,54.7
stockholm,2025-12-06,33.4
stockholm,2025-12-07,30.2
stockholm,2025-12-08,68.0
stockholm,2025-12-09,49.7
stockholm,2025-12-10,46.8
stockholm,2025-12-11,55.5
stockholm,2025-12-12,57.9
stockholm,2025-12-13,37.7
stockholm,2025-12-14,46.2
stockholm,2025-12-15,70.9
stockholm,2025-12-16,61.1
stockholm,2025-12-17,67.4
stockholm,2025-12-18,61.7
stockholm,2025-12-19,72.0
stockholm,2025-12-20,45.1
stockholm,2025-12-21,37.9
stockholm,2025-12-22,60.7
stockholm,2025-12-23,53.9
stockholm,2025-12-24,54.7
stockholm,2025-12-25,52.3
stockholm,2025-12-26,60.0
stockholm,2025-12-27,24.5
stockholm,2025-12-28,28.7
stockholm,2025-12-29,36.4
stockholm,2025-12-30,68.8
stockholm,2025-12-31,53.8
oslo,2024-01-01,72.4
oslo,2024-01-02,67.8
oslo,2024-01-03,57.4
oslo,2024-01-04,66.6
oslo,2024-01-05,45.1
oslo,2024-01-06,49.4
oslo,2024-01-07,38.9
oslo,2024-01-08,56.7
oslo,2024-01-09,66.4
oslo,2024-01-10,45.7
oslo,2024-01-11,52.7
oslo,2024-01-12,66.6
oslo,2024-01-13,18.3
oslo,2024-01-14,41.5
oslo,2024-01-15,59.3
oslo,2024-01-16,83.1
oslo,2024-01-17,56.1
oslo,2024-01-18,67.9
oslo,2024-01-19,50.8
oslo,2024-01-20,28.6
oslo,2024-01-21,27.3
oslo,2024-01-22,60.0
oslo,2024-01-23,61.0
oslo,2024-01-24,59.9
oslo,2024-01-25,60.9
oslo,2024-01-26,63.4
oslo,2024-01-27,20.5
oslo,2024-01-28,26.0
oslo,2024-01-29,57.7
oslo,2024-01-30,65.2
oslo,2024-01-31,58.8
oslo,2024-02-01,60.6
oslo,2024-02-02,71.6
oslo,2024-02-03,27.8
oslo,2024-02-04,23.0
oslo,2024-02-05,55.6
oslo,2024-02-06,65.1
oslo,2024-02-07,45.0
oslo,2024-02-08,47.9
oslo,2024-02-09,49.2
oslo,2024-02-10,30.1
oslo,2024-02-11,26.1
oslo,2024-02-12,74.4
oslo,2024-02-13,54.3
oslo,2024-02-14,42.9
oslo,2024-02-15,66.1
oslo,2024-02-16,67.3
oslo,2024-02-17,18.6
oslo,2024-02-18,32.8
oslo,2024-02-19,51.8
oslo,2024-02-20,60.1
oslo,2024-02-21,58.4
oslo,2024-02-22,63.5
oslo,2024-02-23,80.6
oslo,2024-02-24,36.0
oslo,2024-02-25,25.6
oslo,2024-02-26,55.8
oslo,2024-02-27,56.5
oslo,2024-02-28,69.7
oslo,2024-02-29,63.9
oslo,2024-03-01,73.0
oslo,2024-03-02,38.1
oslo,2024-03-03,49.7
oslo,2024-03-04,71.1
oslo,2024-03-05,56.6
oslo,2024-03-06,52.9
oslo,2024-03-07,59.1
oslo,2024-03-08,53.6
oslo,2024-03-09,43.7
oslo,2024-03-10,30.9
oslo,2024-03-11,52.0
oslo,2024-03-12,51.3
oslo,2024-03-13,50.5
oslo,2024-03-14,62.2
oslo,2024-03-15,62.2
oslo,2024-03-16,46.6
oslo,2024-03-17,19.9
oslo,2024-03-18,56.0
oslo,2024-03-19,70.8
oslo,2024-03-20,39.4
oslo,2024-03-21,80.2
oslo,2024-03-22,51.6
oslo,2024-03-23,31.5
oslo,2024-03-24,40.4
oslo,2024-03-25,73.2
oslo,2024-03-26,67.1
oslo,2024-03-27,66.6
oslo,2024-03-28,72.9
oslo,2024-03-29,75.7
oslo,2024-03-30,34.9
oslo,2024-03-31,53.5
oslo,2024-04-01,62.2
oslo,2024-04-02,40.6
oslo,2024-04-03,75.9
oslo,2024-04-04,64.2
oslo,2024-04-05,80.7
oslo,2024-04-06,33.9
oslo,2024-04-07,40.3
oslo,2024-04-08,53.6
oslo,2024-04-09,73.8
oslo,2024-04-10,57.9
oslo,2024-04-11,81.4
oslo,2024-04-12,58.5
oslo,2024-04-13,38.5
oslo,2024-04-14,15.8
oslo,2024-04-15,54.3
oslo,2024-04-16,58.3
oslo,2024-04-17,57.6
oslo,2024-04-18,67.1
oslo,2024-04-19,57.3
oslo,2024-04-20,30.9
oslo,2024-04-21,39.7
oslo,2024-04-22,36.8
oslo,2024-04-23,63.0
oslo,2024-04-24,54.3
oslo,2024-04-25,61.5
oslo,2024-04-26,60.4
oslo,2024-04-27,40.2
oslo,2024-04-28,46.1
oslo,2024-04-29,67.7
oslo,2024-04-30,62.0
oslo,2024-05-01,61.9
oslo,2024-05-02,54.3
oslo,2024-05-03,49.5
oslo,2024-05-04,25.2
oslo,2024-05-05,44.5
oslo,2024-05-06,60.4
oslo,2024-05-07,46.6
oslo,2024-05-08,41.8
oslo,2024-05-09,65.0
oslo,2024-05-10,50.6
oslo,2024-05-11,32.9
oslo,2024-05-12,40.2
oslo,2024-05-13,44.5
oslo,2024-05-14,54.6
oslo,2024-05-15,53.6
oslo,2024-05-16,58.0
oslo,2024-05-17,64.9
oslo,2024-05-18,19.6
oslo,2024-05-19,34.8
oslo,2024-05-20,63.3
oslo,2024-05-21,53.5
oslo,2024-05-22,53.9
oslo,2024-05-23,58.6
oslo,2024-05-24,58.0
oslo,2024-05-25,39.1
oslo,2024-05-26,42.3
oslo,2024-05-27,60.9
oslo,2024-05-28,76.7
oslo,2024-05-29,68.5
oslo,2024-05-30,70.2
oslo,2024-05-31,46.1
oslo,2024-06-01,29.8
oslo,2024-06-02,31.8
oslo,2024-06-03,45.8
oslo,2024-06-04,55.7
oslo,2024-06-05,57.5
oslo,2024-06-06,63.2
oslo,2024-06-07,69.5
oslo,2024-06-08,24.6
oslo,2024-06-09,39.7
oslo,2024-06-10,57.6
oslo,2024-06-11,59.1
oslo,2024-06-12,65.6
oslo,2024-06-13,49.7
oslo,2024-06-14,53.2
oslo,2024-06-15,33.5
oslo,2024-06-16,38.0
oslo,2024-06-17,69.9
oslo,2024-06-18,62.3
oslo,2024-06-19,52.4
oslo,2024-06-20,52.2
oslo,2024-06-21,75.1
oslo,2024-06-22,31.6
oslo,2024-06-23,25.9
oslo,2024-06-24,81.4
oslo,2024-06-25,58.4
oslo,2024-06-26,44.0
oslo,2024-06-27,63.1
oslo,2024-06-28,61.5
oslo,2024-06-29,37.7
oslo,2024-06-30,29.2
oslo,2024-07-01,51.5
oslo,2024-07-02,67.9
oslo,2024-07-03,67.0
oslo,2024-07-04,76.5
oslo,2024-07-05,59.9
oslo,2024-07-06,27.9
oslo,2024-07-07,42.7
oslo,2024-07-08,64.9
oslo,2024-07-09,56.1
oslo,2024-07-10,83.2
oslo,2024-07-11,62.9
oslo,2024-07-12,56.7
oslo,2024-07-13,32.7
oslo,2024-07-14,38.9
oslo,2024-07-15,58.7
oslo,2024-07-16,63.6
oslo,2024-07-17,70.5
oslo,2024-07-18,51.7
oslo,2024-07-19,57.7
oslo,2024-07-20,30.4
oslo,2024-07-21,37.2
oslo,2024-07-22,74.1
oslo,2024-07-23,68.4
oslo,2024-07-24,54.0
oslo,2024-07-25,69.3
oslo,2024-07-26,67.6
oslo,2024-07-27,32.8
oslo,2024-07-28,27.7
oslo,2024-07-29,51.1
oslo,2024-07-30,67.4
oslo,2024-07-31,66.1
oslo,2024-08-01,58.6
oslo,2024-08-02,54.1
oslo,2024-08-03,35.2
oslo,2024-08-04,38.4
oslo,2024-08-05,53.5
oslo,2024-08-06,57.7
oslo,2024-08-07,65.2
oslo,2024-08-08,59.2
oslo,2024-08-09,70.4
oslo,2024-08-10,35.1
oslo,2024-08-11,25.3
oslo,2024-08-12,60.7
oslo,2024-08-13,48.3
oslo,2024-08-14,52.6
oslo,2024-08-15,64.5
oslo,2024-08-16,46.4
oslo,2024-08-17,38.8
oslo,2024-08-18,23.7
oslo,2024-08-19,49.4
oslo,2024-08-20,77.7
oslo,2024-08-21,64.2
oslo,2024-08-22,67.2
oslo,2024-08-23,60.7
oslo,2024-08-24,44.5
oslo,2024-08-25,42.5
oslo,2024-08-26,65.6
oslo,2024-08-27,60.4
oslo,2024-08-28,55.6
oslo,2024-08-29,64.6
oslo,2024-08-30,51.0
oslo,2024-08-31,40.6
oslo,2024-09-01,36.4
oslo,2024-09-02,63.2
oslo,2024-09-03,69.1
oslo,2024-09-04,58.1
oslo,2024-09-05,46.0
oslo,2024-09-06,56.4
oslo,2024-09-07,28.1
oslo,2024-09-08,28.1
oslo,2024-09-09,56.9
oslo,2024-09-10,56.2
oslo,2024-09-11,54.0
oslo,2024-09-12,61.2
oslo,2024-09-13,48.3
oslo,2024-09-14,35.5
oslo,2024-09-15,30.5
oslo,2024-09-16,73.4
oslo,2024-09-17,53.5
oslo,2024-09-18,48.7
oslo,2024-09-19,55.9
oslo,2024-09-20,44.9
oslo,2024-09-21,34.6
oslo,2024-09-22,23.8
oslo,2024-09-23,62.9
oslo,2024-09-24,66.0
oslo,2024-09-25,77.3
oslo,2024-09-26,46.0
oslo,2024-09-27,49.6
oslo,2024-09-28,34.8
oslo,2024-09-29,39.6
oslo,2024-09-30,68.6
oslo,2024-10-01,55.3
oslo,2024-10-02,69.7
oslo,2024-10-03,52.7
oslo,2024-10-04,63.8
oslo,2024-10-05,23.2
oslo,2024-10-06,33.6
oslo,2024-10-07,47.8
oslo,2024-10-08,54.8
oslo,2024-10-09,69.7
oslo,2024-10-10,58.3
oslo,2024-10-11,58.4
oslo,2024-10-12,45.1
oslo,2024-10-13,27.8
oslo,2024-10-14,47.2
oslo,2024-10-15,51.2
oslo,2024-10-16,47.3
oslo,2024-10-17,55.6
oslo,2024-10-18,65.2
oslo,2024-10-19,34.0
oslo,2024-10-20,51.2
oslo,2024-10-21,53.1
oslo,2024-10-22,66.1
oslo,2024-10-23,46.7
oslo,2024-10-24,55.6
oslo,2024-10-25,64.5
oslo,2024-10-26,39.3
oslo,2024-10-27,34.5
oslo,2024-10-28,59.4
oslo,2024-10-29,58.4
oslo,2024-10-30,50.7
oslo,2024-10-31,60.2
oslo,2024-11-01,70.2
oslo,2024-11-02,34.0
oslo,2024-11-03,34.8
oslo,2024-11-04,60.4
oslo,2024-11-05,43.3
oslo,2024-11-06,58.7
oslo,2024-11-07,46.9
oslo,2024-11-08,50.3
oslo,2024-11-09,48.6
oslo,2024-11-10,32.3
oslo,2024-11-11,51.3
oslo,2024-11-12,64.5
oslo,2024-11-13,47.4
oslo,2024-11-14,51.4
oslo,2024-11-15,65.0
oslo,2024-11-16,30.6
oslo,2024-11-17,17.8
oslo,2024-11-18,59.4
oslo,2024-11-19,53.8
oslo,2024-11-20,67.6
oslo,2024-11-21,50.2
oslo,2024-11-22,63.4
oslo,2024-11-23,44.5
oslo,2024-11-24,31.0
oslo,2024-11-25,67.2
oslo,2024-11-26,65.5
oslo,2024-11-27,48.4
oslo,2024-11-28,57.2
oslo,2024-11-29,57.3
oslo,2024-11-30,29.3
oslo,2024-12-01,31.2
oslo,2024-12-02,69.3
oslo,2024-12-03,56.3
oslo,2024-12-04,50.2
oslo,2024-12-05,53.3
oslo,2024-12-06,67.8
oslo,2024-12-07,32.3
oslo,2024-12-08,27.2
oslo,2024-12-09,57.6
oslo,2024-12-10,40.5
oslo,2024-12-11,49.2
oslo,2024-12-12,52.8
oslo,2024-12-13,57.8
oslo,2024-12-14,43.7
oslo,2024-12-15,32.1
oslo,2024-12-16,56.4
oslo,2024-12-17,51.1
oslo,2024-12-18,68.6
oslo,2024-12-19,45.6
oslo,2024-12-20,59.1
oslo,2024-12-21,30.3
oslo,2024-12-22,28.0
oslo,2024-12-23,34.5
oslo,2024-12-24,49.8
oslo,2024-12-25,66.7
oslo,2024-12-26,61.6
oslo,2024-12-27,67.2
oslo,2024-12-28,41.5
oslo,2024-12-29,35.9
oslo,2024-12-30,51.4
oslo,2024-12-31,60.5
oslo,2025-01-01,72.7
oslo,2025-01-02,55.5
oslo,2025-01-03,75.5
oslo,2025-01-04,27.3
oslo,2025-01-05,47.5
oslo,2025-01-06,67.5
oslo,2025-01-07,79.4
oslo,2025-01-08,70.5
oslo,2025-01-09,47.4
oslo,2025-01-10,51.1
oslo,2025-01-11,22.0
oslo,2025-01-12,20.4
oslo,2025-01-13,60.3
oslo,2025-01-14,53.4
oslo,2025-01-15,56.2
oslo,2025-01-16,59.4
oslo,2025-01-17,40.1
oslo,2025-01-18,40.5
oslo,2025-01-19,27.5
oslo,2025-01-20,59.8
oslo,2025-01-21,64.4
oslo,2025-01-22,66.0
oslo,2025-01-23,67.9
oslo,2025-01-24,51.8
oslo,2025-01-25,31.0
oslo,2025-01-26,31.9
oslo,2025-01-27,60.5
oslo,2025-01-28,69.9
oslo,2025-01-29,62.0
oslo,2025-01-30,44.3
oslo,2025-01-31,60.4
oslo,2025-02-01,25.7
oslo,2025-02-02,27.6
oslo,2025-02-03,59.0
oslo,2025-02-04,69.3
oslo,2025-02-05,56.3
oslo,2025-02-06,55.6
oslo,2025-02-07,51.5
oslo,2025-02-08,37.6
oslo,2025-02-09,41.0
oslo,2025-02-10,60.2
oslo,2025-02-11,60.5
oslo,2025-02-12,59.8
oslo,2025-02-13,44.0
oslo,2025-02-14,48.0
oslo,2025-02-15,28.6
oslo,2025-02-16,24.4
oslo,2025-02-17,46.5
oslo,2025-02-18,40.0
oslo,2025-02-19,44.2
oslo,2025-02-20,52.9
oslo,2025-02-21,68.2
oslo,2025-02-22,31.2
oslo,2025-02-23,30.9
oslo,2025-02-24,65.3
oslo,2025-02-25,66.7
oslo,2025-02-26,53.7
oslo,2025-02-27,60.6
oslo,2025-02-28,56.6
oslo,2025-03-01,19.0
oslo,2025-03-02,29.5
oslo,2025-03-03,45.1
oslo,2025-03-04,55.5
oslo,2025-03-05,49.0
oslo,2025-03-06,58.1
oslo,2025-03-07,44.5
oslo,2025-03-08,30.4
oslo,2025-03-09,34.8
oslo,2025-03-10,67.5
oslo,2025-03-11,54.4
oslo,2025-03-12,57.3
oslo,2025-03-13,56.5
oslo,2025-03-14,67.4
oslo,2025-03-15,18.4
oslo,2025-03-16,23.4
oslo,2025-03-17,77.4
oslo,2025-03-18,52.8
oslo,2025-03-19,39.9
oslo,2025-03-20,50.3
oslo,2025-03-21,32.8
oslo,2025-03-22,32.2
oslo,2025-03-23,36.7
oslo,2025-03-24,47.7
oslo,2025-03-25,52.9
oslo,2025-03-26,62.4
oslo,2025-03-27,41.0
oslo,2025-03-28,45.0
oslo,2025-03-29,28.4
oslo,2025-03-30,31.8
oslo,2025-03-31,52.6
oslo,2025-04-01,44.9
oslo,2025-04-02,56.7
oslo,2025-04-03,53.8
oslo,2025-04-04,59.4
oslo,2025-04-05,31.9
oslo,2025-04-06,31.9
oslo,2025-04-07,43.4
oslo,2025-04-08,59.2
oslo,2025-04-09,52.4
oslo,2025-04-10,53.7
oslo,2025-04-11,63.7
oslo,2025-04-12,24.5
oslo,2025-04-13,42.1
oslo,2025-04-14,66.6
oslo,2025-04-15,69.8
oslo,2025-04-16,60.9
oslo,2025-04-17,44.7
oslo,2025-04-18,64.7
oslo,2025-04-19,38.7
oslo,2025-04-20,29.9
oslo,2025-04-21,64.4
oslo,2025-04-22,55.3
oslo,2025-04-23,51.6
oslo,2025-04-24,60.3
oslo,2025-04-25,46.1
oslo,2025-04-26,29.4
oslo,2025-04-27,39.1
oslo,2025-04-28,57.2
oslo,2025-04-29,65.3
oslo,2025-04-30,64.1
oslo,2025-05-01,55.1
oslo,2025-05-02,37.1
oslo,2025-05-03,25.3
oslo,2025-05-04,36.4
oslo,2025-05-05,42.6
oslo,2025-05-06,52.4
oslo,2025-05-07,57.7
oslo,2025-05-08,66.8
oslo,2025-05-09,50.4
oslo,2025-05-10,25.1
oslo,2025-05-11,29.8
oslo,2025-05-12,57.8
oslo,2025-05-13,53.8
oslo,2025-05-14,63.4
oslo,2025-05-15,48.6
oslo,2025-05-16,56.0
oslo,2025-05-17,33.8
oslo,2025-05-18,27.0
oslo,2025-05-19,61.7
oslo,2025-05-20,56.2
oslo,2025-05-21,61.6
oslo,2025-05-22,60.4
oslo,2025-05-23,64.1
oslo,2025-05-24,32.8
oslo,2025-05-25,32.8
oslo,2025-05-26,70.0
oslo,2025-05-27,73.8
oslo,2025-05-28,46.8
oslo,2025-05-29,56.4
oslo,2025-05-30,42.3
oslo,2025-05-31,25.7
oslo,2025-06-01,45.5
oslo,2025-06-02,54.0
oslo,2025-06-03,62.5
oslo,2025-06-04,40.8
oslo,2025-06-05,59.8
oslo,2025-06-06,71.5
oslo,2025-06-07,41.5
oslo,2025-06-08,43.1
oslo,2025-06-09,53.9
oslo,2025-06-10,59.7
oslo,2025-06-11,44.3
oslo,2025-06-12,53.4
oslo,2025-06-13,44.9
oslo,2025-06-14,15.5
oslo,2025-06-15,22.6
oslo,2025-06-16,67.1
oslo,2025-06-17,59.4
oslo,2025-06-18,59.2
oslo,2025-06-19,50.9
oslo,2025-06-20,40.7
oslo,2025-06-21,37.7
oslo,2025-06-22,15.1
oslo,2025-06-23,64.3
oslo,2025-06-24,54.8
oslo,2025-06-25,70.6
oslo,2025-06-26,51.7
oslo,2025-06-27,47.7
oslo,2025-06-28,26.9
oslo,2025-06-29,24.3
oslo,2025-06-30,48.8
oslo,2025-07-01,63.3
oslo,2025-07-02,59.0
oslo,2025-07-03,71.2
oslo,2025-07-04,60.7
oslo,2025-07-05,45.5
oslo,2025-07-06,31.5
oslo,2025-07-07,75.1
oslo,2025-07-08,53.6
oslo,2025-07-09,58.5
oslo,2025-07-10,43.0
oslo,2025-07-11,33.9
oslo,2025-07-12,33.3
oslo,2025-07-13,36.4
oslo,2025-07-14,72.6
oslo,2025-07-15,62.6
oslo,2025-07-16,80.7
oslo,2025-07-17,51.3
oslo,2025-07-18,58.4
oslo,2025-07-19,35.0
oslo,2025-07-20,44.0
oslo,2025-07-21,56.3
oslo,2025-07-22,51.1
oslo,2025-07-23,45.2
oslo,2025-07-24,67.7
oslo,2025-07-25,58.9
oslo,2025-07-26,33.9
oslo,2025-07-27,62.7
oslo,2025-07-28,62.0
oslo,2025-07-29,58.3
oslo,2025-07-30,63.9
oslo,2025-07-31,47.5
oslo,2025-08-01,53.5
oslo,2025-08-02,34.6
oslo,2025-08-03,28.0
oslo,2025-08-04,57.6
oslo,2025-08-05,71.6
oslo,2025-08-06,57.4
oslo,2025-08-07,54.3
oslo,2025-08-08,61.6
oslo,2025-08-09,36.4
oslo,2025-08-10,32.5
oslo,2025-08-11,60.8
oslo,2025-08-12,60.2
oslo,2025-08-13,60.4
oslo,2025-08-14,70.9
oslo,2025-08-15,57.1
oslo,2025-08-16,28.5
oslo,2025-08-17,42.5
oslo,2025-08-18,51.2
oslo,2025-08-19,58.1
oslo,2025-08-20,58.9
oslo,2025-08-21,53.1
oslo,2025-08-22,50.5
oslo,2025-08-23,27.4
oslo,2025-08-24,26.3
oslo,2025-08-25,43.3
oslo,2025-08-26,49.8
oslo,2025-08-27,69.8
oslo,2025-08-28,67.3
oslo,2025-08-29,73.2
oslo,2025-08-30,13.1
oslo,2025-08-31,38.0
oslo,2025-09-01,64.3
oslo,2025-09-02,60.5
oslo,2025-09-03,68.4
oslo,2025-09-04,67.2
oslo,2025-09-05,65.5
oslo,2025-09-06,31.1
oslo,2025-09-07,41.0
oslo,2025-09-08,57.6
oslo,2025-09-09,74.1
oslo,2025-09-10,64.2
oslo,2025-09-11,74.1
oslo,2025-09-12,54.5
oslo,2025-09-13,46.7
oslo,2025-09-14,34.1
oslo,2025-09-15,74.5
oslo,2025-09-16,61.0
oslo,2025-09-17,45.5
oslo,2025-09-18,73.3
oslo,2025-09-19,47.6
oslo,2025-09-20,44.6
oslo,2025-09-21,33.2
oslo,2025-09-22,51.6
oslo,2025-09-23,54.6
oslo,2025-09-24,44.6
oslo,2025-09-25,54.9
oslo,2025-09-26,46.3
oslo,2025-09-27,27.1
oslo,2025-09-28,37.7
oslo,2025-09-29,63.1
oslo,2025-09-30,43.7
oslo,2025-10-01,70.6
oslo,2025-10-02,58.8
oslo,2025-10-03,52.9
oslo,2025-10-04,43.8
oslo,2025-10-05,32.5
oslo,2025-10-06,48.4
oslo,2025-10-07,83.5
oslo,2025-10-08,54.9
oslo,2025-10-09,54.6
oslo,2025-10-10,51.8
oslo,2025-10-11,39.7
oslo,2025-10-12,26.1
oslo,2025-10-13,45.7
oslo,2025-10-14,49.8
oslo,2025-10-15,65.6
oslo,2025-10-16,62.2
oslo,2025-10-17,54.1
oslo,2025-10-18,41.2
oslo,2025-10-19,36.2
oslo,2025-10-20,55.6
oslo,2025-10-21,67.4
oslo,2025-10-22,71.4
oslo,2025-10-23,51.9
oslo,2025-10-24,68.8
oslo,2025-10-25,35.3
oslo,2025-10-26,16.8
oslo,2025-10-27,65.3
oslo,2025-10-28,63.3
oslo,2025-10-29,65.7
oslo,2025-10-30,40.8
oslo,2025-10-31,51.9
oslo,2025-11-01,34.0
oslo,2025-11-02,38.7
oslo,2025-11-03,67.3
oslo,2025-11-04,73.5
oslo,2025-11-05,61.9
oslo,2025-11-06,62.2
oslo,2025-11-07,58.3
oslo,2025-11-08,27.7
oslo,2025-11-09,37.1
oslo,2025-11-10,44.3
oslo,2025-11-11,51.7
oslo,2025-11-12,72.4
oslo,2025-11-13,64.8
oslo,2025-11-14,37.4
oslo,2025-11-15,41.2
oslo,2025-11-16,29.1
oslo,2025-11-17,40.2
oslo,2025-11-18,31.3
oslo,2025-11-19,43.9
oslo,2025-11-20,54.8
oslo,2025-11-21,54.5
oslo,2025-11-22,39.2
oslo,2025-11-23,33.4
oslo,2025-11-24,46.4
oslo,2025-11-25,51.7
oslo,2025-11-26,55.3
oslo,2025-11-27,70.6
oslo,2025-11-28,49.5
oslo,2025-11-29,37.9
oslo,2025-11-30,32.8
oslo,2025-12-01,60.1
oslo,2025-12-02,64.4
oslo,2025-12-03,74.9
oslo,2025-12-04,67.7
oslo,2025-12-05,59.6
oslo,2025-12-06,45.2
oslo,2025-12-07,49.7
oslo,2025-12-08,70.4
oslo,2025-12-09,65.1
oslo,2025-12-10,77.0
oslo,2025-12-11,50.2
oslo,2025-12-12,55.8
oslo,2025-12-13,27.4
oslo,2025-12-14,30.1
oslo,2025-12-15,50.0
oslo,2025-12-16,59.5
oslo,2025-12-17,62.8
oslo,2025-12-18,62.1
oslo,2025-12-19,73.0
oslo,2025-12-20,29.3
oslo,2025-12-21,15.3
oslo,2025-12-22,49.0
oslo,2025-12-23,42.8
oslo,2025-12-24,57.0
oslo,2025-12-25,59.0
oslo,2025-12-26,57.1
oslo,2025-12-27,24.0
oslo,2025-12-28,32.2
oslo,2025-12-29,51.2
oslo,2025-12-30,45.9
oslo,2025-12-31,60.9
copenhagen,2024-01-01,75.3
copenhagen,2024-01-02,69.2
copenhagen,2024-01-03,63.9
copenhagen,2024-01-04,71.6
copenhagen,2024-01-05,51.1
copenhagen,2024-01-06,35.5
copenhagen,2024-01-07,26.2
copenhagen,2024-01-08,53.2
copenhagen,2024-01-09,35.6
copenhagen,2024-01-10,52.6
copenhagen,2024-01-11,55.7
copenhagen,2024-01-12,51.7
copenhagen,2024-01-13,46.7
copenhagen,2024-01-14,22.0
copenhagen,2024-01-15,53.2
copenhagen,2024-01-16,49.7
copenhagen,2024-01-17,57.6
copenhagen,2024-01-18,63.5
copenhagen,2024-01-19,77.5
copenhagen,2024-01-20,32.2
copenhagen,2024-01-21,27.5
copenhagen,2024-01-22,59.5
copenhagen,2024-01-23,69.9
copenhagen,2024-01-24,77.7
copenhagen,2024-01-25,54.2
copenhagen,2024-01-26,57.6
copenhagen,2024-01-27,19.8
copenhagen,2024-01-28,31.6
copenhagen,2024-01-29,59.4
copenhagen,2024-01-30,40.1
copenhagen,2024-01-31,54.1
copenhagen,2024-02-01,71.0
copenhagen,2024-02-02,57.4
copenhagen,2024-02-03,42.2
copenhagen,2024-02-04,38.6
copenhagen,2024-02-05,60.1
copenhagen,2024-02-06,66.4
copenhagen,2024-02-07,55.6
copenhagen,2024-02-08,51.0
copenhagen,2024-02-09,61.0
copenhagen,2024-02-10,43.7
copenhagen,2024-02-11,25.0
copenhagen,2024-02-12,77.4
copenhagen,2024-02-13,51.5
copenhagen,2024-02-14,57.0
copenhagen,2024-02-15,64.4
copenhagen,2024-02-16,61.8
copenhagen,2024-02-17,34.8
copenhagen,2024-02-18,21.4
copenhagen,2024-02-19,67.0
copenhagen,2024-02-20,37.7
copenhagen,2024-02-21,56.8
copenhagen,2024-02-22,66.8
copenhagen,2024-02-23,68.8
copenhagen,2024-02-24,21.1
copenhagen,2024-02-25,21.3
copenhagen,2024-02-26,49.5
copenhagen,2024-02-27,56.5
copenhagen,2024-02-28,38.7
copenhagen,2024-02-29,54.9
copenhagen,2024-03-01,57.8
copenhagen,2024-03-02,32.4
copenhagen,2024-03-03,37.0
copenhagen,2024-03-04,56.8
copenhagen,2024-03-05,52.9
copenhagen,2024-03-06,40.3
copenhagen,2024-03-07,56.1
copenhagen,2024-03-08,47.4
copenhagen,2024-03-09,25.6
copenhagen,2024-03-10,35.9
copenhagen,2024-03-11,68.0
copenhagen,2024-03-12,54.7
copenhagen,2024-03-13,60.5
copenhagen,2024-03-14,43.4
copenhagen,2024-03-15,59.4
copenhagen,2024-03-16,32.0
copenhagen,2024-03-17,40.1
copenhagen,2024-03-18,51.0
copenhagen,2024-03-19,53.1
copenhagen,2024-03-20,69.5
copenhagen,2024-03-21,66.4
copenhagen,2024-03-22,52.5
copenhagen,2024-03-23,52.8
copenhagen,2024-03-24,26.3
copenhagen,2024-03-25,57.2
copenhagen,2024-03-26,57.8
copenhagen,2024-03-27,57.1
copenhagen,2024-03-28,58.7
copenhagen,2024-03-29,67.0
copenhagen,2024-03-30,28.7
copenhagen,2024-03-31,21.6
copenhagen,2024-04-01,86.0
copenhagen,2024-04-02,67.0
copenhagen,2024-04-03,59.8
copenhagen,2024-04-04,66.1
copenhagen,2024-04-05,65.9
copenhagen,2024-04-06,26.8
copenhagen,2024-04-07,25.4
copenhagen,2024-04-08,62.0
copenhagen,2024-04-09,62.7
copenhagen,2024-04-10,64.4
copenhagen,2024-04-11,50.7
copenhagen,2024-04-12,63.0
copenhagen,2024-04-13,23.7
copenhagen,2024-04-14,45.0
copenhagen,2024-04-15,48.6
copenhagen,2024-04-16,61.7
copenhagen,2024-04-17,63.3
copenhagen,2024-04-18,60.2
copenhagen,2024-04-19,57.7
copenhagen,2024-04-20,20.4
copenhagen,2024-04-21,37.3
copenhagen,2024-04-22,45.5
copenhagen,2024-04-23,64.2
copenhagen,2024-04-24,56.5
copenhagen,2024-04-25,61.3
copenhagen,2024-04-26,72.5
copenhagen,2024-04-27,22.8
copenhagen,2024-04-28,26.5
copenhagen,2024-04-29,60.7
copenhagen,2024-04-30,50.0
copenhagen,2024-05-01,33.0
copenhagen,2024-05-02,60.2
copenhagen,2024-05-03,46.7
copenhagen,2024-05-04,34.4
copenhagen,2024-05-05,45.6
copenhagen,2024-05-06,60.4
copenhagen,2024-05-07,63.0
copenhagen,2024-05-08,56.2
copenhagen,2024-05-09,70.7
copenhagen,2024-05-10,49.8
copenhagen,2024-05-11,30.3
copenhagen,2024-05-12,35.6
copenhagen,2024-05-13,53.5
copenhagen,2024-05-14,64.2
copenhagen,2024-05-15,51.5
copenhagen,2024-05-16,71.6
copenhagen,2024-05-17,72.0
copenhagen,2024-05-18,32.5
copenhagen,2024-05-19,34.8
copenhagen,2024-05-20,66.5
copenhagen,2024-05-21,45.5
copenhagen,2024-05-22,44.5
copenhagen,2024-05-23,76.9
copenhagen,2024-05-24,57.2
copenhagen,2024-05-25,28.4
copenhagen,2024-05-26,32.8
copenhagen,2024-05-27,36.2
copenhagen,2024-05-28,62.0
copenhagen,2024-05-29,59.7
copenhagen,2024-05-30,65.6
copenhagen,2024-05-31,66.0
copenhagen,2024-06-01,35.5
copenhagen,2024-06-02,39.3
copenhagen,2024-06-03,43.8
copenhagen,2024-06-04,60.3
copenhagen,2024-06-05,64.2
copenhagen,2024-06-06,69.4
copenhagen,2024-06-07,74.1
copenhagen,2024-06-08,23.7
copenhagen,2024-06-09,28.8
copenhagen,2024-06-10,49.9
copenhagen,2024-06-11,67.4
copenhagen,2024-06-12,57.9
copenhagen,2024-06-13,55.9
copenhagen,2024-06-14,65.7
copenhagen,2024-06-15,29.0
copenhagen,2024-06-16,21.9
copenhagen,2024-06-17,46.8
copenhagen,2024-06-18,56.5
copenhagen,2024-06-19,46.0
copenhagen,2024-06-20,54.6
copenhagen,2024-06-21,59.5
copenhagen,2024-06-22,25.9
copenhagen,2024-06-23,38.0
copenhagen,2024-06-24,54.5
copenhagen,2024-06-25,63.5
copenhagen,2024-06-26,53.4
copenhagen,2024-06-27,54.8
copenhagen,2024-06-28,59.6
copenhagen,2024-06-29,30.6
copenhagen,2024-06-30,43.5
copenhagen,2024-07-01,51.7
copenhagen,2024-07-02,60.0
copenhagen,2024-07-03,51.0
copenhagen,2024-07-04,74.8
copenhagen,2024-07-05,55.9
copenhagen,2024-07-06,44.6
copenhagen,2024-07-07,33.0
copenhagen,2024-07-08,69.4
copenhagen,2024-07-09,46.3
copenhagen,2024-07-10,54.2
copenhagen,2024-07-11,60.8
copenhagen,2024-07-12,46.9
copenhagen,2024-07-13,26.8
copenhagen,2024-07-14,36.6
copenhagen,2024-07-15,56.6
copenhagen,2024-07-16,54.7
copenhagen,2024-07-17,56.9
copenhagen,2024-07-18,50.2
copenhagen,2024-07-19,68.2
copenhagen,2024-07-20,24.4
copenhagen,2024-07-21,19.7
copenhagen,2024-07-22,75.1
copenhagen,2024-07-23,54.9
copenhagen,2024-07-24,75.2
copenhagen,2024-07-25,50.8
copenhagen,2024-07-26,75.5
copenhagen,2024-07-27,39.7
copenhagen,2024-07-28,26.2
copenhagen,2024-07-29,49.1
copenhagen,2024-07-30,62.3
copenhagen,2024-07-31,59.6
copenhagen,2024-08-01,43.7
copenhagen,2024-08-02,46.0
copenhagen,2024-08-03,10.7
copenhagen,2024-08-04,42.6
copenhagen,2024-08-05,52.9
copenhagen,2024-08-06,53.7
copenhagen,2024-08-07,55.2
copenhagen,2024-08-08,53.1
copenhagen,2024-08-09,64.9
copenhagen,2024-08-10,25.2
copenhagen,2024-08-11,31.2
copenhagen,2024-08-12,59.7
copenhagen,2024-08-13,73.2
copenhagen,2024-08-14,54.8
copenhagen,2024-08-15,66.4
copenhagen,2024-08-16,62.1
copenhagen,2024-08-17,16.9
copenhagen,2024-08-18,27.4
copenhagen,2024-08-19,42.2
copenhagen,2024-08-20,55.1
copenhagen,2024-08-21,62.5
copenhagen,2024-08-22,42.7
copenhagen,2024-08-23,79.6
copenhagen,2024-08-24,25.9
copenhagen,2024-08-25,22.7
copenhagen,2024-08-26,62.2
copenhagen,2024-08-27,51.6
copenhagen,2024-08-28,63.7
copenhagen,2024-08-29,51.3
copenhagen,2024-08-30,64.4
copenhagen,2024-08-31,33.0
copenhagen,2024-09-01,35.0
copenhagen,2024-09-02,61.1
copenhagen,2024-09-03,54.3
copenhagen,2024-09-04,59.8
copenhagen,2024-09-05,61.0
copenhagen,2024-09-06,56.6
copenhagen,2024-09-07,29.1
copenhagen,2024-09-08,18.7
copenhagen,2024-09-09,73.5
copenhagen,2024-09-10,59.5
copenhagen,2024-09-11,65.4
copenhagen,2024-09-12,65.8
copenhagen,2024-09-13,43.6
copenhagen,2024-09-14,43.4
copenhagen,2024-09-15,30.1
copenhagen,2024-09-16,59.2
copenhagen,2024-09-17,51.8
copenhagen,2024-09-18,41.7
copenhagen,2024-09-19,53.9
copenhagen,2024-09-20,57.7
copenhagen,2024-09-21,35.7
copenhagen,2024-09-22,28.7
copenhagen,2024-09-23,37.5
copenhagen,2024-09-24,56.4
copenhagen,2024-09-25,74.7
copenhagen,2024-09-26,60.0
copenhagen,2024-09-27,73.0
copenhagen,2024-09-28,22.9
copenhagen,2024-09-29,28.8
copenhagen,2024-09-30,60.8
copenhagen,2024-10-01,48.4
copenhagen,2024-10-02,67.7
copenhagen,2024-10-03,55.6
copenhagen,2024-10-04,58.7
copenhagen,2024-10-05,28.1
copenhagen,2024-10-06,36.0
copenhagen,2024-10-07,79.7
copenhagen,2024-10-08,57.8
copenhagen,2024-10-09,82.6
copenhagen,2024-10-10,63.9
copenhagen,2024-10-11,61.1
copenhagen,2024-10-12,34.2
copenhagen,2024-10-13,29.0
copenhagen,2024-10-14,57.8
copenhagen,2024-10-15,55.1
copenhagen,2024-10-16,48.2
copenhagen,2024-10-17,57.9
copenhagen,2024-10-18,56.2
copenhagen,2024-10-19,30.3
copenhagen,2024-10-20,30.2
copenhagen,2024-10-21,54.8
copenhagen,2024-10-22,65.8
copenhagen,2024-10-23,56.4
copenhagen,2024-10-24,49.8
copenhagen,2024-10-25,76.3
copenhagen,2024-10-26,19.0
copenhagen,2024-10-27,28.4
copenhagen,2024-10-28,57.0
copenhagen,2024-10-29,71.9
copenhagen,2024-10-30,44.4
copenhagen,2024-10-31,58.7
copenhagen,2024-11-01,57.3
copenhagen,2024-11-02,32.9
copenhagen,2024-11-03,40.1
copenhagen,2024-11-04,65.6
copenhagen,2024-11-05,51.4
copenhagen,2024-11-06,56.8
copenhagen,2024-11-07,40.1
copenhagen,2024-11-08,56.1
copenhagen,2024-11-09,23.9
copenhagen,2024-11-10,28.8
copenhagen,2024-11-11,44.5
copenhagen,2024-11-12,58.2
copenhagen,2024-11-13,42.0
copenhagen,2024-11-14,56.2
copenhagen,2024-11-15,45.2
copenhagen,2024-11-16,25.7
copenhagen,2024-11-17,39.9
copenhagen,2024-11-18,59.7
copenhagen,2024-11-19,75.5
copenhagen,2024-11-20,70.2
copenhagen,2024-11-21,49.1
copenhagen,2024-11-22,69.2
copenhagen,2024-11-23,21.9
copenhagen,2024-11-24,43.8
copenhagen,2024-11-25,53.3
copenhagen,2024-11-26,47.6
copenhagen,2024-11-27,70.9
copenhagen,2024-11-28,76.3
copenhagen,2024-11-29,62.3
copenhagen,2024-11-30,33.0
copenhagen,2024-12-01,31.3
copenhagen,2024-12-02,62.5
copenhagen,2024-12-03,59.9
copenhagen,2024-12-04,61.8
copenhagen,2024-12-05,57.5
copenhagen,2024-12-06,66.7
copenhagen,2024-12-07,17.8
copenhagen,2024-12-08,29.7
copenhagen,2024-12-09,44.2
copenhagen,2024-12-10,57.2
copenhagen,2024-12-11,68.1
copenhagen,2024-12-12,51.2
copenhagen,2024-12-13,56.3
copenhagen,2024-12-14,37.7
copenhagen,2024-12-15,17.9
copenhagen,2024-12-16,59.6
copenhagen,2024-12-17,65.3
copenhagen,2024-12-18,38.7
copenhagen,2024-12-19,60.9
copenhagen,2024-12-20,63.8
copenhagen,2024-12-21,44.0
copenhagen,2024-12-22,33.5
copenhagen,2024-12-23,64.5
copenhagen,2024-12-24,56.7
copenhagen,2024-12-25,60.0
copenhagen,2024-12-26,54.9
copenhagen,2024-12-27,69.1
copenhagen,2024-12-28,25.2
copenhagen,2024-12-29,40.4
copenhagen,2024-12-30,74.0
copenhagen,2024-12-31,68.5
copenhagen,2025-01-01,65.5
copenhagen,2025-01-02,48.5
copenhagen,2025-01-03,75.4
copenhagen,2025-01-04,34.6
copenhagen,2025-01-05,37.1
copenhagen,2025-01-06,63.7
copenhagen,2025-01-07,58.4
copenhagen,2025-01-08,48.8
copenhagen,2025-01-09,62.3
copenhagen,2025-01-10,66.9
copenhagen,2025-01-11,43.3
copenhagen,2025-01-12,35.9
copenhagen,2025-01-13,43.9
copenhagen,2025-01-14,58.0
copenhagen,2025-01-15,72.1
copenhagen,2025-01-16,48.1
copenhagen,2025-01-17,54.5
copenhagen,2025-01-18,41.6
copenhagen,2025-01-19,35.2
copenhagen,2025-01-20,74.8
copenhagen,2025-01-21,49.1
copenhagen,2025-01-22,47.1
copenhagen,2025-01-23,78.5
copenhagen,2025-01-24,49.8
copenhagen,2025-01-25,31.9
copenhagen,2025-01-26,31.5
copenhagen,2025-01-27,70.7
copenhagen,2025-01-28,70.4
copenhagen,2025-01-29,59.8
copenhagen,2025-01-30,51.8
copenhagen,2025-01-31,64.7
copenhagen,2025-02-01,62.9
copenhagen,2025-02-02,36.2
copenhagen,2025-02-03,55.8
copenhagen,2025-02-04,44.6
copenhagen,2025-02-05,49.9
copenhagen,2025-02-06,53.3
copenhagen,2025-02-07,54.6
copenhagen,2025-02-08,30.6
copenhagen,2025-02-09,44.5
copenhagen,2025-02-10,65.5
copenhagen,2025-02-11,53.7
copenhagen,2025-02-12,45.3
copenhagen,2025-02-13,67.6
copenhagen,2025-02-14,54.6
copenhagen,2025-02-15,20.2
copenhagen,2025-02-16,35.9
copenhagen,2025-02-17,63.2
copenhagen,2025-02-18,35.6
copenhagen,2025-02-19,48.4
copenhagen,2025-02-20,54.1
copenhagen,2025-02-21,70.0
copenhagen,2025-02-22,26.1
copenhagen,2025-02-23,23.7
copenhagen,2025-02-24,66.3
copenhagen,2025-02-25,52.6
copenhagen,2025-02-26,66.8
copenhagen,2025-02-27,47.8
copenhagen,2025-02-28,48.9
copenhagen,2025-03-01,36.3
copenhagen,2025-03-02,32.3
copenhagen,2025-03-03,62.4
copenhagen,2025-03-04,50.7
copenhagen,2025-03-05,48.6
copenhagen,2025-03-06,65.9
copenhagen,2025-03-07,42.8
copenhagen,2025-03-08,40.3
copenhagen,2025-03-09,40.8
copenhagen,2025-03-10,61.9
copenhagen,2025-03-11,56.1
copenhagen,2025-03-12,57.0
copenhagen,2025-03-13,67.1
copenhagen,2025-03-14,45.5
copenhagen,2025-03-15,22.6
copenhagen,2025-03-16,36.9
copenhagen,2025-03-17,60.2
copenhagen,2025-03-18,46.6
copenhagen,2025-03-19,60.4
copenhagen,2025-03-20,58.6
copenhagen,2025-03-21,67.1
copenhagen,2025-03-22,35.3
copenhagen,2025-03-23,38.7
copenhagen,2025-03-24,58.8
copenhagen,2025-03-25,68.1
copenhagen,2025-03-26,44.7
copenhagen,2025-03-27,54.0
copenhagen,2025-03-28,54.7
copenhagen,2025-03-29,28.3
copenhagen,2025-03-30,41.4
copenhagen,2025-03-31,60.1
copenhagen,2025-04-01,58.1
copenhagen,2025-04-02,53.6
copenhagen,2025-04-03,49.1
copenhagen,2025-04-04,63.8
copenhagen,2025-04-05,33.0
copenhagen,2025-04-06,22.1
copenhagen,2025-04-07,53.5
copenhagen,2025-04-08,41.6
copenhagen,2025-04-09,55.3
copenhagen,2025-04-10,53.4
copenhagen,2025-04-11,51.0
copenhagen,2025-04-12,42.9
copenhagen,2025-04-13,21.8
copenhagen,2025-04-14,67.0
copenhagen,2025-04-15,72.5
copenhagen,2025-04-16,63.6
copenhagen,2025-04-17,54.7
copenhagen,2025-04-18,58.3
copenhagen,2025-04-19,26.5
copenhagen,2025-04-20,29.4
copenhagen,2025-04-21,49.5
copenhagen,2025-04-22,55.8
copenhagen,2025-04-23,55.1
copenhagen,2025-04-24,54.5
copenhagen,2025-04-25,59.2
copenhagen,2025-04-26,20.3
copenhagen,2025-04-27,24.8
copenhagen,2025-04-28,53.7
copenhagen,2025-04-29,53.4
copenhagen,2025-04-30,69.7
copenhagen,2025-05-01,56.9
copenhagen,2025-05-02,42.1
copenhagen,2025-05-03,41.2
copenhagen,2025-05-04,41.0
copenhagen,2025-05-05,54.3
copenhagen,2025-05-06,45.3
copenhagen,2025-05-07,69.1
copenhagen,2025-05-08,46.4
copenhagen,2025-05-09,60.3
copenhagen,2025-05-10,31.9
copenhagen,2025-05-11,35.1
copenhagen,2025-05-12,68.7
copenhagen,2025-05-13,59.5
copenhagen,2025-05-14,50.5
copenhagen,2025-05-15,63.8
copenhagen,2025-05-16,50.5
copenhagen,2025-05-17,32.3
copenhagen,2025-05-18,23.8
copenhagen,2025-05-19,47.6
copenhagen,2025-05-20,55.4
copenhagen,2025-05-21,58.8
copenhagen,2025-05-22,44.1
copenhagen,2025-05-23,64.5
copenhagen,2025-05-24,25.2
copenhagen,2025-05-25,48.1
copenhagen,2025-05-26,59.6
copenhagen,2025-05-27,59.8
copenhagen,2025-05-28,65.5
copenhagen,2025-05-29,47.9
copenhagen,2025-05-30,77.0
copenhagen,2025-05-31,30.4
copenhagen,2025-06-01,31.5
copenhagen,2025-06-02,62.2
copenhagen,2025-06-03,47.0
copenhagen,2025-06-04,46.6
copenhagen,2025-06-05,59.4
copenhagen,2025-06-06,60.0
copenhagen,2025-06-07,24.9
copenhagen,2025-06-08,44.5
copenhagen,2025-06-09,62.8
copenhagen,2025-06-10,58.7
copenhagen,2025-06-11,50.0
copenhagen,2025-06-12,47.8
copenhagen,2025-06-13,69.2
copenhagen,2025-06-14,37.5
copenhagen,2025-06-15,34.4
copenhagen,2025-06-16,61.8
copenhagen,2025-06-17,44.2
copenhagen,2025-06-18,49.6
copenhagen,2025-06-19,55.8
copenhagen,2025-06-20,58.6
copenhagen,2025-06-21,29.5
copenhagen,2025-06-22,32.4
copenhagen,2025-06-23,69.4
copenhagen,2025-06-24,64.4
copenhagen,2025-06-25,55.7
copenhagen,2025-06-26,65.3
copenhagen,2025-06-27,58.0
copenhagen,2025-06-28,37.3
copenhagen,2025-06-29,31.8
copenhagen,2025-06-30,45.6
copenhagen,2025-07-01,47.0
copenhagen,2025-07-02,58.2
copenhagen,2025-07-03,67.0
copenhagen,2025-07-04,62.0
copenhagen,2025-07-05,33.8
copenhagen,2025-07-06,38.1
copenhagen,2025-07-07,59.7
copenhagen,2025-07-08,69.0
copenhagen,2025-07-09,58.7
copenhagen,2025-07-10,49.6
copenhagen,2025-07-11,58.6
copenhagen,2025-07-12,32.5
copenhagen,2025-07-13,42.1
copenhagen,2025-07-14,56.7
copenhagen,2025-07-15,70.0
copenhagen,2025-07-16,73.3
copenhagen,2025-07-17,55.7
copenhagen,2025-07-18,56.5
copenhagen,2025-07-19,32.4
copenhagen,2025-07-20,17.8
copenhagen,2025-07-21,70.8
copenhagen,2025-07-22,68.4
copenhagen,2025-07-23,58.0
copenhagen,2025-07-24,66.8
copenhagen,2025-07-25,59.3
copenhagen,2025-07-26,41.7
copenhagen,2025-07-27,21.3
copenhagen,2025-07-28,52.5
copenhagen,2025-07-29,60.9
copenhagen,2025-07-30,69.8
copenhagen,2025-07-31,68.0
copenhagen,2025-08-01,78.4
copenhagen,2025-08-02,38.0
copenhagen,2025-08-03,46.9
copenhagen,2025-08-04,66.3
copenhagen,2025-08-05,60.8
copenhagen,2025-08-06,55.8
copenhagen,2025-08-07,62.3
copenhagen,2025-08-08,59.4
copenhagen,2025-08-09,33.8
copenhagen,2025-08-10,28.5
copenhagen,2025-08-11,52.0
copenhagen,2025-08-12,53.6
copenhagen,2025-08-13,60.8
copenhagen,2025-08-14,62.3
copenhagen,2025-08-15,48.1
copenhagen,2025-08-16,36.3
copenhagen,2025-08-17,25.0
copenhagen,2025-08-18,58.8
copenhagen,2025-08-19,53.5
copenhagen,2025-08-20,67.5
copenhagen,2025-08-21,51.9
copenhagen,2025-08-22,56.7
copenhagen,2025-08-23,37.4
copenhagen,2025-08-24,23.4
copenhagen,2025-08-25,54.4
copenhagen,2025-08-26,52.9
copenhagen,2025-08-27,56.7
copenhagen,2025-08-28,51.8
copenhagen,2025-08-29,65.8
copenhagen,2025-08-30,25.6
copenhagen,2025-08-31,34.8
copenhagen,2025-09-01,59.7
copenhagen,2025-09-02,44.9
copenhagen,2025-09-03,59.2
copenhagen,2025-09-04,44.0
copenhagen,2025-09-05,73.8
copenhagen,2025-09-06,26.2
copenhagen,2025-09-07,30.3
copenhagen,2025-09-08,45.2
copenhagen,2025-09-09,58.5
copenhagen,2025-09-10,76.2
copenhagen,2025-09-11,62.3
copenhagen,2025-09-12,54.0
copenhagen,2025-09-13,35.6
copenhagen,2025-09-14,41.6
copenhagen,2025-09-15,44.6
copenhagen,2025-09-16,75.5
copenhagen,2025-09-17,59.5
copenhagen,2025-09-18,61.1
copenhagen,2025-09-19,54.1
copenhagen,2025-09-20,16.3
copenhagen,2025-09-21,36.4
copenhagen,2025-09-22,50.5
copenhagen,2025-09-23,59.4
copenhagen,2025-09-24,53.2
copenhagen,2025-09-25,56.9
copenhagen,2025-09-26,48.8
copenhagen,2025-09-27,37.2
copenhagen,2025-09-28,21.2
copenhagen,2025-09-29,73.8
copenhagen,2025-09-30,73.5
copenhagen,2025-10-01,69.4
copenhagen,2025-10-02,66.6
copenhagen,2025-10-03,54.9
copenhagen,2025-10-04,47.1
copenhagen,2025-10-05,37.0
copenhagen,2025-10-06,43.4
copenhagen,2025-10-07,75.8
copenhagen,2025-10-08,65.7
copenhagen,2025-10-09,55.8
copenhagen,2025-10-10,45.7
copenhagen,2025-10-11,25.6
copenhagen,2025-10-12,15.8
copenhagen,2025-10-13,62.6
copenhagen,2025-10-14,48.8
copenhagen,2025-10-15,57.6
copenhagen,2025-10-16,48.3
copenhagen,2025-10-17,46.1
copenhagen,2025-10-18,32.2
copenhagen,2025-10-19,27.6
copenhagen,2025-10-20,61.7
copenhagen,2025-10-21,52.8
copenhagen,2025-10-22,50.9
copenhagen,2025-10-23,49.6
copenhagen,2025-10-24,38.4
copenhagen,2025-10-25,49.5
copenhagen,2025-10-26,47.5
copenhagen,2025-10-27,69.5
copenhagen,2025-10-28,50.9
copenhagen,2025-10-29,63.6
copenhagen,2025-10-30,75.7
copenhagen,2025-10-31,50.9
copenhagen,2025-11-01,39.7
copenhagen,2025-11-02,31.2
copenhagen,2025-11-03,62.3
copenhagen,2025-11-04,51.3
copenhagen,2025-11-05,58.7
copenhagen,2025-11-06,47.2
copenhagen,2025-11-07,58.6
copenhagen,2025-11-08,26.5
copenhagen,2025-11-09,31.3
copenhagen,2025-11-10,67.4
copenhagen,2025-11-11,58.9
copenhagen,2025-11-12,65.7
copenhagen,2025-11-13,40.9
copenhagen,2025-11-14,51.2
copenhagen,2025-11-15,30.5
copenhagen,2025-11-16,45.6
copenhagen,2025-11-17,40.4
copenhagen,2025-11-18,54.2
copenhagen,2025-11-19,80.4
copenhagen,2025-11-20,62.5
copenhagen,2025-11-21,53.3
copenhagen,2025-11-22,32.9
copenhagen,2025-11-23,31.7
copenhagen,2025-11-24,81.3
copenhagen,2025-11-25,61.1
copenhagen,2025-11-26,65.6
copenhagen,2025-11-27,56.8
copenhagen,2025-11-28,51.3
copenhagen,2025-11-29,28.6
copenhagen,2025-11-30,24.9
copenhagen,2025-12-01,58.9
copenhagen,2025-12-02,51.9
copenhagen,2025-12-03,51.0
copenhagen,2025-12-04,70.8
copenhagen,2025-12-05,56.3
copenhagen,2025-12-06,37.6
copenhagen,2025-12-07,26.7
copenhagen,2025-12-08,72.8
copenhagen,2025-12-09,61.2
copenhagen,2025-12-10,70.2
copenhagen,2025-12-11,58.4
copenhagen,2025-12-12,61.0
copenhagen,2025-12-13,31.9
copenhagen,2025-12-14,18.5
copenhagen,2025-12-15,63.1
copenhagen,2025-12-16,54.3
copenhagen,2025-12-17,61.9
copenhagen,2025-12-18,60.8
copenhagen,2025-12-19,49.1
copenhagen,2025-12-20,22.9
copenhagen,2025-12-21,35.5
copenhagen,2025-12-22,52.6
copenhagen,2025-12-23,62.5
copenhagen,2025-12-24,53.6
copenhagen,2025-12-25,63.2
copenhagen,2025-12-26,58.4
copenhagen,2025-12-27,32.6
copenhagen,2025-12-28,27.3
copenhagen,2025-12-29,56.9
copenhagen,2025-12-30,64.5
copenhagen,2025-12-31,56.2
berlin,2024-01-01,64.5
berlin,2024-01-02,69.1
berlin,2024-01-03,69.7
berlin,2024-01-04,75.9
berlin,2024-01-05,78.4
berlin,2024-01-06,32.9
berlin,2024-01-07,32.7
berlin,2024-01-08,49.4
berlin,2024-01-09,53.6
berlin,2024-01-10,57.5
berlin,2024-01-11,61.8
berlin,2024-01-12,61.0
berlin,2024-01-13,25.6
berlin,2024-01-14,44.0
berlin,2024-01-15,56.8
berlin,2024-01-16,55.6
berlin,2024-01-17,72.3
berlin,2024-01-18,66.7
berlin,2024-01-19,57.1
berlin,2024-01-20,35.9
berlin,2024-01-21,36.4
berlin,2024-01-22,74.7
berlin,2024-01-23,62.2
berlin,2024-01-24,58.1
berlin,2024-01-25,71.6
berlin,2024-01-26,73.2
berlin,2024-01-27,26.2
berlin,2024-01-28,22.0
berlin,2024-01-29,59.0
berlin,2024-01-30,53.0
berlin,2024-01-31,57.6
berlin,2024-02-01,66.7
berlin,2024-02-02,54.0
berlin,2024-02-03,25.4
berlin,2024-02-04,35.9
berlin,2024-02-05,64.5
berlin,2024-02-06,61.1
berlin,2024-02-07,58.0
berlin,2024-02-08,61.5
berlin,2024-02-09,74.5
berlin,2024-02-10,42.7
berlin,2024-02-11,31.5
berlin,2024-02-12,59.4
berlin,2024-02-13,55.4
berlin,2024-02-14,72.4
berlin,2024-02-15,58.8
berlin,2024-02-16,59.4
berlin,2024-02-17,34.0
berlin,2024-02-18,44.7
berlin,2024-02-19,70.4
berlin,2024-02-20,45.2
berlin,2024-02-21,62.1
berlin,2024-02-22,85.1
berlin,2024-02-23,44.7
berlin,2024-02-24,30.5
berlin,2024-02-25,28.4
berlin,2024-02-26,55.8
berlin,2024-02-27,56.6
berlin,2024-02-28,64.1
berlin,2024-02-29,55.7
berlin,2024-03-01,65.2
berlin,2024-03-02,30.4
berlin,2024-03-03,27.4
berlin,2024-03-04,49.9
berlin,2024-03-05,41.0
berlin,2024-03-06,57.8
berlin,2024-03-07,72.3
berlin,2024-03-08,58.7
berlin,2024-03-09,37.0
berlin,2024-03-10,26.9
berlin,2024-03-11,53.0
berlin,2024-03-12,62.9
berlin,2024-03-13,71.1
berlin,2024-03-14,67.7
berlin,2024-03-15,61.4
berlin,2024-03-16,32.6
berlin,2024-03-17,31.9
berlin,2024-03-18,49.0
berlin,2024-03-19,43.4
berlin,2024-03-20,46.0
berlin,2024-03-21,69.1
berlin,2024-03-22,66.4
berlin,2024-03-23,26.1
berlin,2024-03-24,37.5
berlin,2024-03-25,58.2
berlin,2024-03-26,45.6
berlin,2024-03-27,52.0
berlin,2024-03-28,56.3
berlin,2024-03-29,51.2
berlin,2024-03-30,38.1
berlin,2024-03-31,15.0
berlin,2024-04-01,39.4
berlin,2024-04-02,63.6
berlin,2024-04-03,69.5
berlin,2024-04-04,72.0
berlin,2024-04-05,57.3
berlin,2024-04-06,23.1
berlin,2024-04-07,30.2
berlin,2024-04-08,52.0
berlin,2024-04-09,69.6
berlin,2024-04-10,53.5
berlin,2024-04-11,54.6
berlin,2024-04-12,74.8
berlin,2024-04-13,28.7
berlin,2024-04-14,34.9
berlin,2024-04-15,73.9
berlin,2024-04-16,66.1
berlin,2024-04-17,59.8
berlin,2024-04-18,58.8
berlin,2024-04-19,69.6
berlin,2024-04-20,29.6
berlin,2024-04-21,35.3
berlin,2024-04-22,76.5
berlin,2024-04-23,64.7
berlin,2024-04-24,58.8
berlin,2024-04-25,68.4
berlin,2024-04-26,48.3
berlin,2024-04-27,28.2
berlin,2024-04-28,37.8
berlin,2024-04-29,67.7
berlin,2024-04-30,48.8
berlin,2024-05-01,51.1
berlin,2024-05-02,72.5
berlin,2024-05-03,60.2
berlin,2024-05-04,45.0
berlin,2024-05-05,39.5
berlin,2024-05-06,57.0
berlin,2024-05-07,53.4
berlin,2024-05-08,62.5
berlin,2024-05-09,65.9
berlin,2024-05-10,46.7
berlin,2024-05-11,27.9
berlin,2024-05-12,37.6
berlin,2024-05-13,54.0
berlin,2024-05-14,51.1
berlin,2024-05-15,63.1
berlin,2024-05-16,63.8
berlin,2024-05-17,51.4
berlin,2024-05-18,32.6
berlin,2024-05-19,28.1
berlin,2024-05-20,61.6
berlin,2024-05-21,56.5
berlin,2024-05-22,69.0
berlin,2024-05-23,50.3
berlin,2024-05-24,63.0
berlin,2024-05-25,28.2
berlin,2024-05-26,34.2
berlin,2024-05-27,53.0
berlin,2024-05-28,60.7
berlin,2024-05-29,43.4
berlin,2024-05-30,72.1
berlin,2024-05-31,40.9
berlin,2024-06-01,31.1
berlin,2024-06-02,50.9
berlin,2024-06-03,68.9
berlin,2024-06-04,41.4
berlin,2024-06-05,63.7
berlin,2024-06-06,47.1
berlin,2024-06-07,46.0
berlin,2024-06-08,29.3
berlin,2024-06-09,40.1
berlin,2024-06-10,66.4
berlin,2024-06-11,55.3
berlin,2024-06-12,61.5
berlin,2024-06-13,38.2
berlin,2024-06-14,52.0
berlin,2024-06-15,27.9
berlin,2024-06-16,31.3
berlin,2024-06-17,58.3
berlin,2024-06-18,67.6
berlin,2024-06-19,58.8
berlin,2024-06-20,55.2
berlin,2024-06-21,73.1
berlin,2024-06-22,36.9
berlin,2024-06-23,28.0
berlin,2024-06-24,58.5
berlin,2024-06-25,61.6
berlin,2024-06-26,50.6
berlin,2024-06-27,68.3
berlin,2024-06-28,75.3
berlin,2024-06-29,22.0
berlin,2024-06-30,52.3
berlin,2024-07-01,58.0
berlin,2024-07-02,54.4
berlin,2024-07-03,48.2
berlin,2024-07-04,79.7
berlin,2024-07-05,51.0
berlin,2024-07-06,26.4
berlin,2024-07-07,27.3
berlin,2024-07-08,55.8
berlin,2024-07-09,52.4
berlin,2024-07-10,60.0
berlin,2024-07-11,40.5
berlin,2024-07-12,62.6
berlin,2024-07-13,34.9
berlin,2024-07-14,40.8
berlin,2024-07-15,65.5
berlin,2024-07-16,57.1
berlin,2024-07-17,61.8
berlin,2024-07-18,46.2
berlin,2024-07-19,61.1
berlin,2024-07-20,25.7
berlin,2024-07-21,22.0
berlin,2024-07-22,57.4
berlin,2024-07-23,73.9
berlin,2024-07-24,57.0
berlin,2024-07-25,67.0
berlin,2024-07-26,51.2
berlin,2024-07-27,46.2
berlin,2024-07-28,32.6
berlin,2024-07-29,56.8
berlin,2024-07-30,56.7
berlin,2024-07-31,60.3
berlin,2024-08-01,57.0
berlin,2024-08-02,49.1
berlin,2024-08-03,37.3
berlin,2024-08-04,51.7
berlin,2024-08-05,50.6
berlin,2024-08-06,40.3
berlin,2024-08-07,59.0
berlin,2024-08-08,53.7
berlin,2024-08-09,62.5
berlin,2024-08-10,34.7
berlin,2024-08-11,26.6
berlin,2024-08-12,52.8
berlin,2024-08-13,54.2
berlin,2024-08-14,75.0
berlin,2024-08-15,57.2
berlin,2024-08-16,45.1
berlin,2024-08-17,20.7
berlin,2024-08-18,31.5
berlin,2024-08-19,46.0
berlin,2024-08-20,43.3
berlin,2024-08-21,61.7
berlin,2024-08-22,60.5
berlin,2024-08-23,52.1
berlin,2024-08-24,32.6
berlin,2024-08-25,31.8
berlin,2024-08-26,59.8
berlin,2024-08-27,59.8
berlin,2024-08-28,34.2
berlin,2024-08-29,53.1
berlin,2024-08-30,65.7
berlin,2024-08-31,27.0
berlin,2024-09-01,31.7
berlin,2024-09-02,61.0
berlin,2024-09-03,55.9
berlin,2024-09-04,67.1
berlin,2024-09-05,64.0
berlin,2024-09-06,54.1
berlin,2024-09-07,28.7
berlin,2024-09-08,7.4
berlin,2024-09-09,66.1
berlin,2024-09-10,44.4
berlin,2024-09-11,58.1
berlin,2024-09-12,56.8
berlin,2024-09-13,74.3
berlin,2024-09-14,42.3
berlin,2024-09-15,30.2
berlin,2024-09-16,87.0
berlin,2024-09-17,56.9
berlin,2024-09-18,44.5
berlin,2024-09-19,50.8
berlin,2024-09-20,52.0
berlin,2024-09-21,35.0
berlin,2024-09-22,22.7
berlin,2024-09-23,52.6
berlin,2024-09-24,67.5
berlin,2024-09-25,58.8
berlin,2024-09-26,75.2
berlin,2024-09-27,62.1
berlin,2024-09-28,40.0
berlin,2024-09-29,27.6
berlin,2024-09-30,64.6
berlin,2024-10-01,57.8
berlin,2024-10-02,57.6
berlin,2024-10-03,57.4
berlin,2024-10-04,57.3
berlin,2024-10-05,40.0
berlin,2024-10-06,25.4
berlin,2024-10-07,51.5
berlin,2024-10-08,67.0
berlin,2024-10-09,73.3
berlin,2024-10-10,58.6
berlin,2024-10-11,51.3
berlin,2024-10-12,19.5
berlin,2024-10-13,31.3
berlin,2024-10-14,66.1
berlin,2024-10-15,55.7
berlin,2024-10-16,49.1
berlin,2024-10-17,64.9
berlin,2024-10-18,50.3
berlin,2024-10-19,41.6
berlin,2024-10-20,41.5
berlin,2024-10-21,64.0
berlin,2024-10-22,43.0
berlin,2024-10-23,73.3
berlin,2024-10-24,58.1
berlin,2024-10-25,52.4
berlin,2024-10-26,37.9
berlin,2024-10-27,36.0
berlin,2024-10-28,67.1
berlin,2024-10-29,50.8
berlin,2024-10-30,57.5
berlin,2024-10-31,45.5
berlin,2024-11-01,60.3
berlin,2024-11-02,30.5
berlin,2024-11-03,32.5
berlin,2024-11-04,53.8
berlin,2024-11-05,53.0
berlin,2024-11-06,48.1
berlin,2024-11-07,61.3
berlin,2024-11-08,66.9
berlin,2024-11-09,25.8
berlin,2024-11-10,34.7
berlin,2024-11-11,59.6
berlin,2024-11-12,55.3
berlin,2024-11-13,44.4
berlin,2024-11-14,45.4
berlin,2024-11-15,49.0
berlin,2024-11-16,13.1
berlin,2024-11-17,47.1
berlin,2024-11-18,59.9
berlin,2024-11-19,68.5
berlin,2024-11-20,39.1
berlin,2024-11-21,41.5
berlin,2024-11-22,56.1
berlin,2024-11-23,46.0
berlin,2024-11-24,32.2
berlin,2024-11-25,62.2
berlin,2024-11-26,56.1
berlin,2024-11-27,68.1
berlin,2024-11-28,78.5
berlin,2024-11-29,52.5
berlin,2024-11-30,24.7
berlin,2024-12-01,41.6
berlin,2024-12-02,55.4
berlin,2024-12-03,67.3
berlin,2024-12-04,50.1
berlin,2024-12-05,66.5
berlin,2024-12-06,70.9
berlin,2024-12-07,38.9
berlin,2024-12-08,33.3
berlin,2024-12-09,56.7
berlin,2024-12-10,55.3
berlin,2024-12-11,51.5
berlin,2024-12-12,62.7
berlin,2024-12-13,53.4
berlin,2024-12-14,20.4
berlin,2024-12-15,21.4
berlin,2024-12-16,44.5
berlin,2024-12-17,60.8
berlin,2024-12-18,47.7
berlin,2024-12-19,69.5
berlin,2024-12-20,56.6
berlin,2024-12-21,32.3
berlin,2024-12-22,39.4
berlin,2024-12-23,61.8
berlin,2024-12-24,33.3
berlin,2024-12-25,53.2
berlin,2024-12-26,59.5
berlin,2024-12-27,68.1
berlin,2024-12-28,43.7
berlin,2024-12-29,19.3
berlin,2024-12-30,52.2
berlin,2024-12-31,42.5
berlin,2025-01-01,68.5
berlin,2025-01-02,73.3
berlin,2025-01-03,66.3
berlin,2025-01-04,31.6
berlin,2025-01-05,48.9
berlin,2025-01-06,78.4
berlin,2025-01-07,69.5
berlin,2025-01-08,59.8
berlin,2025-01-09,66.0
berlin,2025-01-10,73.8
berlin,2025-01-11,40.4
berlin,2025-01-12,28.7
berlin,2025-01-13,52.2
berlin,2025-01-14,70.9
berlin,2025-01-15,68.6
berlin,2025-01-16,49.0
berlin,2025-01-17,52.9
berlin,2025-01-18,33.1
berlin,2025-01-19,34.1
berlin,2025-01-20,50.8
berlin,2025-01-21,70.1
berlin,2025-01-22,58.4
berlin,2025-01-23,71.4
berlin,2025-01-24,74.3
berlin,2025-01-25,28.0
berlin,2025-01-26,37.1
berlin,2025-01-27,49.6
berlin,2025-01-28,60.2
berlin,2025-01-29,49.4
berlin,2025-01-30,63.5
berlin,2025-01-31,65.2
berlin,2025-02-01,28.0
berlin,2025-02-02,29.4
berlin,2025-02-03,61.1
berlin,2025-02-04,45.9
berlin,2025-02-05,56.6
berlin,2025-02-06,60.6
berlin,2025-02-07,40.7
berlin,2025-02-08,35.7
berlin,2025-02-09,16.9
berlin,2025-02-10,54.1
berlin,2025-02-11,45.7
berlin,2025-02-12,66.4
berlin,2025-02-13,59.5
berlin,2025-02-14,45.6
berlin,2025-02-15,33.3
berlin,2025-02-16,27.1
berlin,2025-02-17,43.0
berlin,2025-02-18,59.2
berlin,2025-02-19,39.1
berlin,2025-02-20,46.7
berlin,2025-02-21,50.4
berlin,2025-02-22,36.7
berlin,2025-02-23,40.6
berlin,2025-02-24,63.8
berlin,2025-02-25,64.8
berlin,2025-02-26,46.3
berlin,2025-02-27,62.0
berlin,2025-02-28,75.3
berlin,2025-03-01,40.4
berlin,2025-03-02,34.0
berlin,2025-03-03,45.5
berlin,2025-03-04,50.8
berlin,2025-03-05,70.5
berlin,2025-03-06,43.7
berlin,2025-03-07,45.8
berlin,2025-03-08,37.8
berlin,2025-03-09,26.8
berlin,2025-03-10,45.5
berlin,2025-03-11,67.2
berlin,2025-03-12,64.5
berlin,2025-03-13,52.2
berlin,2025-03-14,47.5
berlin,2025-03-15,47.5
berlin,2025-03-16,31.0
berlin,2025-03-17,66.2
berlin,2025-03-18,62.1
berlin,2025-03-19,50.8
berlin,2025-03-20,50.9
berlin,2025-03-21,66.6
berlin,2025-03-22,42.0
berlin,2025-03-23,15.2
berlin,2025-03-24,59.4
berlin,2025-03-25,54.0
berlin,2025-03-26,48.9
berlin,2025-03-27,57.1
berlin,2025-03-28,44.2
berlin,2025-03-29,26.5
berlin,2025-03-30,31.4
berlin,2025-03-31,53.2
berlin,2025-04-01,54.4
berlin,2025-04-02,46.9
berlin,2025-04-03,67.6
berlin,2025-04-04,58.9
berlin,2025-04-05,44.6
berlin,2025-04-06,29.0
berlin,2025-04-07,50.6
berlin,2025-04-08,69.1
berlin,2025-04-09,50.7
berlin,2025-04-10,53.6
berlin,2025-04-11,62.1
berlin,2025-04-12,20.3
berlin,2025-04-13,35.9
berlin,2025-04-14,61.3
berlin,2025-04-15,65.4
berlin,2025-04-16,62.1
berlin,2025-04-17,65.4
berlin,2025-04-18,64.3
berlin,2025-04-19,29.1
berlin,2025-04-20,47.1
berlin,2025-04-21,46.4
berlin,2025-04-22,55.7
berlin,2025-04-23,63.1
berlin,2025-04-24,68.0
berlin,2025-04-25,56.5
berlin,2025-04-26,38.2
berlin,2025-04-27,14.3
berlin,2025-04-28,51.0
berlin,2025-04-29,40.0
berlin,2025-04-30,61.2
berlin,2025-05-01,42.6
berlin,2025-05-02,46.4
berlin,2025-05-03,35.9
berlin,2025-05-04,39.5
berlin,2025-05-05,53.7
berlin,2025-05-06,59.6
berlin,2025-05-07,59.3
berlin,2025-05-08,53.3
berlin,2025-05-09,46.2
berlin,2025-05-10,34.9
berlin,2025-05-11,35.2
berlin,2025-05-12,62.2
berlin,2025-05-13,57.5
berlin,2025-05-14,45.7
berlin,2025-05-15,62.7
berlin,2025-05-16,59.4
berlin,2025-05-17,29.0
berlin,2025-05-18,31.5
berlin,2025-05-19,51.4
berlin,2025-05-20,62.1
berlin,2025-05-21,43.7
berlin,2025-05-22,47.6
berlin,2025-05-23,58.1
berlin,2025-05-24,43.3
berlin,2025-05-25,43.4
berlin,2025-05-26,42.1
berlin,2025-05-27,65.8
berlin,2025-05-28,78.4
berlin,2025-05-29,45.9
berlin,2025-05-30,45.3
berlin,2025-05-31,31.2
berlin,2025-06-01,42.9
berlin,2025-06-02,68.3
berlin,2025-06-03,48.0
berlin,2025-06-04,77.0
berlin,2025-06-05,41.3
berlin,2025-06-06,56.2
berlin,2025-06-07,34.5
berlin,2025-06-08,47.0
berlin,2025-06-09,75.3
berlin,2025-06-10,76.4
berlin,2025-06-11,46.7
berlin,2025-06-12,61.9
berlin,2025-06-13,59.1
berlin,2025-06-14,16.9
berlin,2025-06-15,16.3
berlin,2025-06-16,63.9
berlin,2025-06-17,53.6
berlin,2025-06-18,44.7
berlin,2025-06-19,53.3
berlin,2025-06-20,57.9
berlin,2025-06-21,29.6
berlin,2025-06-22,17.8
berlin,2025-06-23,78.1
berlin,2025-06-24,67.7
berlin,2025-06-25,64.7
berlin,2025-06-26,61.7
berlin,2025-06-27,62.0
berlin,2025-06-28,21.2
berlin,2025-06-29,34.3
berlin,2025-06-30,44.4
berlin,2025-07-01,54.4
berlin,2025-07-02,45.7
berlin,2025-07-03,46.6
berlin,2025-07-04,68.2
berlin,2025-07-05,30.7
berlin,2025-07-06,31.9
berlin,2025-07-07,52.7
berlin,2025-07-08,51.9
berlin,2025-07-09,64.7
berlin,2025-07-10,68.4
berlin,2025-07-11,51.5
berlin,2025-07-12,39.5
berlin,2025-07-13,40.7
berlin,2025-07-14,79.0
berlin,2025-07-15,58.3
berlin,2025-07-16,50.8
berlin,2025-07-17,60.8
berlin,2025-07-18,48.1
berlin,2025-07-19,36.1
berlin,2025-07-20,8.5
berlin,2025-07-21,65.2
berlin,2025-07-22,80.2
berlin,2025-07-23,68.8
berlin,2025-07-24,66.0
berlin,2025-07-25,55.6
berlin,2025-07-26,18.3
berlin,2025-07-27,42.8
berlin,2025-07-28,67.9
berlin,2025-07-29,58.9
berlin,2025-07-30,46.3
berlin,2025-07-31,64.3
berlin,2025-08-01,59.6
berlin,2025-08-02,44.4
berlin,2025-08-03,53.6
berlin,2025-08-04,72.6
berlin,2025-08-05,63.7
berlin,2025-08-06,36.7
berlin,2025-08-07,41.5
berlin,2025-08-08,67.4
berlin,2025-08-09,22.0
berlin,2025-08-10,27.3
berlin,2025-08-11,60.2
berlin,2025-08-12,66.9
berlin,2025-08-13,53.4
berlin,2025-08-14,51.8
berlin,2025-08-15,56.9
berlin,2025-08-16,25.2
berlin,2025-08-17,26.0
berlin,2025-08-18,58.3
berlin,2025-08-19,56.5
berlin,2025-08-20,72.1
berlin,2025-08-21,58.5
berlin,2025-08-22,64.5
berlin,2025-08-23,23.3
berlin,2025-08-24,34.5
berlin,2025-08-25,49.5
berlin,2025-08-26,58.2
berlin,2025-08-27,60.5
berlin,2025-08-28,69.1
berlin,2025-08-29,80.6
berlin,2025-08-30,42.0
berlin,2025-08-31,39.7
berlin,2025-09-01,66.3
berlin,2025-09-02,82.9
berlin,2025-09-03,43.5
berlin,2025-09-04,66.0
berlin,2025-09-05,60.8
berlin,2025-09-06,25.9
berlin,2025-09-07,34.7
berlin,2025-09-08,64.9
berlin,2025-09-09,45.8
berlin,2025-09-10,64.6
berlin,2025-09-11,64.3
berlin,2025-09-12,67.3
berlin,2025-09-13,42.1
berlin,2025-09-14,59.1
berlin,2025-09-15,72.1
berlin,2025-09-16,50.5
berlin,2025-09-17,45.5
berlin,2025-09-18,53.8
berlin,2025-09-19,47.5
berlin,2025-09-20,34.0
berlin,2025-09-21,34.3
berlin,2025-09-22,56.0
berlin,2025-09-23,71.2
berlin,2025-09-24,49.1
berlin,2025-09-25,54.9
berlin,2025-09-26,60.4
berlin,2025-09-27,37.4
berlin,2025-09-28,40.5
berlin,2025-09-29,58.4
berlin,2025-09-30,63.4
berlin,2025-10-01,50.0
berlin,2025-10-02,62.3
berlin,2025-10-03,62.2
berlin,2025-10-04,49.9
berlin,2025-10-05,20.2
berlin,2025-10-06,50.5
berlin,2025-10-07,66.3
berlin,2025-10-08,42.0
berlin,2025-10-09,60.9
berlin,2025-10-10,67.3
berlin,2025-10-11,26.2
berlin,2025-10-12,28.0
berlin,2025-10-13,46.7
berlin,2025-10-14,57.2
berlin,2025-10-15,51.9
berlin,2025-10-16,51.2
berlin,2025-10-17,50.5
berlin,2025-10-18,28.1
berlin,2025-10-19,28.0
berlin,2025-10-20,70.8
berlin,2025-10-21,55.1
berlin,2025-10-22,61.9
berlin,2025-10-23,57.0
berlin,2025-10-24,50.6
berlin,2025-10-25,18.9
berlin,2025-10-26,25.2
berlin,2025-10-27,52.8
berlin,2025-10-28,70.2
berlin,2025-10-29,63.6
berlin,2025-10-30,54.5
berlin,2025-10-31,50.6
berlin,2025-11-01,26.7
berlin,2025-11-02,28.7
berlin,2025-11-03,65.0
berlin,2025-11-04,51.4
berlin,2025-11-05,54.6
berlin,2025-11-06,66.6
berlin,2025-11-07,58.7
berlin,2025-11-08,24.2
berlin,2025-11-09,31.5
berlin,2025-11-10,48.9
berlin,2025-11-11,61.9
berlin,2025-11-12,59.1
berlin,2025-11-13,44.1
berlin,2025-11-14,70.2
berlin,2025-11-15,36.9
berlin,2025-11-16,40.4
berlin,2025-11-17,75.4
berlin,2025-11-18,59.1
berlin,2025-11-19,58.1
berlin,2025-11-20,76.2
berlin,2025-11-21,48.0
berlin,2025-11-22,19.7
berlin,2025-11-23,5.0
berlin,2025-11-24,56.4
berlin,2025-11-25,48.4
berlin,2025-11-26,58.2
berlin,2025-11-27,39.2
berlin,2025-11-28,54.8
berlin,2025-11-29,34.9
berlin,2025-11-30,23.4
berlin,2025-12-01,58.3
berlin,2025-12-02,50.5
berlin,2025-12-03,54.7
berlin,2025-12-04,59.8
berlin,2025-12-05,70.9
berlin,2025-12-06,31.0
berlin,2025-12-07,24.0
berlin,2025-12-08,65.1
berlin,2025-12-09,73.8
berlin,2025-12-10,48.8
berlin,2025-12-11,53.6
berlin,2025-12-12,51.9
berlin,2025-12-13,29.4
berlin,2025-12-14,22.2
berlin,2025-12-15,40.2
berlin,2025-12-16,59.2
berlin,2025-12-17,62.7
berlin,2025-12-18,40.9
berlin,2025-12-19,59.3
berlin,2025-12-20,39.1
berlin,2025-12-21,35.0
berlin,2025-12-22,51.7
berlin,2025-12-23,47.5
berlin,2025-12-24,55.6
berlin,2025-12-25,57.0
berlin,2025-12-26,55.8
berlin,2025-12-27,28.8
berlin,2025-12-28,21.6
berlin,2025-12-29,60.9
berlin,2025-12-30,60.4
berlin,2025-12-31,63.5
amsterdam,2024-01-01,69.4
amsterdam,2024-01-02,82.2
amsterdam,2024-01-03,63.8
amsterdam,2024-01-04,79.0
amsterdam,2024-01-05,58.2
amsterdam,2024-01-06,39.1
amsterdam,2024-01-07,41.0
amsterdam,2024-01-08,53.2
amsterdam,2024-01-09,68.3
amsterdam,2024-01-10,58.8
amsterdam,2024-01-11,48.0
amsterdam,2024-01-12,52.0
amsterdam,2024-01-13,40.2
amsterdam,2024-01-14,42.9
amsterdam,2024-01-15,54.5
amsterdam,2024-01-16,62.1
amsterdam,2024-01-17,56.6
amsterdam,2024-01-18,52.6
amsterdam,2024-01-19,76.9
amsterdam,2024-01-20,32.1
amsterdam,2024-01-21,30.2
amsterdam,2024-01-22,78.3
amsterdam,2024-01-23,65.8
amsterdam,2024-01-24,64.7
amsterdam,2024-01-25,42.8
amsterdam,2024-01-26,64.0
amsterdam,2024-01-27,38.6
amsterdam,2024-01-28,42.8
amsterdam,2024-01-29,48.8
amsterdam,2024-01-30,50.1
amsterdam,2024-01-31,67.2
amsterdam,2024-02-01,52.8
amsterdam,2024-02-02,53.7
amsterdam,2024-02-03,43.5
amsterdam,2024-02-04,28.0
amsterdam,2024-02-05,39.6
amsterdam,2024-02-06,58.3
amsterdam,2024-02-07,62.5
amsterdam,2024-02-08,53.8
amsterdam,2024-02-09,66.4
amsterdam,2024-02-10,23.0
amsterdam,2024-02-11,50.9
amsterdam,2024-02-12,86.1
amsterdam,2024-02-13,53.4
amsterdam,2024-02-14,70.8
amsterdam,2024-02-15,61.1
amsterdam,2024-02-16,53.9
amsterdam,2024-02-17,45.1
amsterdam,2024-02-18,34.1
amsterdam,2024-02-19,54.6
amsterdam,2024-02-20,49.7
amsterdam,2024-02-21,77.9
amsterdam,2024-02-22,42.6
amsterdam,2024-02-23,59.7
amsterdam,2024-02-24,36.1
amsterdam,2024-02-25,28.0
amsterdam,2024-02-26,62.5
amsterdam,2024-02-27,64.6
amsterdam,2024-02-28,44.0
amsterdam,2024-02-29,85.5
amsterdam,2024-03-01,57.4
amsterdam,2024-03-02,45.9
amsterdam,2024-03-03,31.9
amsterdam,2024-03-04,51.8
amsterdam,2024-03-05,52.8
amsterdam,2024-03-06,55.0
amsterdam,2024-03-07,56.7
amsterdam,2024-03-08,47.6
amsterdam,2024-03-09,28.4
amsterdam,2024-03-10,24.1
amsterdam,2024-03-11,59.0
amsterdam,2024-03-12,51.8
amsterdam,2024-03-13,49.1
amsterdam,2024-03-14,56.3
amsterdam,2024-03-15,65.3
amsterdam,2024-03-16,32.1
amsterdam,2024-03-17,52.2
amsterdam,2024-03-18,37.3
amsterdam,2024-03-19,58.8
amsterdam,2024-03-20,60.0
amsterdam,2024-03-21,61.5
amsterdam,2024-03-22,63.5
amsterdam,2024-03-23,34.1
amsterdam,2024-03-24,39.2
amsterdam,2024-03-25,49.6
amsterdam,2024-03-26,59.9
amsterdam,2024-03-27,41.9
amsterdam,2024-03-28,65.9
amsterdam,2024-03-29,57.0
amsterdam,2024-03-30,31.3
amsterdam,2024-03-31,36.0
amsterdam,2024-04-01,53.7
amsterdam,2024-04-02,67.3
amsterdam,2024-04-03,94.6
amsterdam,2024-04-04,78.5
amsterdam,2024-04-05,64.2
amsterdam,2024-04-06,35.3
amsterdam,2024-04-07,38.7
amsterdam,2024-04-08,53.4
amsterdam,2024-04-09,49.9
amsterdam,2024-04-10,55.3
amsterdam,2024-04-11,65.0
amsterdam,2024-04-12,42.1
amsterdam,2024-04-13,24.5
amsterdam,2024-04-14,34.8
amsterdam,2024-04-15,69.1
amsterdam,2024-04-16,80.1
amsterdam,2024-04-17,57.5
amsterdam,2024-04-18,79.9
amsterdam,2024-04-19,56.4
amsterdam,2024-04-20,17.0
amsterdam,2024-04-21,32.5
amsterdam,2024-04-22,47.0
amsterdam,2024-04-23,58.5
amsterdam,2024-04-24,67.6
amsterdam,2024-04-25,63.6
amsterdam,2024-04-26,49.1
amsterdam,2024-04-27,41.3
amsterdam,2024-04-28,31.6
amsterdam,2024-04-29,68.0
amsterdam,2024-04-30,54.7
amsterdam,2024-05-01,53.1
amsterdam,2024-05-02,42.6
amsterdam,2024-05-03,67.4
amsterdam,2024-05-04,27.7
amsterdam,2024-05-05,26.7
amsterdam,2024-05-06,59.2
amsterdam,2024-05-07,41.6
amsterdam,2024-05-08,69.6
amsterdam,2024-05-09,56.3
amsterdam,2024-05-10,54.6
amsterdam,2024-05-11,22.0
amsterdam,2024-05-12,36.4
amsterdam,2024-05-13,58.0
amsterdam,2024-05-14,50.6
amsterdam,2024-05-15,70.3
amsterdam,2024-05-16,52.8
amsterdam,2024-05-17,55.7
amsterdam,2024-05-18,24.3
amsterdam,2024-05-19,34.0
amsterdam,2024-05-20,68.7
amsterdam,2024-05-21,77.1
amsterdam,2024-05-22,61.4
amsterdam,2024-05-23,63.4
amsterdam,2024-05-24,63.7
amsterdam,2024-05-25,30.3
amsterdam,2024-05-26,40.9
amsterdam,2024-05-27,66.3
amsterdam,2024-05-28,63.7
amsterdam,2024-05-29,69.1
amsterdam,2024-05-30,58.9
amsterdam,2024-05-31,67.5
amsterdam,2024-06-01,28.6
amsterdam,2024-06-02,19.8
amsterdam,2024-06-03,55.9
amsterdam,2024-06-04,59.6
amsterdam,2024-06-05,50.4
amsterdam,2024-06-06,53.6
amsterdam,2024-06-07,69.9
amsterdam,2024-06-08,35.5
amsterdam,2024-06-09,27.1
amsterdam,2024-06-10,64.2
amsterdam,2024-06-11,73.8
amsterdam,2024-06-12,40.8
amsterdam,2024-06-13,64.7
amsterdam,2024-06-14,48.5
amsterdam,2024-06-15,26.5
amsterdam,2024-06-16,33.7
amsterdam,2024-06-17,73.5
amsterdam,2024-06-18,75.0
amsterdam,2024-06-19,66.2
amsterdam,2024-06-20,57.9
amsterdam,2024-06-21,53.9
amsterdam,2024-06-22,31.5
amsterdam,2024-06-23,26.0
amsterdam,2024-06-24,48.5
amsterdam,2024-06-25,56.2
amsterdam,2024-06-26,51.2
amsterdam,2024-06-27,62.0
amsterdam,2024-06-28,39.8
amsterdam,2024-06-29,30.9
amsterdam,2024-06-30,24.7
amsterdam,2024-07-01,54.2
amsterdam,2024-07-02,71.2
amsterdam,2024-07-03,59.8
amsterdam,2024-07-04,65.9
amsterdam,2024-07-05,62.9
amsterdam,2024-07-06,32.5
amsterdam,2024-07-07,34.0
amsterdam,2024-07-08,55.4
amsterdam,2024-07-09,62.6
amsterdam,2024-07-10,58.1
amsterdam,2024-07-11,55.0
amsterdam,2024-07-12,63.9
amsterdam,2024-07-13,50.5
amsterdam,2024-07-14,36.6
amsterdam,2024-07-15,65.7
amsterdam,2024-07-16,69.9
amsterdam,2024-07-17,46.8
amsterdam,2024-07-18,51.8
amsterdam,2024-07-19,52.4
amsterdam,2024-07-20,20.3
amsterdam,2024-07-21,40.9
amsterdam,2024-07-22,54.0
amsterdam,2024-07-23,61.5
amsterdam,2024-07-24,50.5
amsterdam,2024-07-25,83.9
amsterdam,2024-07-26,60.4
amsterdam,2024-07-27,15.7
amsterdam,2024-07-28,17.5
amsterdam,2024-07-29,61.1
amsterdam,2024-07-30,65.7
amsterdam,2024-07-31,49.5
amsterdam,2024-08-01,65.8
amsterdam,2024-08-02,62.6
amsterdam,2024-08-03,31.6
amsterdam,2024-08-04,28.2
amsterdam,2024-08-05,56.4
amsterdam,2024-08-06,62.0
amsterdam,2024-08-07,60.1
amsterdam,2024-08-08,52.3
amsterdam,2024-08-09,67.4
amsterdam,2024-08-10,46.1
amsterdam,2024-08-11,32.3
amsterdam,2024-08-12,62.0
amsterdam,2024-08-13,59.3
amsterdam,2024-08-14,68.2
amsterdam,2024-08-15,56.4
amsterdam,2024-08-16,75.9
amsterdam,2024-08-17,36.0
amsterdam,2024-08-18,32.4
amsterdam,2024-08-19,49.4
amsterdam,2024-08-20,71.8
amsterdam,2024-08-21,54.7
amsterdam,2024-08-22,53.9
amsterdam,2024-08-23,81.7
amsterdam,2024-08-24,25.5
amsterdam,2024-08-25,39.9
amsterdam,2024-08-26,51.7
amsterdam,2024-08-27,56.0
amsterdam,2024-08-28,75.5
amsterdam,2024-08-29,47.3
amsterdam,2024-08-30,49.2
amsterdam,2024-08-31,30.1
amsterdam,2024-09-01,25.4
amsterdam,2024-09-02,65.6
amsterdam,2024-09-03,64.5
amsterdam,2024-09-04,66.0
amsterdam,2024-09-05,44.4
amsterdam,2024-09-06,54.3
amsterdam,2024-09-07,28.4
amsterdam,2024-09-08,18.8
amsterdam,2024-09-09,72.1
amsterdam,2024-09-10,56.5
amsterdam,2024-09-11,60.4
amsterdam,2024-09-12,62.2
amsterdam,2024-09-13,50.3
amsterdam,2024-09-14,18.1
amsterdam,2024-09-15,46.6
amsterdam,2024-09-16,48.4
amsterdam,2024-09-17,53.4
amsterdam,2024-09-18,53.3
amsterdam,2024-09-19,60.7
amsterdam,2024-09-20,58.7
amsterdam,2024-09-21,23.6
amsterdam,2024-09-22,28.6
amsterdam,2024-09-23,59.5
amsterdam,2024-09-24,67.9
amsterdam,2024-09-25,59.4
amsterdam,2024-09-26,84.9
amsterdam,2024-09-27,62.7
amsterdam,2024-09-28,34.4
amsterdam,2024-09-29,21.0
amsterdam,2024-09-30,58.4
amsterdam,2024-10-01,61.8
amsterdam,2024-10-02,53.0
amsterdam,2024-10-03,51.7
amsterdam,2024-10-04,47.2
amsterdam,2024-10-05,35.8
amsterdam,2024-10-06,24.0
amsterdam,2024-10-07,55.5
amsterdam,2024-10-08,56.5
amsterdam,2024-10-09,67.3
amsterdam,2024-10-10,60.6
amsterdam,2024-10-11,54.2
amsterdam,2024-10-12,23.0
amsterdam,2024-10-13,22.9
amsterdam,2024-10-14,45.0
amsterdam,2024-10-15,65.5
amsterdam,2024-10-16,59.2
amsterdam,2024-10-17,49.5
amsterdam,2024-10-18,52.4
amsterdam,2024-10-19,28.3
amsterdam,2024-10-20,27.4
amsterdam,2024-10-21,72.4
amsterdam,2024-10-22,60.9
amsterdam,2024-10-23,72.5
amsterdam,2024-10-24,65.0
amsterdam,2024-10-25,71.0
amsterdam,2024-10-26,35.6
amsterdam,2024-10-27,27.0
amsterdam,2024-10-28,66.7
amsterdam,2024-10-29,58.3
amsterdam,2024-10-30,68.0
amsterdam,2024-10-31,58.2
amsterdam,2024-11-01,57.4
amsterdam,2024-11-02,31.3
amsterdam,2024-11-03,44.2
amsterdam,2024-11-04,43.5
amsterdam,2024-11-05,69.7
amsterdam,2024-11-06,53.8
amsterdam,2024-11-07,43.8
amsterdam,2024-11-08,49.0
amsterdam,2024-11-09,17.0
amsterdam,2024-11-10,36.2
amsterdam,2024-11-11,54.4
amsterdam,2024-11-12,56.3
amsterdam,2024-11-13,64.1
amsterdam,2024-11-14,49.9
amsterdam,2024-11-15,52.9
amsterdam,2024-11-16,25.1
amsterdam,2024-11-17,34.7
amsterdam,2024-11-18,89.3
amsterdam,2024-11-19,75.0
amsterdam,2024-11-20,66.6
amsterdam,2024-11-21,63.9
amsterdam,2024-11-22,68.4
amsterdam,2024-11-23,38.9
amsterdam,2024-11-24,27.8
amsterdam,2024-11-25,73.0
amsterdam,2024-11-26,50.7
amsterdam,2024-11-27,61.1
amsterdam,2024-11-28,58.8
amsterdam,2024-11-29,45.7
amsterdam,2024-11-30,36.1
amsterdam,2024-12-01,30.1
amsterdam,2024-12-02,49.2
amsterdam,2024-12-03,56.4
amsterdam,2024-12-04,43.2
amsterdam,2024-12-05,74.3
amsterdam,2024-12-06,58.8
amsterdam,2024-12-07,51.1
amsterdam,2024-12-08,42.9
amsterdam,2024-12-09,47.1
amsterdam,2024-12-10,38.8
amsterdam,2024-12-11,49.0
amsterdam,2024-12-12,46.1
amsterdam,2024-12-13,69.6
amsterdam,2024-12-14,32.7
amsterdam,2024-12-15,38.2
amsterdam,2024-12-16,53.8
amsterdam,2024-12-17,53.6
amsterdam,2024-12-18,60.8
amsterdam,2024-12-19,77.6
amsterdam,2024-12-20,61.1
amsterdam,2024-12-21,29.2
amsterdam,2024-12-22,50.8
amsterdam,2024-12-23,55.1
amsterdam,2024-12-24,54.1
amsterdam,2024-12-25,32.4
amsterdam,2024-12-26,60.4
amsterdam,2024-12-27,55.8
amsterdam,2024-12-28,31.0
amsterdam,2024-12-29,27.2
amsterdam,2024-12-30,50.4
amsterdam,2024-12-31,52.0
amsterdam,2025-01-01,72.5
amsterdam,2025-01-02,64.5
amsterdam,2025-01-03,60.6
amsterdam,2025-01-04,39.1
amsterdam,2025-01-05,37.2
amsterdam,2025-01-06,64.7
amsterdam,2025-01-07,70.3
amsterdam,2025-01-08,45.8
amsterdam,2025-01-09,70.6
amsterdam,2025-01-10,46.8
amsterdam,2025-01-11,22.0
amsterdam,2025-01-12,14.1
amsterdam,2025-01-13,53.6
amsterdam,2025-01-14,68.4
amsterdam,2025-01-15,54.1
amsterdam,2025-01-16,60.1
amsterdam,2025-01-17,73.8
amsterdam,2025-01-18,33.5
amsterdam,2025-01-19,24.1
amsterdam,2025-01-20,50.0
amsterdam,2025-01-21,55.0
amsterdam,2025-01-22,63.7
amsterdam,2025-01-23,61.8
amsterdam,2025-01-24,72.2
amsterdam,2025-01-25,41.6
amsterdam,2025-01-26,20.9
amsterdam,2025-01-27,62.2
amsterdam,2025-01-28,58.7
amsterdam,2025-01-29,66.4
amsterdam,2025-01-30,66.6
amsterdam,2025-01-31,76.6
amsterdam,2025-02-01,26.5
amsterdam,2025-02-02,26.9
amsterdam,2025-02-03,59.7
amsterdam,2025-02-04,49.5
amsterdam,2025-02-05,53.9
amsterdam,2025-02-06,51.7
amsterdam,2025-02-07,34.0
amsterdam,2025-02-08,31.2
amsterdam,2025-02-09,28.8
amsterdam,2025-02-10,74.0
amsterdam,2025-02-11,68.8
amsterdam,2025-02-12,58.7
amsterdam,2025-02-13,54.0
amsterdam,2025-02-14,38.5
amsterdam,2025-02-15,21.2
amsterdam,2025-02-16,35.3
amsterdam,2025-02-17,53.0
amsterdam,2025-02-18,62.4
amsterdam,2025-02-19,39.3
amsterdam,2025-02-20,55.5
amsterdam,2025-02-21,54.8
amsterdam,2025-02-22,44.4
amsterdam,2025-02-23,35.6
amsterdam,2025-02-24,72.2
amsterdam,2025-02-25,67.3
amsterdam,2025-02-26,64.4
amsterdam,2025-02-27,76.4
amsterdam,2025-02-28,48.0
amsterdam,2025-03-01,21.6
amsterdam,2025-03-02,36.3
amsterdam,2025-03-03,43.0
amsterdam,2025-03-04,59.6
amsterdam,2025-03-05,55.8
amsterdam,2025-03-06,63.6
amsterdam,2025-03-07,54.5
amsterdam,2025-03-08,30.7
amsterdam,2025-03-09,34.3
amsterdam,2025-03-10,49.7
amsterdam,2025-03-11,49.4
amsterdam,2025-03-12,63.2
amsterdam,2025-03-13,59.2
amsterdam,2025-03-14,53.1
amsterdam,2025-03-15,29.6
amsterdam,2025-03-16,43.0
amsterdam,2025-03-17,51.5
amsterdam,2025-03-18,51.2
amsterdam,2025-03-19,41.3
amsterdam,2025-03-20,54.7
amsterdam,2025-03-21,60.3
amsterdam,2025-03-22,37.4
amsterdam,2025-03-23,36.1
amsterdam,2025-03-24,62.6
amsterdam,2025-03-25,60.8
amsterdam,2025-03-26,64.5
amsterdam,2025-03-27,62.9
amsterdam,2025-03-28,68.7
amsterdam,2025-03-29,28.9
amsterdam,2025-03-30,20.8
amsterdam,2025-03-31,60.3
amsterdam,2025-04-01,61.2
amsterdam,2025-04-02,67.6
amsterdam,2025-04-03,65.3
amsterdam,2025-04-04,70.6
amsterdam,2025-04-05,35.2
amsterdam,2025-04-06,32.1
amsterdam,2025-04-07,43.9
amsterdam,2025-04-08,57.5
amsterdam,2025-04-09,50.6
amsterdam,2025-04-10,56.7
amsterdam,2025-04-11,55.4
amsterdam,2025-04-12,34.0
amsterdam,2025-04-13,34.9
amsterdam,2025-04-14,63.9
amsterdam,2025-04-15,47.0
amsterdam,2025-04-16,57.1
amsterdam,2025-04-17,65.7
amsterdam,2025-04-18,70.0
amsterdam,2025-04-19,36.1
amsterdam,2025-04-20,46.6
amsterdam,2025-04-21,70.1
amsterdam,2025-04-22,56.1
amsterdam,2025-04-23,65.3
amsterdam,2025-04-24,68.7
amsterdam,2025-04-25,48.7
amsterdam,2025-04-26,26.3
amsterdam,2025-04-27,21.4
amsterdam,2025-04-28,59.2
amsterdam,2025-04-29,55.1
amsterdam,2025-04-30,52.1
amsterdam,2025-05-01,50.5
amsterdam,2025-05-02,59.0
amsterdam,2025-05-03,36.5
amsterdam,2025-05-04,22.3
amsterdam,2025-05-05,45.0
amsterdam,2025-05-06,64.8
amsterdam,2025-05-07,44.0
amsterdam,2025-05-08,59.7
amsterdam,2025-05-09,67.9
amsterdam,2025-05-10,43.2
amsterdam,2025-05-11,36.2
amsterdam,2025-05-12,60.7
amsterdam,2025-05-13,73.0
amsterdam,2025-05-14,36.3
amsterdam,2025-05-15,51.3
amsterdam,2025-05-16,61.8
amsterdam,2025-05-17,27.6
amsterdam,2025-05-18,40.6
amsterdam,2025-05-19,54.7
amsterdam,2025-05-20,56.1
amsterdam,2025-05-21,52.8
amsterdam,2025-05-22,51.6
amsterdam,2025-05-23,54.7
amsterdam,2025-05-24,40.0
amsterdam,2025-05-25,31.6
amsterdam,2025-05-26,64.8
amsterdam,2025-05-27,74.0
amsterdam,2025-05-28,77.5
amsterdam,2025-05-29,49.3
amsterdam,2025-05-30,42.0
amsterdam,2025-05-31,30.7
amsterdam,2025-06-01,53.4
amsterdam,2025-06-02,66.0
amsterdam,2025-06-03,60.5
amsterdam,2025-06-04,63.9
amsterdam,2025-06-05,74.6
amsterdam,2025-06-06,57.0
amsterdam,2025-06-07,48.8
amsterdam,2025-06-08,36.5
amsterdam,2025-06-09,61.7
amsterdam,2025-06-10,65.4
amsterdam,2025-06-11,64.2
amsterdam,2025-06-12,49.0
amsterdam,2025-06-13,41.3
amsterdam,2025-06-14,36.6
amsterdam,2025-06-15,13.9
amsterdam,2025-06-16,52.6
amsterdam,2025-06-17,64.5
amsterdam,2025-06-18,59.6
amsterdam,2025-06-19,63.3
amsterdam,2025-06-20,60.0
amsterdam,2025-06-21,49.5
amsterdam,2025-06-22,26.5
amsterdam,2025-06-23,65.6
amsterdam,2025-06-24,52.9
amsterdam,2025-06-25,62.7
amsterdam,2025-06-26,67.2
amsterdam,2025-06-27,76.7
amsterdam,2025-06-28,26.2
amsterdam,2025-06-29,41.5
amsterdam,2025-06-30,59.7
amsterdam,2025-07-01,54.7
amsterdam,2025-07-02,63.7
amsterdam,2025-07-03,58.2
amsterdam,2025-07-04,57.8
amsterdam,2025-07-05,31.8
amsterdam,2025-07-06,32.2
amsterdam,2025-07-07,56.7
amsterdam,2025-07-08,55.3
amsterdam,2025-07-09,61.7
amsterdam,2025-07-10,45.1
amsterdam,2025-07-11,53.8
amsterdam,2025-07-12,35.4
amsterdam,2025-07-13,38.2
amsterdam,2025-07-14,43.3
amsterdam,2025-07-15,55.6
amsterdam,2025-07-16,72.4
amsterdam,2025-07-17,55.4
amsterdam,2025-07-18,66.9
amsterdam,2025-07-19,23.8
amsterdam,2025-07-20,21.4
amsterdam,2025-07-21,75.2
amsterdam,2025-07-22,64.5
amsterdam,2025-07-23,50.0
amsterdam,2025-07-24,53.7
amsterdam,2025-07-25,65.7
amsterdam,2025-07-26,22.6
amsterdam,2025-07-27,52.7
amsterdam,2025-07-28,56.3
amsterdam,2025-07-29,57.1
amsterdam,2025-07-30,46.6
amsterdam,2025-07-31,69.1
amsterdam,2025-08-01,67.7
amsterdam,2025-08-02,25.9
amsterdam,2025-08-03,54.8
amsterdam,2025-08-04,64.8
amsterdam,2025-08-05,58.7
amsterdam,2025-08-06,62.8
amsterdam,2025-08-07,69.8
amsterdam,2025-08-08,66.2
amsterdam,2025-08-09,20.6
amsterdam,2025-08-10,32.0
amsterdam,2025-08-11,39.9
amsterdam,2025-08-12,62.2
amsterdam,2025-08-13,41.9
amsterdam,2025-08-14,49.9
amsterdam,2025-08-15,55.0
amsterdam,2025-08-16,34.9
amsterdam,2025-08-17,29.2
amsterdam,2025-08-18,67.2
amsterdam,2025-08-19,60.8
amsterdam,2025-08-20,60.4
amsterdam,2025-08-21,45.7
amsterdam,2025-08-22,72.2
amsterdam,2025-08-23,24.4
amsterdam,2025-08-24,44.2
amsterdam,2025-08-25,71.2
amsterdam,2025-08-26,59.1
amsterdam,2025-08-27,65.2
amsterdam,2025-08-28,43.3
amsterdam,2025-08-29,54.8
amsterdam,2025-08-30,40.1
amsterdam,2025-08-31,43.8
amsterdam,2025-09-01,46.3
amsterdam,2025-09-02,54.6
amsterdam,2025-09-03,48.5
amsterdam,2025-09-04,59.1
amsterdam,2025-09-05,42.4
amsterdam,2025-09-06,39.3
amsterdam,2025-09-07,39.7
amsterdam,2025-09-08,60.6
amsterdam,2025-09-09,72.9
amsterdam,2025-09-10,53.3
amsterdam,2025-09-11,66.6
amsterdam,2025-09-12,55.4
amsterdam,2025-09-13,38.1
amsterdam,2025-09-14,24.2
amsterdam,2025-09-15,54.1
amsterdam,2025-09-16,67.8
amsterdam,2025-09-17,67.1
amsterdam,2025-09-18,70.4
amsterdam,2025-09-19,49.8
amsterdam,2025-09-20,47.2
amsterdam,2025-09-21,31.8
amsterdam,2025-09-22,57.1
amsterdam,2025-09-23,57.4
amsterdam,2025-09-24,63.0
amsterdam,2025-09-25,59.6
amsterdam,2025-09-26,58.5
amsterdam,2025-09-27,36.3
amsterdam,2025-09-28,15.7
amsterdam,2025-09-29,41.8
amsterdam,2025-09-30,56.0
amsterdam,2025-10-01,53.4
amsterdam,2025-10-02,59.6
amsterdam,2025-10-03,68.9
amsterdam,2025-10-04,42.5
amsterdam,2025-10-05,27.8
amsterdam,2025-10-06,57.4
amsterdam,2025-10-07,45.9
amsterdam,2025-10-08,59.5
amsterdam,2025-10-09,40.2
amsterdam,2025-10-10,57.8
amsterdam,2025-10-11,18.5
amsterdam,2025-10-12,27.6
amsterdam,2025-10-13,63.3
amsterdam,2025-10-14,59.3
amsterdam,2025-10-15,46.0
amsterdam,2025-10-16,50.2
amsterdam,2025-10-17,43.5
amsterdam,2025-10-18,16.7
amsterdam,2025-10-19,31.6
amsterdam,2025-10-20,73.2
amsterdam,2025-10-21,72.3
amsterdam,2025-10-22,62.3
amsterdam,2025-10-23,68.7
amsterdam,2025-10-24,66.6
amsterdam,2025-10-25,29.2
amsterdam,2025-10-26,34.3
amsterdam,2025-10-27,58.2
amsterdam,2025-10-28,55.4
amsterdam,2025-10-29,69.5
amsterdam,2025-10-30,59.8
amsterdam,2025-10-31,79.5
amsterdam,2025-11-01,27.0
amsterdam,2025-11-02,35.8
amsterdam,2025-11-03,43.6
amsterdam,2025-11-04,52.4
amsterdam,2025-11-05,52.2
amsterdam,2025-11-06,61.8
amsterdam,2025-11-07,51.4
amsterdam,2025-11-08,28.7
amsterdam,2025-11-09,27.6
amsterdam,2025-11-10,54.2
amsterdam,2025-11-11,50.3
amsterdam,2025-11-12,53.0
amsterdam,2025-11-13,66.3
amsterdam,2025-11-14,73.2
amsterdam,2025-11-15,35.9
amsterdam,2025-11-16,29.0
amsterdam,2025-11-17,42.3
amsterdam,2025-11-18,73.1
amsterdam,2025-11-19,63.2
amsterdam,2025-11-20,73.1
amsterdam,2025-11-21,66.1
amsterdam,2025-11-22,28.7
amsterdam,2025-11-23,29.6
amsterdam,2025-11-24,56.5
amsterdam,2025-11-25,58.9
amsterdam,2025-11-26,52.5
amsterdam,2025-11-27,55.4
amsterdam,2025-11-28,61.4
amsterdam,2025-11-29,36.7
amsterdam,2025-11-30,28.2
amsterdam,2025-12-01,48.6
amsterdam,2025-12-02,58.7
amsterdam,2025-12-03,48.9
amsterdam,2025-12-04,57.5
amsterdam,2025-12-05,56.2
amsterdam,2025-12-06,22.7
amsterdam,2025-12-07,38.5
amsterdam,2025-12-08,60.5
amsterdam,2025-12-09,72.7
amsterdam,2025-12-10,55.9
amsterdam,2025-12-11,39.2
amsterdam,2025-12-12,65.2
amsterdam,2025-12-13,33.8
amsterdam,2025-12-14,20.6
amsterdam,2025-12-15,48.7
amsterdam,2025-12-16,62.1
amsterdam,2025-12-17,61.0
amsterdam,2025-12-18,53.3
amsterdam,2025-12-19,73.4
amsterdam,2025-12-20,15.9
amsterdam,2025-12-21,21.9
amsterdam,2025-12-22,38.5
amsterdam,2025-12-23,47.8
amsterdam,2025-12-24,67.1
amsterdam,2025-12-25,71.5
amsterdam,2025-12-26,56.9
amsterdam,2025-12-27,25.1
amsterdam,2025-12-28,28.5
amsterdam,2025-12-29,58.8
amsterdam,2025-12-30,42.5
amsterdam,2025-12-31,50.4
paris,2024-01-01,76.4
paris,2024-01-02,60.4
paris,2024-01-03,56.4
paris,2024-01-04,59.8
paris,2024-01-05,57.3
paris,2024-01-06,27.7
paris,2024-01-07,30.9
paris,2024-01-08,62.1
paris,2024-01-09,72.1
paris,2024-01-10,54.0
paris,2024-01-11,54.7
paris,2024-01-12,67.2
paris,2024-01-13,25.9
paris,2024-01-14,19.7
paris,2024-01-15,57.8
paris,2024-01-16,63.6
paris,2024-01-17,71.6
paris,2024-01-18,68.0
paris,2024-01-19,43.4
paris,2024-01-20,29.8
paris,2024-01-21,40.3
paris,2024-01-22,55.0
paris,2024-01-23,54.4
paris,2024-01-24,53.3
paris,2024-01-25,53.5
paris,2024-01-26,62.2
paris,2024-01-27,33.8
paris,2024-01-28,33.7
paris,2024-01-29,47.2
paris,2024-01-30,41.8
paris,2024-01-31,57.1
paris,2024-02-01,54.5
paris,2024-02-02,69.7
paris,2024-02-03,45.3
paris,2024-02-04,46.2
paris,2024-02-05,47.5
paris,2024-02-06,59.6
paris,2024-02-07,75.7
paris,2024-02-08,74.8
paris,2024-02-09,59.0
paris,2024-02-10,48.0
paris,2024-02-11,31.9
paris,2024-02-12,57.4
paris,2024-02-13,51.8
paris,2024-02-14,61.5
paris,2024-02-15,66.4
paris,2024-02-16,68.6
paris,2024-02-17,32.1
paris,2024-02-18,39.3
paris,2024-02-19,55.7
paris,2024-02-20,61.3
paris,2024-02-21,67.2
paris,2024-02-22,57.1
paris,2024-02-23,63.7
paris,2024-02-24,29.8
paris,2024-02-25,27.2
paris,2024-02-26,60.6
paris,2024-02-27,57.3
paris,2024-02-28,54.2
paris,2024-02-29,45.9
paris,2024-03-01,62.9
paris,2024-03-02,47.2
paris,2024-03-03,30.9
paris,2024-03-04,57.0
paris,2024-03-05,77.1
paris,2024-03-06,66.0
paris,2024-03-07,63.2
paris,2024-03-08,32.8
paris,2024-03-09,51.2
paris,2024-03-10,38.5
paris,2024-03-11,80.2
paris,2024-03-12,62.5
paris,2024-03-13,40.9
paris,2024-03-14,55.1
paris,2024-03-15,66.5
paris,2024-03-16,35.5
paris,2024-03-17,46.4
paris,2024-03-18,64.2
paris,2024-03-19,53.1
paris,2024-03-20,59.2
paris,2024-03-21,52.9
paris,2024-03-22,55.9
paris,2024-03-23,46.1
paris,2024-03-24,41.2
paris,2024-03-25,63.7
paris,2024-03-26,67.4
paris,2024-03-27,41.2
paris,2024-03-28,61.2
paris,2024-03-29,62.7
paris,2024-03-30,36.8
paris,2024-03-31,31.4
paris,2024-04-01,66.9
paris,2024-04-02,51.4
paris,2024-04-03,58.5
paris,2024-04-04,78.5
paris,2024-04-05,50.0
paris,2024-04-06,30.6
paris,2024-04-07,45.4
paris,2024-04-08,72.5
paris,2024-04-09,69.6
paris,2024-04-10,57.4
paris,2024-04-11,61.9
paris,2024-04-12,66.0
paris,2024-04-13,33.7
paris,2024-04-14,15.7
paris,2024-04-15,58.7
paris,2024-04-16,63.9
paris,2024-04-17,56.6
paris,2024-04-18,70.7
paris,2024-04-19,58.1
paris,2024-04-20,31.2
paris,2024-04-21,40.5
paris,2024-04-22,55.7
paris,2024-04-23,57.0
paris,2024-04-24,64.9
paris,2024-04-25,43.5
paris,2024-04-26,66.5
paris,2024-04-27,44.4
paris,2024-04-28,31.7
paris,2024-04-29,67.6
paris,2024-04-30,48.4
paris,2024-05-01,51.4
paris,2024-05-02,74.9
paris,2024-05-03,69.6
paris,2024-05-04,29.8
paris,2024-05-05,37.8
paris,2024-05-06,68.7
paris,2024-05-07,51.8
paris,2024-05-08,49.3
paris,2024-05-09,56.5
paris,2024-05-10,62.2
paris,2024-05-11,20.9
paris,2024-05-12,36.2
paris,2024-05-13,53.0
paris,2024-05-14,72.1
paris,2024-05-15,60.7
paris,2024-05-16,61.4
paris,2024-05-17,66.4
paris,2024-05-18,30.3
paris,2024-05-19,29.4
paris,2024-05-20,56.0
paris,2024-05-21,63.0
paris,2024-05-22,63.0
paris,2024-05-23,65.5
paris,2024-05-24,64.7
paris,2024-05-25,38.0
paris,2024-05-26,51.8
paris,2024-05-27,52.3
paris,2024-05-28,53.6
paris,2024-05-29,60.3
paris,2024-05-30,59.0
paris,2024-05-31,61.0
paris,2024-06-01,32.8
paris,2024-06-02,40.3
paris,2024-06-03,67.6
paris,2024-06-04,61.2
paris,2024-06-05,73.5
paris,2024-06-06,52.1
paris,2024-06-07,41.9
paris,2024-06-08,38.7
paris,2024-06-09,15.5
paris,2024-06-10,58.0
paris,2024-06-11,66.0
paris,2024-06-12,66.3
paris,2024-06-13,56.2
paris,2024-06-14,59.3
paris,2024-06-15,34.1
paris,2024-06-16,45.8
paris,2024-06-17,61.2
paris,2024-06-18,62.1
paris,2024-06-19,48.6
paris,2024-06-20,53.5
paris,2024-06-21,71.9
paris,2024-06-22,40.6
paris,2024-06-23,23.8
paris,2024-06-24,37.3
paris,2024-06-25,58.4
paris,2024-06-26,47.8
paris,2024-06-27,61.1
paris,2024-06-28,49.0
paris,2024-06-29,29.9
paris,2024-06-30,34.0
paris,2024-07-01,79.4
paris,2024-07-02,64.3
paris,2024-07-03,56.6
paris,2024-07-04,61.4
paris,2024-07-05,41.0
paris,2024-07-06,21.4
paris,2024-07-07,10.3
paris,2024-07-08,68.8
paris,2024-07-09,71.9
paris,2024-07-10,58.7
paris,2024-07-11,58.3
paris,2024-07-12,56.3
paris,2024-07-13,33.0
paris,2024-07-14,44.6
paris,2024-07-15,56.6
paris,2024-07-16,51.6
paris,2024-07-17,40.9
paris,2024-07-18,66.0
paris,2024-07-19,54.7
paris,2024-07-20,23.8
paris,2024-07-21,25.4
paris,2024-07-22,44.8
paris,2024-07-23,61.6
paris,2024-07-24,56.7
paris,2024-07-25,56.2
paris,2024-07-26,75.0
paris,2024-07-27,38.4
paris,2024-07-28,38.7
paris,2024-07-29,52.1
paris,2024-07-30,79.4
paris,2024-07-31,62.3
paris,2024-08-01,61.5
paris,2024-08-02,49.8
paris,2024-08-03,31.3
paris,2024-08-04,16.5
paris,2024-08-05,57.4
paris,2024-08-06,39.8
paris,2024-08-07,59.3
paris,2024-08-08,44.2
paris,2024-08-09,52.5
paris,2024-08-10,35.1
paris,2024-08-11,48.7
paris,2024-08-12,46.4
paris,2024-08-13,67.5
paris,2024-08-14,63.0
paris,2024-08-15,50.0
paris,2024-08-16,51.2
paris,2024-08-17,44.4
paris,2024-08-18,28.9
paris,2024-08-19,73.0
paris,2024-08-20,72.1
paris,2024-08-21,46.9
paris,2024-08-22,52.1
paris,2024-08-23,50.2
paris,2024-08-24,43.0
paris,2024-08-25,17.1
paris,2024-08-26,44.3
paris,2024-08-27,50.3
paris,2024-08-28,60.5
paris,2024-08-29,70.1
paris,2024-08-30,79.8
paris,2024-08-31,36.3
paris,2024-09-01,29.9
paris,2024-09-02,61.6
paris,2024-09-03,59.6
paris,2024-09-04,44.4
paris,2024-09-05,72.2
paris,2024-09-06,47.0
paris,2024-09-07,37.0
paris,2024-09-08,38.5
paris,2024-09-09,59.7
paris,2024-09-10,62.8
paris,2024-09-11,73.8
paris,2024-09-12,60.7
paris,2024-09-13,58.3
paris,2024-09-14,31.1
paris,2024-09-15,25.5
paris,2024-09-16,54.0
paris,2024-09-17,75.9
paris,2024-09-18,57.8
paris,2024-09-19,58.6
paris,2024-09-20,63.1
paris,2024-09-21,41.1
paris,2024-09-22,43.9
paris,2024-09-23,74.9
paris,2024-09-24,65.5
paris,2024-09-25,77.0
paris,2024-09-26,78.9
paris,2024-09-27,63.3
paris,2024-09-28,29.8
paris,2024-09-29,37.4
paris,2024-09-30,48.6
paris,2024-10-01,49.3
paris,2024-10-02,59.2
paris,2024-10-03,41.6
paris,2024-10-04,61.6
paris,2024-10-05,22.5
paris,2024-10-06,33.3
paris,2024-10-07,67.0
paris,2024-10-08,55.9
paris,2024-10-09,66.0
paris,2024-10-10,59.7
paris,2024-10-11,54.5
paris,2024-10-12,28.8
paris,2024-10-13,24.1
paris,2024-10-14,64.2
paris,2024-10-15,38.7
paris,2024-10-16,67.1
paris,2024-10-17,65.0
paris,2024-10-18,72.1
paris,2024-10-19,21.3
paris,2024-10-20,27.6
paris,2024-10-21,58.9
paris,2024-10-22,63.6
paris,2024-10-23,57.7
paris,2024-10-24,45.5
paris,2024-10-25,60.2
paris,2024-10-26,44.7
paris,2024-10-27,25.3
paris,2024-10-28,54.4
paris,2024-10-29,54.9
paris,2024-10-30,51.9
paris,2024-10-31,76.6
paris,2024-11-01,52.0
paris,2024-11-02,34.6
paris,2024-11-03,24.1
paris,2024-11-04,59.2
paris,2024-11-05,62.0
paris,2024-11-06,50.3
paris,2024-11-07,54.6
paris,2024-11-08,47.8
paris,2024-11-09,21.1
paris,2024-11-10,39.5
paris,2024-11-11,51.9
paris,2024-11-12,39.0
paris,2024-11-13,69.1
paris,2024-11-14,48.6
paris,2024-11-15,53.0
paris,2024-11-16,43.4
paris,2024-11-17,29.7
paris,2024-11-18,67.4
paris,2024-11-19,58.9
paris,2024-11-20,42.7
paris,2024-11-21,67.4
paris,2024-11-22,62.6
paris,2024-11-23,32.7
paris,2024-11-24,26.4
paris,2024-11-25,68.9
paris,2024-11-26,45.3
paris,2024-11-27,72.4
paris,2024-11-28,56.3
paris,2024-11-29,70.8
paris,2024-11-30,30.3
paris,2024-12-01,22.7
paris,2024-12-02,54.9
paris,2024-12-03,54.3
paris,2024-12-04,58.5
paris,2024-12-05,68.1
paris,2024-12-06,49.3
paris,2024-12-07,24.7
paris,2024-12-08,39.9
paris,2024-12-09,69.1
paris,2024-12-10,55.6
paris,2024-12-11,62.3
paris,2024-12-12,63.1
paris,2024-12-13,57.1
paris,2024-12-14,23.7
paris,2024-12-15,31.8
paris,2024-12-16,64.7
paris,2024-12-17,59.2
paris,2024-12-18,65.1
paris,2024-12-19,65.0
paris,2024-12-20,54.2
paris,2024-12-21,34.3
paris,2024-12-22,37.4
paris,2024-12-23,67.1
paris,2024-12-24,39.0
paris,2024-12-25,55.2
paris,2024-12-26,54.4
paris,2024-12-27,44.0
paris,2024-12-28,35.6
paris,2024-12-29,24.5
paris,2024-12-30,52.4
paris,2024-12-31,69.8
paris,2025-01-01,63.6
paris,2025-01-02,73.3
paris,2025-01-03,58.0
paris,2025-01-04,36.5
paris,2025-01-05,53.8
paris,2025-01-06,71.3
paris,2025-01-07,55.1
paris,2025-01-08,57.5
paris,2025-01-09,73.3
paris,2025-01-10,55.1
paris,2025-01-11,18.8
paris,2025-01-12,33.7
paris,2025-01-13,52.8
paris,2025-01-14,59.2
paris,2025-01-15,59.1
paris,2025-01-16,50.1
paris,2025-01-17,60.1
paris,2025-01-18,26.3
paris,2025-01-19,26.8
paris,2025-01-20,50.7
paris,2025-01-21,64.0
paris,2025-01-22,66.5
paris,2025-01-23,69.3
paris,2025-01-24,83.0
paris,2025-01-25,31.9
paris,2025-01-26,13.4
paris,2025-01-27,67.8
paris,2025-01-28,66.0
paris,2025-01-29,61.8
paris,2025-01-30,56.6
paris,2025-01-31,64.1
paris,2025-02-01,40.6
paris,2025-02-02,31.5
paris,2025-02-03,65.3
paris,2025-02-04,59.0
paris,2025-02-05,52.5
paris,2025-02-06,52.4
paris,2025-02-07,62.5
paris,2025-02-08,39.7
paris,2025-02-09,45.5
paris,2025-02-10,66.7
paris,2025-02-11,56.4
paris,2025-02-12,59.9
paris,2025-02-13,52.2
paris,2025-02-14,45.9
paris,2025-02-15,23.8
paris,2025-02-16,28.3
paris,2025-02-17,60.3
paris,2025-02-18,65.1
paris,2025-02-19,44.2
paris,2025-02-20,55.7
paris,2025-02-21,52.4
paris,2025-02-22,42.5
paris,2025-02-23,26.0
paris,2025-02-24,60.6
paris,2025-02-25,57.5
paris,2025-02-26,68.8
paris,2025-02-27,54.8
paris,2025-02-28,50.9
paris,2025-03-01,28.2
paris,2025-03-02,39.3
paris,2025-03-03,47.0
paris,2025-03-04,48.3
paris,2025-03-05,65.0
paris,2025-03-06,55.6
paris,2025-03-07,60.4
paris,2025-03-08,33.5
paris,2025-03-09,30.0
paris,2025-03-10,61.8
paris,2025-03-11,62.2
paris,2025-03-12,69.2
paris,2025-03-13,67.5
paris,2025-03-14,48.3
paris,2025-03-15,40.8
paris,2025-03-16,27.4
paris,2025-03-17,49.0
paris,2025-03-18,53.6
paris,2025-03-19,61.6
paris,2025-03-20,59.3
paris,2025-03-21,62.0
paris,2025-03-22,44.5
paris,2025-03-23,32.6
paris,2025-03-24,52.1
paris,2025-03-25,49.3
paris,2025-03-26,59.7
paris,2025-03-27,54.3
paris,2025-03-28,49.8
paris,2025-03-29,37.6
paris,2025-03-30,26.6
paris,2025-03-31,67.7
paris,2025-04-01,43.8
paris,2025-04-02,53.6
paris,2025-04-03,49.4
paris,2025-04-04,47.5
paris,2025-04-05,26.4
paris,2025-04-06,44.4
paris,2025-04-07,56.1
paris,2025-04-08,48.7
paris,2025-04-09,40.4
paris,2025-04-10,41.2
paris,2025-04-11,50.7
paris,2025-04-12,32.7
paris,2025-04-13,30.3
paris,2025-04-14,37.1
paris,2025-04-15,62.0
paris,2025-04-16,63.2
paris,2025-04-17,68.0
paris,2025-04-18,39.8
paris,2025-04-19,29.9
paris,2025-04-20,29.8
paris,2025-04-21,59.2
paris,2025-04-22,45.5
paris,2025-04-23,82.2
paris,2025-04-24,57.8
paris,2025-04-25,55.4
paris,2025-04-26,43.3
paris,2025-04-27,30.7
paris,2025-04-28,58.2
paris,2025-04-29,49.0
paris,2025-04-30,44.0
paris,2025-05-01,50.1
paris,2025-05-02,72.5
paris,2025-05-03,42.9
paris,2025-05-04,33.7
paris,2025-05-05,47.2
paris,2025-05-06,62.3
paris,2025-05-07,44.1
paris,2025-05-08,42.5
paris,2025-05-09,50.5
paris,2025-05-10,45.9
paris,2025-05-11,53.0
paris,2025-05-12,54.4
paris,2025-05-13,63.4
paris,2025-05-14,41.9
paris,2025-05-15,55.6
paris,2025-05-16,56.3
paris,2025-05-17,36.6
paris,2025-05-18,37.5
paris,2025-05-19,53.4
paris,2025-05-20,59.4
paris,2025-05-21,63.1
paris,2025-05-22,59.8
paris,2025-05-23,50.9
paris,2025-05-24,35.6
paris,2025-05-25,36.9
paris,2025-05-26,55.6
paris,2025-05-27,63.0
paris,2025-05-28,53.2
paris,2025-05-29,46.5
paris,2025-05-30,52.8
paris,2025-05-31,25.5
paris,2025-06-01,28.1
paris,2025-06-02,55.9
paris,2025-06-03,65.5
paris,2025-06-04,63.0
paris,2025-06-05,77.0
paris,2025-06-06,71.2
paris,2025-06-07,33.5
paris,2025-06-08,38.9
paris,2025-06-09,61.1
paris,2025-06-10,64.5
paris,2025-06-11,53.9
paris,2025-06-12,41.8
paris,2025-06-13,55.0
paris,2025-06-14,35.2
paris,2025-06-15,11.7
paris,2025-06-16,69.4
paris,2025-06-17,59.8
paris,2025-06-18,49.9
paris,2025-06-19,46.1
paris,2025-06-20,63.2
paris,2025-06-21,21.3
paris,2025-06-22,22.1
paris,2025-06-23,49.1
paris,2025-06-24,55.9
paris,2025-06-25,62.7
paris,2025-06-26,78.3
paris,2025-06-27,64.5
paris,2025-06-28,30.3
paris,2025-06-29,38.4
paris,2025-06-30,49.6
paris,2025-07-01,40.4
paris,2025-07-02,56.5
paris,2025-07-03,48.5
paris,2025-07-04,49.9
paris,2025-07-05,22.6
paris,2025-07-06,34.1
paris,2025-07-07,73.7
paris,2025-07-08,73.4
paris,2025-07-09,41.2
paris,2025-07-10,44.7
paris,2025-07-11,48.7
paris,2025-07-12,36.4
paris,2025-07-13,28.8
paris,2025-07-14,63.0
paris,2025-07-15,63.5
paris,2025-07-16,74.8
paris,2025-07-17,56.2
paris,2025-07-18,48.5
paris,2025-07-19,35.4
paris,2025-07-20,35.9
paris,2025-07-21,66.8
paris,2025-07-22,51.5
paris,2025-07-23,76.1
paris,2025-07-24,70.7
paris,2025-07-25,64.9
paris,2025-07-26,40.9
paris,2025-07-27,40.4
paris,2025-07-28,53.4
paris,2025-07-29,65.0
paris,2025-07-30,72.5
paris,2025-07-31,78.6
paris,2025-08-01,61.9
paris,2025-08-02,35.8
paris,2025-08-03,32.6
paris,2025-08-04,54.8
paris,2025-08-05,64.5
paris,2025-08-06,57.4
paris,2025-08-07,59.2
paris,2025-08-08,64.2
paris,2025-08-09,32.7
paris,2025-08-10,26.5
paris,2025-08-11,52.4
paris,2025-08-12,44.4
paris,2025-08-13,69.9
paris,2025-08-14,50.7
paris,2025-08-15,62.7
paris,2025-08-16,32.5
paris,2025-08-17,32.7
paris,2025-08-18,54.1
paris,2025-08-19,50.3
paris,2025-08-20,58.8
paris,2025-08-21,72.1
paris,2025-08-22,55.9
paris,2025-08-23,39.3
paris,2025-08-24,41.3
paris,2025-08-25,51.7
paris,2025-08-26,59.2
paris,2025-08-27,55.9
paris,2025-08-28,47.1
paris,2025-08-29,62.6
paris,2025-08-30,36.5
paris,2025-08-31,33.4
paris,2025-09-01,65.9
paris,2025-09-02,63.5
paris,2025-09-03,73.0
paris,2025-09-04,43.4
paris,2025-09-05,61.5
paris,2025-09-06,28.2
paris,2025-09-07,25.1
paris,2025-09-08,52.8
paris,2025-09-09,60.3
paris,2025-09-10,73.2
paris,2025-09-11,64.5
paris,2025-09-12,65.1
paris,2025-09-13,48.0
paris,2025-09-14,37.5
paris,2025-09-15,52.6
paris,2025-09-16,59.5
paris,2025-09-17,59.0
paris,2025-09-18,48.5
paris,2025-09-19,42.4
paris,2025-09-20,21.6
paris,2025-09-21,31.6
paris,2025-09-22,62.9
paris,2025-09-23,59.3
paris,2025-09-24,77.1
paris,2025-09-25,59.0
paris,2025-09-26,67.4
paris,2025-09-27,34.3
paris,2025-09-28,21.7
paris,2025-09-29,58.7
paris,2025-09-30,60.4
paris,2025-10-01,50.6
paris,2025-10-02,43.5
paris,2025-10-03,67.1
paris,2025-10-04,29.8
paris,2025-10-05,39.2
paris,2025-10-06,51.7
paris,2025-10-07,68.8
paris,2025-10-08,38.0
paris,2025-10-09,56.6
paris,2025-10-10,66.4
paris,2025-10-11,23.1
paris,2025-10-12,29.0
paris,2025-10-13,52.3
paris,2025-10-14,49.5
paris,2025-10-15,57.5
paris,2025-10-16,44.6
paris,2025-10-17,54.1
paris,2025-10-18,34.4
paris,2025-10-19,34.0
paris,2025-10-20,53.3
paris,2025-10-21,66.5
paris,2025-10-22,69.6
paris,2025-10-23,53.8
paris,2025-10-24,50.1
paris,2025-10-25,23.1
paris,2025-10-26,34.8
paris,2025-10-27,70.7
paris,2025-10-28,62.1
paris,2025-10-29,66.1
paris,2025-10-30,47.6
paris,2025-10-31,62.4
paris,2025-11-01,33.4
paris,2025-11-02,34.0
paris,2025-11-03,42.6
paris,2025-11-04,50.4
paris,2025-11-05,63.1
paris,2025-11-06,63.0
paris,2025-11-07,61.8
paris,2025-11-08,12.7
paris,2025-11-09,25.8
paris,2025-11-10,58.6
paris,2025-11-11,68.9
paris,2025-11-12,45.6
paris,2025-11-13,60.4
paris,2025-11-14,73.6
paris,2025-11-15,32.0
paris,2025-11-16,27.7
paris,2025-11-17,57.0
paris,2025-11-18,43.1
paris,2025-11-19,59.6
paris,2025-11-20,65.8
paris,2025-11-21,60.0
paris,2025-11-22,31.3
paris,2025-11-23,38.7
paris,2025-11-24,72.3
paris,2025-11-25,65.0
paris,2025-11-26,51.1
paris,2025-11-27,67.3
paris,2025-11-28,79.3
paris,2025-11-29,42.8
paris,2025-11-30,23.7
paris,2025-12-01,46.8
paris,2025-12-02,53.5
paris,2025-12-03,55.8
paris,2025-12-04,46.6
paris,2025-12-05,64.5
paris,2025-12-06,42.8
paris,2025-12-07,42.4
paris,2025-12-08,53.2
paris,2025-12-09,49.7
paris,2025-12-10,57.7
paris,2025-12-11,54.0
paris,2025-12-12,58.8
paris,2025-12-13,35.1
paris,2025-12-14,39.0
paris,2025-12-15,45.9
paris,2025-12-16,56.8
paris,2025-12-17,52.1
paris,2025-12-18,54.8
paris,2025-12-19,75.7
paris,2025-12-20,41.2
paris,2025-12-21,49.0
paris,2025-12-22,58.7
paris,2025-12-23,54.1
paris,2025-12-24,53.0
paris,2025-12-25,41.4
paris,2025-12-26,65.7
paris,2025-12-27,27.7
paris,2025-12-28,34.3
paris,2025-12-29,60.4
paris,2025-12-30,45.0
paris,2025-12-31,47.6
madrid,2024-01-01,67.4
madrid,2024-01-02,57.6
madrid,2024-01-03,55.9
madrid,2024-01-04,67.7
madrid,2024-01-05,66.4
madrid,2024-01-06,37.7
madrid,2024-01-07,18.5
madrid,2024-01-08,68.3
madrid,2024-01-09,63.0
madrid,2024-01-10,60.4
madrid,2024-01-11,45.5
madrid,2024-01-12,63.4
madrid,2024-01-13,34.1
madrid,2024-01-14,20.3
madrid,2024-01-15,66.9
madrid,2024-01-16,85.0
madrid,2024-01-17,68.9
madrid,2024-01-18,56.8
madrid,2024-01-19,60.7
madrid,2024-01-20,44.4
madrid,2024-01-21,37.0
madrid,2024-01-22,66.3
madrid,2024-01-23,57.0
madrid,2024-01-24,65.0
madrid,2024-01-25,48.2
madrid,2024-01-26,56.3
madrid,2024-01-27,32.5
madrid,2024-01-28,41.3
madrid,2024-01-29,57.6
madrid,2024-01-30,50.0
madrid,2024-01-31,55.5
madrid,2024-02-01,41.6
madrid,2024-02-02,36.4
madrid,2024-02-03,36.9
madrid,2024-02-04,27.3
madrid,2024-02-05,52.9
madrid,2024-02-06,61.6
madrid,2024-02-07,69.2
madrid,2024-02-08,65.1
madrid,2024-02-09,84.2
madrid,2024-02-10,35.9
madrid,2024-02-11,34.6
madrid,2024-02-12,57.5
madrid,2024-02-13,45.0
madrid,2024-02-14,62.6
madrid,2024-02-15,49.2
madrid,2024-02-16,52.8
madrid,2024-02-17,30.4
madrid,2024-02-18,23.9
madrid,2024-02-19,51.4
madrid,2024-02-20,69.7
madrid,2024-02-21,63.8
madrid,2024-02-22,56.7
madrid,2024-02-23,54.8
madrid,2024-02-24,23.5
madrid,2024-02-25,36.9
madrid,2024-02-26,57.1
madrid,2024-02-27,39.3
madrid,2024-02-28,55.8
madrid,2024-02-29,58.5
madrid,2024-03-01,62.7
madrid,2024-03-02,37.2
madrid,2024-03-03,29.5
madrid,2024-03-04,72.8
madrid,2024-03-05,55.1
madrid,2024-03-06,60.8
madrid,2024-03-07,64.4
madrid,2024-03-08,74.3
madrid,2024-03-09,26.2
madrid,2024-03-10,30.5
madrid,2024-03-11,45.3
madrid,2024-03-12,50.2
madrid,2024-03-13,65.0
madrid,2024-03-14,50.1
madrid,2024-03-15,61.6
madrid,2024-03-16,42.4
madrid,2024-03-17,30.0
madrid,2024-03-18,63.0
madrid,2024-03-19,59.2
madrid,2024-03-20,62.0
madrid,2024-03-21,61.0
madrid,2024-03-22,69.7
madrid,2024-03-23,25.2
madrid,2024-03-24,22.6
madrid,2024-03-25,60.6
madrid,2024-03-26,73.7
madrid,2024-03-27,75.6
madrid,2024-03-28,64.5
madrid,2024-03-29,51.7
madrid,2024-03-30,32.4
madrid,2024-03-31,42.2
madrid,2024-04-01,56.1
madrid,2024-04-02,57.3
madrid,2024-04-03,51.9
madrid,2024-04-04,63.1
madrid,2024-04-05,57.7
madrid,2024-04-06,34.9
madrid,2024-04-07,34.7
madrid,2024-04-08,59.7
madrid,2024-04-09,58.7
madrid,2024-04-10,47.6
madrid,2024-04-11,58.0
madrid,2024-04-12,61.3
madrid,2024-04-13,39.5
madrid,2024-04-14,33.6
madrid,2024-04-15,47.3
madrid,2024-04-16,48.5
madrid,2024-04-17,51.5
madrid,2024-04-18,56.5
madrid,2024-04-19,54.0
madrid,2024-04-20,21.3
madrid,2024-04-21,21.2
madrid,2024-04-22,38.2
madrid,2024-04-23,30.0
madrid,2024-04-24,53.9
madrid,2024-04-25,74.1
madrid,2024-04-26,69.6
madrid,2024-04-27,30.0
madrid,2024-04-28,32.2
madrid,2024-04-29,44.7
madrid,2024-04-30,44.8
madrid,2024-05-01,53.4
madrid,2024-05-02,53.5
madrid,2024-05-03,53.5
madrid,2024-05-04,32.3
madrid,2024-05-05,36.0
madrid,2024-05-06,54.2
madrid,2024-05-07,55.3
madrid,2024-05-08,46.2
madrid,2024-05-09,44.2
madrid,2024-05-10,43.0
madrid,2024-05-11,35.4
madrid,2024-05-12,28.0
madrid,2024-05-13,42.8
madrid,2024-05-14,55.6
madrid,2024-05-15,45.0
madrid,2024-05-16,68.3
madrid,2024-05-17,52.0
madrid,2024-05-18,35.7
madrid,2024-05-19,42.1
madrid,2024-05-20,51.8
madrid,2024-05-21,69.4
madrid,2024-05-22,59.4
madrid,2024-05-23,55.9
madrid,2024-05-24,57.9
madrid,2024-05-25,19.6
madrid,2024-05-26,34.7
madrid,2024-05-27,51.1
madrid,2024-05-28,57.8
madrid,2024-05-29,62.4
madrid,2024-05-30,63.1
madrid,2024-05-31,57.8
madrid,2024-06-01,35.4
madrid,2024-06-02,35.8
madrid,2024-06-03,70.8
madrid,2024-06-04,54.7
madrid,2024-06-05,56.3
madrid,2024-06-06,62.5
madrid,2024-06-07,58.2
madrid,2024-06-08,27.1
madrid,2024-06-09,41.6
madrid,2024-06-10,67.1
madrid,2024-06-11,45.3
madrid,2024-06-12,60.7
madrid,2024-06-13,66.4
madrid,2024-06-14,42.0
madrid,2024-06-15,38.4
madrid,2024-06-16,10.0
madrid,2024-06-17,51.8
madrid,2024-06-18,70.3
madrid,2024-06-19,57.3
madrid,2024-06-20,60.1
madrid,2024-06-21,61.1
madrid,2024-06-22,16.5
madrid,2024-06-23,30.8
madrid,2024-06-24,55.5
madrid,2024-06-25,71.5
madrid,2024-06-26,54.2
madrid,2024-06-27,53.0
madrid,2024-06-28,48.7
madrid,2024-06-29,24.1
madrid,2024-06-30,39.6
madrid,2024-07-01,55.8
madrid,2024-07-02,50.6
madrid,2024-07-03,50.9
madrid,2024-07-04,50.5
madrid,2024-07-05,51.2
madrid,2024-07-06,20.3
madrid,2024-07-07,28.2
madrid,2024-07-08,52.1
madrid,2024-07-09,48.9
madrid,2024-07-10,56.2
madrid,2024-07-11,56.9
madrid,2024-07-12,50.5
madrid,2024-07-13,29.1
madrid,2024-07-14,47.5
madrid,2024-07-15,72.0
madrid,2024-07-16,46.6
madrid,2024-07-17,47.7
madrid,2024-07-18,46.5
madrid,2024-07-19,63.5
madrid,2024-07-20,27.1
madrid,2024-07-21,32.2
madrid,2024-07-22,71.0
madrid,2024-07-23,54.9
madrid,2024-07-24,60.6
madrid,2024-07-25,59.2
madrid,2024-07-26,50.3
madrid,2024-07-27,38.7
madrid,2024-07-28,23.6
madrid,2024-07-29,65.7
madrid,2024-07-30,50.3
madrid,2024-07-31,51.2
madrid,2024-08-01,46.3
madrid,2024-08-02,47.6
madrid,2024-08-03,26.8
madrid,2024-08-04,10.8
madrid,2024-08-05,53.1
madrid,2024-08-06,50.9
madrid,2024-08-07,61.3
madrid,2024-08-08,58.4
madrid,2024-08-09,49.3
madrid,2024-08-10,26.6
madrid,2024-08-11,28.4
madrid,2024-08-12,66.9
madrid,2024-08-13,48.4
madrid,2024-08-14,49.2
madrid,2024-08-15,46.0
madrid,2024-08-16,43.1
madrid,2024-08-17,32.7
madrid,2024-08-18,31.9
madrid,2024-08-19,65.3
madrid,2024-08-20,63.3
madrid,2024-08-21,74.2
madrid,2024-08-22,54.4
madrid,2024-08-23,52.9
madrid,2024-08-24,19.8
madrid,2024-08-25,35.8
madrid,2024-08-26,55.9
madrid,2024-08-27,60.2
madrid,2024-08-28,45.9
madrid,2024-08-29,71.6
madrid,2024-08-30,60.8
madrid,2024-08-31,34.8
madrid,2024-09-01,25.1
madrid,2024-09-02,64.5
madrid,2024-09-03,71.7
madrid,2024-09-04,46.7
madrid,2024-09-05,60.8
madrid,2024-09-06,32.0
madrid,2024-09-07,35.6
madrid,2024-09-08,15.3
madrid,2024-09-09,50.8
madrid,2024-09-10,44.5
madrid,2024-09-11,53.3
madrid,2024-09-12,61.7
madrid,2024-09-13,40.1
madrid,2024-09-14,27.4
madrid,2024-09-15,26.1
madrid,2024-09-16,67.6
madrid,2024-09-17,58.5
madrid,2024-09-18,46.1
madrid,2024-09-19,65.0
madrid,2024-09-20,70.2
madrid,2024-09-21,43.5
madrid,2024-09-22,23.1
madrid,2024-09-23,52.9
madrid,2024-09-24,53.1
madrid,2024-09-25,51.0
madrid,2024-09-26,42.4
madrid,2024-09-27,49.6
madrid,2024-09-28,41.4
madrid,2024-09-29,27.2
madrid,2024-09-30,54.2
madrid,2024-10-01,56.1
madrid,2024-10-02,82.1
madrid,2024-10-03,55.1
madrid,2024-10-04,63.8
madrid,2024-10-05,25.5
madrid,2024-10-06,28.2
madrid,2024-10-07,68.9
madrid,2024-10-08,51.8
madrid,2024-10-09,67.1
madrid,2024-10-10,62.1
madrid,2024-10-11,54.9
madrid,2024-10-12,37.8
madrid,2024-10-13,36.4
madrid,2024-10-14,60.2
madrid,2024-10-15,77.5
madrid,2024-10-16,69.3
madrid,2024-10-17,67.4
madrid,2024-10-18,38.9
madrid,2024-10-19,27.4
madrid,2024-10-20,33.2
madrid,2024-10-21,69.0
madrid,2024-10-22,60.6
madrid,2024-10-23,65.9
madrid,2024-10-24,47.8
madrid,2024-10-25,67.7
madrid,2024-10-26,42.3
madrid,2024-10-27,27.8
madrid,2024-10-28,65.7
madrid,2024-10-29,74.6
madrid,2024-10-30,70.9
madrid,2024-10-31,54.8
madrid,2024-11-01,60.9
madrid,2024-11-02,45.5
madrid,2024-11-03,35.6
madrid,2024-11-04,58.8
madrid,2024-11-05,51.7
madrid,2024-11-06,55.3
madrid,2024-11-07,56.3
madrid,2024-11-08,58.2
madrid,2024-11-09,36.1
madrid,2024-11-10,24.0
madrid,2024-11-11,43.3
madrid,2024-11-12,55.7
madrid,2024-11-13,54.8
madrid,2024-11-14,58.7
madrid,2024-11-15,52.6
madrid,2024-11-16,34.2
madrid,2024-11-17,46.3
madrid,2024-11-18,39.4
madrid,2024-11-19,73.2
madrid,2024-11-20,53.1
madrid,2024-11-21,57.8
madrid,2024-11-22,43.7
madrid,2024-11-23,39.7
madrid,2024-11-24,30.6
madrid,2024-11-25,59.2
madrid,2024-11-26,39.5
madrid,2024-11-27,55.6
madrid,2024-11-28,61.8
madrid,2024-11-29,53.1
madrid,2024-11-30,39.6
madrid,2024-12-01,39.5
madrid,2024-12-02,61.7
madrid,2024-12-03,68.3
madrid,2024-12-04,56.7
madrid,2024-12-05,55.4
madrid,2024-12-06,55.8
madrid,2024-12-07,30.8
madrid,2024-12-08,9.5
madrid,2024-12-09,53.5
madrid,2024-12-10,44.1
madrid,2024-12-11,68.0
madrid,2024-12-12,68.5
madrid,2024-12-13,69.2
madrid,2024-12-14,28.3
madrid,2024-12-15,22.2
madrid,2024-12-16,49.7
madrid,2024-12-17,70.5
madrid,2024-12-18,49.5
madrid,2024-12-19,39.5
madrid,2024-12-20,63.2
madrid,2024-12-21,42.3
madrid,2024-12-22,43.5
madrid,2024-12-23,63.3
madrid,2024-12-24,64.6
madrid,2024-12-25,55.4
madrid,2024-12-26,38.4
madrid,2024-12-27,55.2
madrid,2024-12-28,35.2
madrid,2024-12-29,29.2
madrid,2024-12-30,53.6
madrid,2024-12-31,47.3
madrid,2025-01-01,47.0
madrid,2025-01-02,69.7
madrid,2025-01-03,70.0
madrid,2025-01-04,30.2
madrid,2025-01-05,37.2
madrid,2025-01-06,50.7
madrid,2025-01-07,60.1
madrid,2025-01-08,70.5
madrid,2025-01-09,42.8
madrid,2025-01-10,58.7
madrid,2025-01-11,34.6
madrid,2025-01-12,34.5
madrid,2025-01-13,68.1
madrid,2025-01-14,71.3
madrid,2025-01-15,53.1
madrid,2025-01-16,60.4
madrid,2025-01-17,55.7
madrid,2025-01-18,25.2
madrid,2025-01-19,32.4
madrid,2025-01-20,68.3
madrid,2025-01-21,70.5
madrid,2025-01-22,61.7
madrid,2025-01-23,62.8
madrid,2025-01-24,51.9
madrid,2025-01-25,25.8
madrid,2025-01-26,35.9
madrid,2025-01-27,72.1
madrid,2025-01-28,64.5
madrid,2025-01-29,61.9
madrid,2025-01-30,50.4
madrid,2025-01-31,67.4
madrid,2025-02-01,28.9
madrid,2025-02-02,30.9
madrid,2025-02-03,53.6
madrid,2025-02-04,64.1
madrid,2025-02-05,64.4
madrid,2025-02-06,63.9
madrid,2025-02-07,64.3
madrid,2025-02-08,23.3
madrid,2025-02-09,45.7
madrid,2025-02-10,62.1
madrid,2025-02-11,56.8
madrid,2025-02-12,70.5
madrid,2025-02-13,50.7
madrid,2025-02-14,66.3
madrid,2025-02-15,42.1
madrid,2025-02-16,22.9
madrid,2025-02-17,59.7
madrid,2025-02-18,61.3
madrid,2025-02-19,75.9
madrid,2025-02-20,49.1
madrid,2025-02-21,73.6
madrid,2025-02-22,30.8
madrid,2025-02-23,20.3
madrid,2025-02-24,54.0
madrid,2025-02-25,55.3
madrid,2025-02-26,46.5
madrid,2025-02-27,66.3
madrid,2025-02-28,62.9
madrid,2025-03-01,39.7
madrid,2025-03-02,33.5
madrid,2025-03-03,67.6
madrid,2025-03-04,68.7
madrid,2025-03-05,70.5
madrid,2025-03-06,77.6
madrid,2025-03-07,70.9
madrid,2025-03-08,26.6
madrid,2025-03-09,33.3
madrid,2025-03-10,70.1
madrid,2025-03-11,77.7
madrid,2025-03-12,67.0
madrid,2025-03-13,82.9
madrid,2025-03-14,57.1
madrid,2025-03-15,38.8
madrid,2025-03-16,26.2
madrid,2025-03-17,72.2
madrid,2025-03-18,60.1
madrid,2025-03-19,68.2
madrid,2025-03-20,93.0
madrid,2025-03-21,71.2
madrid,2025-03-22,30.9
madrid,2025-03-23,38.8
madrid,2025-03-24,58.3
madrid,2025-03-25,47.6
madrid,2025-03-26,72.1
madrid,2025-03-27,63.5
madrid,2025-03-28,57.8
madrid,2025-03-29,27.1
madrid,2025-03-30,27.8
madrid,2025-03-31,67.3
madrid,2025-04-01,57.5
madrid,2025-04-02,39.1
madrid,2025-04-03,88.1
madrid,2025-04-04,70.2
madrid,2025-04-05,33.5
madrid,2025-04-06,38.9
madrid,2025-04-07,58.7
madrid,2025-04-08,61.0
madrid,2025-04-09,51.6
madrid,2025-04-10,45.2
madrid,2025-04-11,66.3
madrid,2025-04-12,49.3
madrid,2025-04-13,32.6
madrid,2025-04-14,55.5
madrid,2025-04-15,78.5
madrid,2025-04-16,58.2
madrid,2025-04-17,51.7
madrid,2025-04-18,65.8
madrid,2025-04-19,34.1
madrid,2025-04-20,21.1
madrid,2025-04-21,51.0
madrid,2025-04-22,59.3
madrid,2025-04-23,56.8
madrid,2025-04-24,64.3
madrid,2025-04-25,70.5
madrid,2025-04-26,42.3
madrid,2025-04-27,37.6
madrid,2025-04-28,53.8
madrid,2025-04-29,50.0
madrid,2025-04-30,68.9
madrid,2025-05-01,73.4
madrid,2025-05-02,75.3
madrid,2025-05-03,36.7
madrid,2025-05-04,32.8
madrid,2025-05-05,75.0
madrid,2025-05-06,65.1
madrid,2025-05-07,62.6
madrid,2025-05-08,67.7
madrid,2025-05-09,51.6
madrid,2025-05-10,31.0
madrid,2025-05-11,24.8
madrid,2025-05-12,57.3
madrid,2025-05-13,59.4
madrid,2025-05-14,57.4
madrid,2025-05-15,55.1
madrid,2025-05-16,56.9
madrid,2025-05-17,23.1
madrid,2025-05-18,33.7
madrid,2025-05-19,53.4
madrid,2025-05-20,49.2
madrid,2025-05-21,55.4
madrid,2025-05-22,58.1
madrid,2025-05-23,48.2
madrid,2025-05-24,28.3
madrid,2025-05-25,34.0
madrid,2025-05-26,48.9
madrid,2025-05-27,41.7
madrid,2025-05-28,42.7
madrid,2025-05-29,51.7
madrid,2025-05-30,44.5
madrid,2025-05-31,27.5
madrid,2025-06-01,44.6
madrid,2025-06-02,44.0
madrid,2025-06-03,57.4
madrid,2025-06-04,72.1
madrid,2025-06-05,58.3
madrid,2025-06-06,52.1
madrid,2025-06-07,29.0
madrid,2025-06-08,33.7
madrid,2025-06-09,71.6
madrid,2025-06-10,50.8
madrid,2025-06-11,62.7
madrid,2025-06-12,44.0
madrid,2025-06-13,55.8
madrid,2025-06-14,19.0
madrid,2025-06-15,26.5
madrid,2025-06-16,47.7
madrid,2025-06-17,63.6
madrid,2025-06-18,50.9
madrid,2025-06-19,58.7
madrid,2025-06-20,42.2
madrid,2025-06-21,31.3
madrid,2025-06-22,20.9
madrid,2025-06-23,51.6
madrid,2025-06-24,74.1
madrid,2025-06-25,62.5
madrid,2025-06-26,54.0
madrid,2025-06-27,80.6
madrid,2025-06-28,22.9
madrid,2025-06-29,39.6
madrid,2025-06-30,43.3
madrid,2025-07-01,53.0
madrid,2025-07-02,44.5
madrid,2025-07-03,59.0
madrid,2025-07-04,55.4
madrid,2025-07-05,27.8
madrid,2025-07-06,39.0
madrid,2025-07-07,50.5
madrid,2025-07-08,57.6
madrid,2025-07-09,61.6
madrid,2025-07-10,43.1
madrid,2025-07-11,49.0
madrid,2025-07-12,30.7
madrid,2025-07-13,35.3
madrid,2025-07-14,66.4
madrid,2025-07-15,53.3
madrid,2025-07-16,52.5
madrid,2025-07-17,48.0
madrid,2025-07-18,57.6
madrid,2025-07-19,27.9
madrid,2025-07-20,28.1
madrid,2025-07-21,54.2
madrid,2025-07-22,59.4
madrid,2025-07-23,50.5
madrid,2025-07-24,48.8
madrid,2025-07-25,58.5
madrid,2025-07-26,6.0
madrid,2025-07-27,25.4
madrid,2025-07-28,45.8
madrid,2025-07-29,64.6
madrid,2025-07-30,51.5
madrid,2025-07-31,50.5
madrid,2025-08-01,58.2
madrid,2025-08-02,25.5
madrid,2025-08-03,27.0
madrid,2025-08-04,55.8
madrid,2025-08-05,51.6
madrid,2025-08-06,51.6
madrid,2025-08-07,46.9
madrid,2025-08-08,45.8
madrid,2025-08-09,30.7
madrid,2025-08-10,32.7
madrid,2025-08-11,43.6
madrid,2025-08-12,61.1
madrid,2025-08-13,61.1
madrid,2025-08-14,62.8
madrid,2025-08-15,57.4
madrid,2025-08-16,35.3
madrid,2025-08-17,47.7
madrid,2025-08-18,52.6
madrid,2025-08-19,46.6
madrid,2025-08-20,42.7
madrid,2025-08-21,69.0
madrid,2025-08-22,69.2
madrid,2025-08-23,22.9
madrid,2025-08-24,24.4
madrid,2025-08-25,52.4
madrid,2025-08-26,64.8
madrid,2025-08-27,44.7
madrid,2025-08-28,39.3
madrid,2025-08-29,72.3
madrid,2025-08-30,32.7
madrid,2025-08-31,33.9
madrid,2025-09-01,53.4
madrid,2025-09-02,58.7
madrid,2025-09-03,42.9
madrid,2025-09-04,48.3
madrid,2025-09-05,55.8
madrid,2025-09-06,12.1
madrid,2025-09-07,27.8
madrid,2025-09-08,52.4
madrid,2025-09-09,52.6
madrid,2025-09-10,50.9
madrid,2025-09-11,47.0
madrid,2025-09-12,40.4
madrid,2025-09-13,31.4
madrid,2025-09-14,27.8
madrid,2025-09-15,44.0
madrid,2025-09-16,55.5
madrid,2025-09-17,52.6
madrid,2025-09-18,51.3
madrid,2025-09-19,38.6
madrid,2025-09-20,35.7
madrid,2025-09-21,20.4
madrid,2025-09-22,55.5
madrid,2025-09-23,48.5
madrid,2025-09-24,51.9
madrid,2025-09-25,64.2
madrid,2025-09-26,59.3
madrid,2025-09-27,39.3
madrid,2025-09-28,40.5
madrid,2025-09-29,58.2
madrid,2025-09-30,40.8
madrid,2025-10-01,52.5
madrid,2025-10-02,53.2
madrid,2025-10-03,64.8
madrid,2025-10-04,26.2
madrid,2025-10-05,32.4
madrid,2025-10-06,56.8
madrid,2025-10-07,64.3
madrid,2025-10-08,53.9
madrid,2025-10-09,61.6
madrid,2025-10-10,41.4
madrid,2025-10-11,17.3
madrid,2025-10-12,12.0
madrid,2025-10-13,68.4
madrid,2025-10-14,60.4
madrid,2025-10-15,62.2
madrid,2025-10-16,49.6
madrid,2025-10-17,50.8
madrid,2025-10-18,29.3
madrid,2025-10-19,41.8
madrid,2025-10-20,68.6
madrid,2025-10-21,65.5
madrid,2025-10-22,57.9
madrid,2025-10-23,67.6
madrid,2025-10-24,54.9
madrid,2025-10-25,28.5
madrid,2025-10-26,30.6
madrid,2025-10-27,47.2
madrid,2025-10-28,55.0
madrid,2025-10-29,59.8
madrid,2025-10-30,65.7
madrid,2025-10-31,59.3
madrid,2025-11-01,41.7
madrid,2025-11-02,17.2
madrid,2025-11-03,70.2
madrid,2025-11-04,42.4
madrid,2025-11-05,59.2
madrid,2025-11-06,52.0
madrid,2025-11-07,79.2
madrid,2025-11-08,32.1
madrid,2025-11-09,28.3
madrid,2025-11-10,48.7
madrid,2025-11-11,44.0
madrid,2025-11-12,64.1
madrid,2025-11-13,75.1
madrid,2025-11-14,79.6
madrid,2025-11-15,41.0
madrid,2025-11-16,9.9
madrid,2025-11-17,53.0
madrid,2025-11-18,58.7
madrid,2025-11-19,52.0
madrid,2025-11-20,50.8
madrid,2025-11-21,46.7
madrid,2025-11-22,37.8
madrid,2025-11-23,33.9
madrid,2025-11-24,60.4
madrid,2025-11-25,49.9
madrid,2025-11-26,56.4
madrid,2025-11-27,44.3
madrid,2025-11-28,54.0
madrid,2025-11-29,10.0
madrid,2025-11-30,22.2
madrid,2025-12-01,52.4
madrid,2025-12-02,77.0
madrid,2025-12-03,48.8
madrid,2025-12-04,47.0
madrid,2025-12-05,56.7
madrid,2025-12-06,44.4
madrid,2025-12-07,31.9
madrid,2025-12-08,60.6
madrid,2025-12-09,53.9
madrid,2025-12-10,64.7
madrid,2025-12-11,55.7
madrid,2025-12-12,49.7
madrid,2025-12-13,36.0
madrid,2025-12-14,17.4
madrid,2025-12-15,71.7
madrid,2025-12-16,69.1
madrid,2025-12-17,53.3
madrid,2025-12-18,41.9
madrid,2025-12-19,50.2
madrid,2025-12-20,40.3
madrid,2025-12-21,36.1
madrid,2025-12-22,57.5
madrid,2025-12-23,48.0
madrid,2025-12-24,54.8
madrid,2025-12-25,44.0
madrid,2025-12-26,55.8
madrid,2025-12-27,34.1
madrid,2025-12-28,33.3
madrid,2025-12-29,47.8
madrid,2025-12-30,52.3
madrid,2025-12-31,59.3
warsaw,2024-01-01,67.1
warsaw,2024-01-02,57.1
warsaw,2024-01-03,84.0
warsaw,2024-01-04,58.7
warsaw,2024-01-05,68.3
warsaw,2024-01-06,24.2
warsaw,2024-01-07,35.5
warsaw,2024-01-08,60.7
warsaw,2024-01-09,50.9
warsaw,2024-01-10,45.3
warsaw,2024-01-11,39.8
warsaw,2024-01-12,51.5
warsaw,2024-01-13,38.8
warsaw,2024-01-14,24.8
warsaw,2024-01-15,66.0
warsaw,2024-01-16,43.2
warsaw,2024-01-17,59.5
warsaw,2024-01-18,52.4
warsaw,2024-01-19,54.4
warsaw,2024-01-20,31.1
warsaw,2024-01-21,20.7
warsaw,2024-01-22,51.7
warsaw,2024-01-23,48.1
warsaw,2024-01-24,58.2
warsaw,2024-01-25,72.2
warsaw,2024-01-26,65.9
warsaw,2024-01-27,14.3
warsaw,2024-01-28,25.7
warsaw,2024-01-29,62.3
warsaw,2024-01-30,48.9
warsaw,2024-01-31,67.8
warsaw,2024-02-01,51.2
warsaw,2024-02-02,64.5
warsaw,2024-02-03,40.2
warsaw,2024-02-04,38.7
warsaw,2024-02-05,57.8
warsaw,2024-02-06,61.2
warsaw,2024-02-07,76.7
warsaw,2024-02-08,50.5
warsaw,2024-02-09,76.6
warsaw,2024-02-10,26.8
warsaw,2024-02-11,37.1
warsaw,2024-02-12,54.6
warsaw,2024-02-13,54.5
warsaw,2024-02-14,48.0
warsaw,2024-02-15,56.8
warsaw,2024-02-16,55.7
warsaw,2024-02-17,40.6
warsaw,2024-02-18,26.3
warsaw,2024-02-19,57.7
warsaw,2024-02-20,65.5
warsaw,2024-02-21,55.3
warsaw,2024-02-22,68.6
warsaw,2024-02-23,67.8
warsaw,2024-02-24,28.9
warsaw,2024-02-25,34.2
warsaw,2024-02-26,68.1
warsaw,2024-02-27,42.0
warsaw,2024-02-28,60.0
warsaw,2024-02-29,63.5
warsaw,2024-03-01,56.2
warsaw,2024-03-02,16.8
warsaw,2024-03-03,33.1
warsaw,2024-03-04,53.8
warsaw,2024-03-05,54.3
warsaw,2024-03-06,46.7
warsaw,2024-03-07,63.0
warsaw,2024-03-08,39.3
warsaw,2024-03-09,23.5
warsaw,2024-03-10,32.7
warsaw,2024-03-11,77.0
warsaw,2024-03-12,65.2
warsaw,2024-03-13,54.0
warsaw,2024-03-14,67.2
warsaw,2024-03-15,44.2
warsaw,2024-03-16,34.2
warsaw,2024-03-17,37.5
warsaw,2024-03-18,54.0
warsaw,2024-03-19,60.6
warsaw,2024-03-20,50.9
warsaw,2024-03-21,65.2
warsaw,2024-03-22,46.1
warsaw,2024-03-23,40.5
warsaw,2024-03-24,30.1
warsaw,2024-03-25,71.6
warsaw,2024-03-26,54.6
warsaw,2024-03-27,65.0
warsaw,2024-03-28,65.9
warsaw,2024-03-29,57.6
warsaw,2024-03-30,36.6
warsaw,2024-03-31,37.1
warsaw,2024-04-01,58.8
warsaw,2024-04-02,50.4
warsaw,2024-04-03,50.4
warsaw,2024-04-04,77.1
warsaw,2024-04-05,51.6
warsaw,2024-04-06,44.9
warsaw,2024-04-07,35.9
warsaw,2024-04-08,49.2
warsaw,2024-04-09,39.0
warsaw,2024-04-10,50.4
warsaw,2024-04-11,71.6
warsaw,2024-04-12,48.4
warsaw,2024-04-13,24.2
warsaw,2024-04-14,29.8
warsaw,2024-04-15,66.9
warsaw,2024-04-16,54.4
warsaw,2024-04-17,54.1
warsaw,2024-04-18,76.5
warsaw,2024-04-19,67.1
warsaw,2024-04-20,30.5
warsaw,2024-04-21,21.1
warsaw,2024-04-22,65.1
warsaw,2024-04-23,55.7
warsaw,2024-04-24,42.6
warsaw,2024-04-25,43.5
warsaw,2024-04-26,46.3
warsaw,2024-04-27,20.3
warsaw,2024-04-28,13.9
warsaw,2024-04-29,46.2
warsaw,2024-04-30,47.6
warsaw,2024-05-01,51.3
warsaw,2024-05-02,68.5
warsaw,2024-05-03,52.9
warsaw,2024-05-04,28.9
warsaw,2024-05-05,34.3
warsaw,2024-05-06,53.7
warsaw,2024-05-07,58.5
warsaw,2024-05-08,57.2
warsaw,2024-05-09,56.0
warsaw,2024-05-10,78.0
warsaw,2024-05-11,37.5
warsaw,2024-05-12,21.6
warsaw,2024-05-13,58.0
warsaw,2024-05-14,48.7
warsaw,2024-05-15,58.6
warsaw,2024-05-16,44.0
warsaw,2024-05-17,46.1
warsaw,2024-05-18,33.2
warsaw,2024-05-19,44.6
warsaw,2024-05-20,59.6
warsaw,2024-05-21,62.4
warsaw,2024-05-22,59.1
warsaw,2024-05-23,70.1
warsaw,2024-05-24,51.0
warsaw,2024-05-25,37.8
warsaw,2024-05-26,38.4
warsaw,2024-05-27,54.5
warsaw,2024-05-28,54.1
warsaw,2024-05-29,69.1
warsaw,2024-05-30,65.3
warsaw,2024-05-31,55.9
warsaw,2024-06-01,41.7
warsaw,2024-06-02,32.2
warsaw,2024-06-03,53.4
warsaw,2024-06-04,67.4
warsaw,2024-06-05,54.7
warsaw,2024-06-06,77.4
warsaw,2024-06-07,75.1
warsaw,2024-06-08,25.5
warsaw,2024-06-09,37.7
warsaw,2024-06-10,71.2
warsaw,2024-06-11,66.9
warsaw,2024-06-12,50.8
warsaw,2024-06-13,60.6
warsaw,2024-06-14,54.2
warsaw,2024-06-15,30.7
warsaw,2024-06-16,26.8
warsaw,2024-06-17,59.9
warsaw,2024-06-18,59.4
warsaw,2024-06-19,79.0
warsaw,2024-06-20,54.9
warsaw,2024-06-21,51.7
warsaw,2024-06-22,36.9
warsaw,2024-06-23,23.9
warsaw,2024-06-24,64.0
warsaw,2024-06-25,63.7
warsaw,2024-06-26,65.1
warsaw,2024-06-27,58.0
warsaw,2024-06-28,64.9
warsaw,2024-06-29,31.1
warsaw,2024-06-30,35.4
warsaw,2024-07-01,51.6
warsaw,2024-07-02,78.9
warsaw,2024-07-03,60.7
warsaw,2024-07-04,49.0
warsaw,2024-07-05,70.9
warsaw,2024-07-06,31.0
warsaw,2024-07-07,24.8
warsaw,2024-07-08,48.6
warsaw,2024-07-09,66.9
warsaw,2024-07-10,70.1
warsaw,2024-07-11,63.6
warsaw,2024-07-12,65.8
warsaw,2024-07-13,42.9
warsaw,2024-07-14,42.3
warsaw,2024-07-15,59.0
warsaw,2024-07-16,73.1
warsaw,2024-07-17,62.8
warsaw,2024-07-18,49.1
warsaw,2024-07-19,60.9
warsaw,2024-07-20,41.9
warsaw,2024-07-21,28.6
warsaw,2024-07-22,52.8
warsaw,2024-07-23,59.6
warsaw,2024-07-24,63.6
warsaw,2024-07-25,50.0
warsaw,2024-07-26,66.1
warsaw,2024-07-27,26.6
warsaw,2024-07-28,38.0
warsaw,2024-07-29,51.5
warsaw,2024-07-30,65.2
warsaw,2024-07-31,61.8
warsaw,2024-08-01,53.1
warsaw,2024-08-02,45.6
warsaw,2024-08-03,32.6
warsaw,2024-08-04,38.7
warsaw,2024-08-05,70.3
warsaw,2024-08-06,60.5
warsaw,2024-08-07,60.3
warsaw,2024-08-08,69.9
warsaw,2024-08-09,58.0
warsaw,2024-08-10,34.0
warsaw,2024-08-11,23.3
warsaw,2024-08-12,75.4
warsaw,2024-08-13,52.7
warsaw,2024-08-14,56.6
warsaw,2024-08-15,59.5
warsaw,2024-08-16,57.2
warsaw,2024-08-17,30.3
warsaw,2024-08-18,35.2
warsaw,2024-08-19,61.4
warsaw,2024-08-20,72.3
warsaw,2024-08-21,55.6
warsaw,2024-08-22,69.0
warsaw,2024-08-23,61.3
warsaw,2024-08-24,35.4
warsaw,2024-08-25,16.4
warsaw,2024-08-26,50.9
warsaw,2024-08-27,71.1
warsaw,2024-08-28,88.2
warsaw,2024-08-29,64.6
warsaw,2024-08-30,63.3
warsaw,2024-08-31,34.6
warsaw,2024-09-01,23.5
warsaw,2024-09-02,64.9
warsaw,2024-09-03,46.2
warsaw,2024-09-04,49.4
warsaw,2024-09-05,44.8
warsaw,2024-09-06,62.8
warsaw,2024-09-07,29.8
warsaw,2024-09-08,31.1
warsaw,2024-09-09,57.6
warsaw,2024-09-10,59.7
warsaw,2024-09-11,49.6
warsaw,2024-09-12,50.6
warsaw,2024-09-13,46.8
warsaw,2024-09-14,33.8
warsaw,2024-09-15,29.2
warsaw,2024-09-16,59.6
warsaw,2024-09-17,60.3
warsaw,2024-09-18,45.8
warsaw,2024-09-19,52.6
warsaw,2024-09-20,69.8
warsaw,2024-09-21,22.4
warsaw,2024-09-22,33.7
warsaw,2024-09-23,55.8
warsaw,2024-09-24,65.4
warsaw,2024-09-25,57.4
warsaw,2024-09-26,51.5
warsaw,2024-09-27,69.3
warsaw,2024-09-28,30.9
warsaw,2024-09-29,29.5
warsaw,2024-09-30,44.4
warsaw,2024-10-01,64.9
warsaw,2024-10-02,77.3
warsaw,2024-10-03,58.7
warsaw,2024-10-04,54.2
warsaw,2024-10-05,30.7
warsaw,2024-10-06,28.6
warsaw,2024-10-07,40.1
warsaw,2024-10-08,49.6
warsaw,2024-10-09,53.2
warsaw,2024-10-10,46.2
warsaw,2024-10-11,59.4
warsaw,2024-10-12,39.6
warsaw,2024-10-13,44.5
warsaw,2024-10-14,56.7
warsaw,2024-10-15,43.6
warsaw,2024-10-16,60.7
warsaw,2024-10-17,56.2
warsaw,2024-10-18,58.4
warsaw,2024-10-19,45.7
warsaw,2024-10-20,23.7
warsaw,2024-10-21,32.0
warsaw,2024-10-22,46.6
warsaw,2024-10-23,58.9
warsaw,2024-10-24,55.2
warsaw,2024-10-25,45.3
warsaw,2024-10-26,18.9
warsaw,2024-10-27,27.4
warsaw,2024-10-28,45.3
warsaw,2024-10-29,62.7
warsaw,2024-10-30,52.8
warsaw,2024-10-31,50.0
warsaw,2024-11-01,48.9
warsaw,2024-11-02,33.6
warsaw,2024-11-03,30.6
warsaw,2024-11-04,56.6
warsaw,2024-11-05,56.4
warsaw,2024-11-06,54.4
warsaw,2024-11-07,47.0
warsaw,2024-11-08,49.2
warsaw,2024-11-09,27.1
warsaw,2024-11-10,46.8
warsaw,2024-11-11,44.2
warsaw,2024-11-12,53.0
warsaw,2024-11-13,57.2
warsaw,2024-11-14,56.4
warsaw,2024-11-15,63.6
warsaw,2024-11-16,28.1
warsaw,2024-11-17,31.2
warsaw,2024-11-18,63.7
warsaw,2024-11-19,83.2
warsaw,2024-11-20,80.0
warsaw,2024-11-21,57.8
warsaw,2024-11-22,57.1
warsaw,2024-11-23,30.6
warsaw,2024-11-24,32.9
warsaw,2024-11-25,48.2
warsaw,2024-11-26,69.9
warsaw,2024-11-27,56.7
warsaw,2024-11-28,68.4
warsaw,2024-11-29,46.2
warsaw,2024-11-30,30.7
warsaw,2024-12-01,15.1
warsaw,2024-12-02,50.3
warsaw,2024-12-03,50.5
warsaw,2024-12-04,58.7
warsaw,2024-12-05,70.3
warsaw,2024-12-06,60.4
warsaw,2024-12-07,41.8
warsaw,2024-12-08,42.7
warsaw,2024-12-09,68.1
warsaw,2024-12-10,69.9
warsaw,2024-12-11,50.2
warsaw,2024-12-12,49.2
warsaw,2024-12-13,60.4
warsaw,2024-12-14,30.2
warsaw,2024-12-15,38.1
warsaw,2024-12-16,66.8
warsaw,2024-12-17,63.7
warsaw,2024-12-18,69.3
warsaw,2024-12-19,50.6
warsaw,2024-12-20,61.3
warsaw,2024-12-21,34.4
warsaw,2024-12-22,22.0
warsaw,2024-12-23,48.6
warsaw,2024-12-24,49.7
warsaw,2024-12-25,59.5
warsaw,2024-12-26,52.3
warsaw,2024-12-27,56.2
warsaw,2024-12-28,18.6
warsaw,2024-12-29,49.2
warsaw,2024-12-30,55.6
warsaw,2024-12-31,59.0
warsaw,2025-01-01,50.7
warsaw,2025-01-02,56.4
warsaw,2025-01-03,84.1
warsaw,2025-01-04,15.2
warsaw,2025-01-05,32.9
warsaw,2025-01-06,57.4
warsaw,2025-01-07,64.4
warsaw,2025-01-08,55.9
warsaw,2025-01-09,60.9
warsaw,2025-01-10,58.3
warsaw,2025-01-11,17.3
warsaw,2025-01-12,31.8
warsaw,2025-01-13,54.3
warsaw,2025-01-14,57.9
warsaw,2025-01-15,72.3
warsaw,2025-01-16,50.2
warsaw,2025-01-17,53.1
warsaw,2025-01-18,25.5
warsaw,2025-01-19,29.6
warsaw,2025-01-20,65.5
warsaw,2025-01-21,74.8
warsaw,2025-01-22,61.0
warsaw,2025-01-23,64.0
warsaw,2025-01-24,69.3
warsaw,2025-01-25,32.8
warsaw,2025-01-26,43.6
warsaw,2025-01-27,61.3
warsaw,2025-01-28,56.2
warsaw,2025-01-29,59.2
warsaw,2025-01-30,40.4
warsaw,2025-01-31,60.4
warsaw,2025-02-01,18.4
warsaw,2025-02-02,21.9
warsaw,2025-02-03,56.5
warsaw,2025-02-04,46.6
warsaw,2025-02-05,54.9
warsaw,2025-02-06,58.3
warsaw,2025-02-07,60.3
warsaw,2025-02-08,23.0
warsaw,2025-02-09,37.4
warsaw,2025-02-10,54.3
warsaw,2025-02-11,58.5
warsaw,2025-02-12,45.4
warsaw,2025-02-13,54.4
warsaw,2025-02-14,66.5
warsaw,2025-02-15,40.0
warsaw,2025-02-16,24.6
warsaw,2025-02-17,50.6
warsaw,2025-02-18,47.1
warsaw,2025-02-19,50.0
warsaw,2025-02-20,46.0
warsaw,2025-02-21,53.9
warsaw,2025-02-22,35.3
warsaw,2025-02-23,24.0
warsaw,2025-02-24,54.3
warsaw,2025-02-25,53.2
warsaw,2025-02-26,63.4
warsaw,2025-02-27,51.8
warsaw,2025-02-28,57.5
warsaw,2025-03-01,28.0
warsaw,2025-03-02,21.1
warsaw,2025-03-03,59.2
warsaw,2025-03-04,53.9
warsaw,2025-03-05,55.4
warsaw,2025-03-06,65.2
warsaw,2025-03-07,65.7
warsaw,2025-03-08,17.1
warsaw,2025-03-09,35.4
warsaw,2025-03-10,56.8
warsaw,2025-03-11,51.3
warsaw,2025-03-12,71.4
warsaw,2025-03-13,54.9
warsaw,2025-03-14,71.9
warsaw,2025-03-15,34.4
warsaw,2025-03-16,23.5
warsaw,2025-03-17,54.7
warsaw,2025-03-18,41.4
warsaw,2025-03-19,52.5
warsaw,2025-03-20,51.1
warsaw,2025-03-21,44.4
warsaw,2025-03-22,38.0
warsaw,2025-03-23,43.9
warsaw,2025-03-24,55.3
warsaw,2025-03-25,52.6
warsaw,2025-03-26,60.1
warsaw,2025-03-27,55.4
warsaw,2025-03-28,46.3
warsaw,2025-03-29,25.0
warsaw,2025-03-30,30.9
warsaw,2025-03-31,58.9
warsaw,2025-04-01,55.9
warsaw,2025-04-02,56.7
warsaw,2025-04-03,42.8
warsaw,2025-04-04,61.1
warsaw,2025-04-05,31.6
warsaw,2025-04-06,50.7
warsaw,2025-04-07,60.1
warsaw,2025-04-08,57.9
warsaw,2025-04-09,87.3
warsaw,2025-04-10,59.3
warsaw,2025-04-11,68.2
warsaw,2025-04-12,22.4
warsaw,2025-04-13,42.5
warsaw,2025-04-14,45.7
warsaw,2025-04-15,61.7
warsaw,2025-04-16,52.6
warsaw,2025-04-17,53.5
warsaw,2025-04-18,43.9
warsaw,2025-04-19,41.0
warsaw,2025-04-20,28.0
warsaw,2025-04-21,45.3
warsaw,2025-04-22,65.0
warsaw,2025-04-23,51.0
warsaw,2025-04-24,65.1
warsaw,2025-04-25,75.5
warsaw,2025-04-26,34.0
warsaw,2025-04-27,12.7
warsaw,2025-04-28,60.6
warsaw,2025-04-29,54.2
warsaw,2025-04-30,52.4
warsaw,2025-05-01,54.1
warsaw,2025-05-02,42.7
warsaw,2025-05-03,39.3
warsaw,2025-05-04,26.0
warsaw,2025-05-05,53.3
warsaw,2025-05-06,56.3
warsaw,2025-05-07,63.6
warsaw,2025-05-08,48.4
warsaw,2025-05-09,73.8
warsaw,2025-05-10,45.4
warsaw,2025-05-11,30.3
warsaw,2025-05-12,46.1
warsaw,2025-05-13,46.5
warsaw,2025-05-14,70.9
warsaw,2025-05-15,56.0
warsaw,2025-05-16,78.3
warsaw,2025-05-17,32.4
warsaw,2025-05-18,26.2
warsaw,2025-05-19,56.9
warsaw,2025-05-20,51.2
warsaw,2025-05-21,55.1
warsaw,2025-05-22,76.6
warsaw,2025-05-23,60.1
warsaw,2025-05-24,31.2
warsaw,2025-05-25,31.9
warsaw,2025-05-26,54.4
warsaw,2025-05-27,58.1
warsaw,2025-05-28,56.3
warsaw,2025-05-29,75.9
warsaw,2025-05-30,59.8
warsaw,2025-05-31,30.6
warsaw,2025-06-01,42.6
warsaw,2025-06-02,53.2
warsaw,2025-06-03,70.7
warsaw,2025-06-04,56.4
warsaw,2025-06-05,66.7
warsaw,2025-06-06,53.1
warsaw,2025-06-07,51.0
warsaw,2025-06-08,51.2
warsaw,2025-06-09,66.4
warsaw,2025-06-10,73.1
warsaw,2025-06-11,52.3
warsaw,2025-06-12,43.6
warsaw,2025-06-13,52.7
warsaw,2025-06-14,30.6
warsaw,2025-06-15,28.7
warsaw,2025-06-16,55.6
warsaw,2025-06-17,64.2
warsaw,2025-06-18,74.2
warsaw,2025-06-19,65.5
warsaw,2025-06-20,64.2
warsaw,2025-06-21,32.1
warsaw,2025-06-22,23.7
warsaw,2025-06-23,68.2
warsaw,2025-06-24,72.1
warsaw,2025-06-25,65.1
warsaw,2025-06-26,54.1
warsaw,2025-06-27,77.6
warsaw,2025-06-28,39.8
warsaw,2025-06-29,26.2
warsaw,2025-06-30,52.9
warsaw,2025-07-01,51.0
warsaw,2025-07-02,55.6
warsaw,2025-07-03,63.8
warsaw,2025-07-04,48.6
warsaw,2025-07-05,39.0
warsaw,2025-07-06,31.1
warsaw,2025-07-07,87.4
warsaw,2025-07-08,71.3
warsaw,2025-07-09,68.0
warsaw,2025-07-10,63.2
warsaw,2025-07-11,58.6
warsaw,2025-07-12,21.0
warsaw,2025-07-13,30.1
warsaw,2025-07-14,54.6
warsaw,2025-07-15,43.1
warsaw,2025-07-16,68.2
warsaw,2025-07-17,40.4
warsaw,2025-07-18,56.9
warsaw,2025-07-19,39.0
warsaw,2025-07-20,38.6
warsaw,2025-07-21,52.0
warsaw,2025-07-22,68.1
warsaw,2025-07-23,50.9
warsaw,2025-07-24,56.5
warsaw,2025-07-25,58.5
warsaw,2025-07-26,24.3
warsaw,2025-07-27,40.0
warsaw,2025-07-28,70.8
warsaw,2025-07-29,58.9
warsaw,2025-07-30,74.4
warsaw,2025-07-31,62.4
warsaw,2025-08-01,55.8
warsaw,2025-08-02,28.8
warsaw,2025-08-03,30.0
warsaw,2025-08-04,61.3
warsaw,2025-08-05,63.3
warsaw,2025-08-06,52.9
warsaw,2025-08-07,50.7
warsaw,2025-08-08,48.2
warsaw,2025-08-09,16.2
warsaw,2025-08-10,27.8
warsaw,2025-08-11,62.0
warsaw,2025-08-12,56.6
warsaw,2025-08-13,67.5
warsaw,2025-08-14,61.0
warsaw,2025-08-15,59.2
warsaw,2025-08-16,45.3
warsaw,2025-08-17,29.5
warsaw,2025-08-18,61.6
warsaw,2025-08-19,54.9
warsaw,2025-08-20,68.5
warsaw,2025-08-21,55.0
warsaw,2025-08-22,49.8
warsaw,2025-08-23,37.1
warsaw,2025-08-24,24.5
warsaw,2025-08-25,73.0
warsaw,2025-08-26,60.0
warsaw,2025-08-27,53.5
warsaw,2025-08-28,59.5
warsaw,2025-08-29,43.1
warsaw,2025-08-30,32.5
warsaw,2025-08-31,28.2
warsaw,2025-09-01,77.9
warsaw,2025-09-02,56.2
warsaw,2025-09-03,53.5
warsaw,2025-09-04,44.0
warsaw,2025-09-05,75.1
warsaw,2025-09-06,35.0
warsaw,2025-09-07,26.0
warsaw,2025-09-08,59.3
warsaw,2025-09-09,62.9
warsaw,2025-09-10,60.1
warsaw,2025-09-11,68.9
warsaw,2025-09-12,56.3
warsaw,2025-09-13,32.7
warsaw,2025-09-14,40.5
warsaw,2025-09-15,58.7
warsaw,2025-09-16,64.3
warsaw,2025-09-17,56.3
warsaw,2025-09-18,49.3
warsaw,2025-09-19,60.2
warsaw,2025-09-20,36.3
warsaw,2025-09-21,16.0
warsaw,2025-09-22,41.0
warsaw,2025-09-23,66.5
warsaw,2025-09-24,67.2
warsaw,2025-09-25,44.9
warsaw,2025-09-26,55.8
warsaw,2025-09-27,27.1
warsaw,2025-09-28,28.6
warsaw,2025-09-29,59.9
warsaw,2025-09-30,49.3
warsaw,2025-10-01,47.0
warsaw,2025-10-02,52.6
warsaw,2025-10-03,53.8
warsaw,2025-10-04,28.5
warsaw,2025-10-05,41.3
warsaw,2025-10-06,57.7
warsaw,2025-10-07,53.6
warsaw,2025-10-08,57.3
warsaw,2025-10-09,54.5
warsaw,2025-10-10,69.1
warsaw,2025-10-11,25.8
warsaw,2025-10-12,23.9
warsaw,2025-10-13,53.1
warsaw,2025-10-14,56.6
warsaw,2025-10-15,45.1
warsaw,2025-10-16,45.8
warsaw,2025-10-17,57.6
warsaw,2025-10-18,31.8
warsaw,2025-10-19,18.6
warsaw,2025-10-20,62.7
warsaw,2025-10-21,49.9
warsaw,2025-10-22,77.9
warsaw,2025-10-23,65.1
warsaw,2025-10-24,71.1
warsaw,2025-10-25,28.6
warsaw,2025-10-26,16.6
warsaw,2025-10-27,51.4
warsaw,2025-10-28,67.5
warsaw,2025-10-29,59.0
warsaw,2025-10-30,42.1
warsaw,2025-10-31,54.6
warsaw,2025-11-01,21.3
warsaw,2025-11-02,33.0
warsaw,2025-11-03,68.6
warsaw,2025-11-04,60.9
warsaw,2025-11-05,63.5
warsaw,2025-11-06,58.7
warsaw,2025-11-07,61.9
warsaw,2025-11-08,27.4
warsaw,2025-11-09,53.7
warsaw,2025-11-10,47.4
warsaw,2025-11-11,59.0
warsaw,2025-11-12,62.2
warsaw,2025-11-13,61.0
warsaw,2025-11-14,59.2
warsaw,2025-11-15,37.0
warsaw,2025-11-16,21.1
warsaw,2025-11-17,71.6
warsaw,2025-11-18,53.9
warsaw,2025-11-19,65.0
warsaw,2025-11-20,39.0
warsaw,2025-11-21,57.1
warsaw,2025-11-22,25.7
warsaw,2025-11-23,40.4
warsaw,2025-11-24,62.5
warsaw,2025-11-25,71.7
warsaw,2025-11-26,60.3
warsaw,2025-11-27,55.1
warsaw,2025-11-28,53.6
warsaw,2025-11-29,34.2
warsaw,2025-11-30,38.2
warsaw,2025-12-01,56.8
warsaw,2025-12-02,44.8
warsaw,2025-12-03,55.9
warsaw,2025-12-04,89.6
warsaw,2025-12-05,68.2
warsaw,2025-12-06,7.1
warsaw,2025-12-07,30.8
warsaw,2025-12-08,62.5
warsaw,2025-12-09,66.5
warsaw,2025-12-10,57.4
warsaw,2025-12-11,59.7
warsaw,2025-12-12,60.0
warsaw,2025-12-13,21.5
warsaw,2025-12-14,40.2
warsaw,2025-12-15,54.6
warsaw,2025-12-16,47.5
warsaw,2025-12-17,64.0
warsaw,2025-12-18,42.6
warsaw,2025-12-19,50.6
warsaw,2025-12-20,26.6
warsaw,2025-12-21,47.4
warsaw,2025-12-22,49.5
warsaw,2025-12-23,38.0
warsaw,2025-12-24,50.3
warsaw,2025-12-25,58.6
warsaw,2025-12-26,61.3
warsaw,2025-12-27,49.1
warsaw,2025-12-28,41.7
warsaw,2025-12-29,60.9
warsaw,2025-12-30,61.6
warsaw,2025-12-31,75.1
